<Database>
	<!-- Oncology Mod by Sleepy068 -->
	<GameDBStringTable ID="LOC_KR_ADDON_ONCOLOGYSL_DIAGNOSES">
	<LanguageCode>kr</LanguageCode>
	<LanguageNameLocalized>한국어</LanguageNameLocalized>
	<Contributors>
	<Name>LimeCake</Name>
	</Contributors>

	<LocalizedStrings>
		
        <!-- Diagnoses - Skin Cancer -->
		
        <GameDBLocalizedString>      
		<LocID>DIA_ONCO_SC1_1</LocID>                         
		<Text>기저세포암 (1기)</Text>	
		</GameDBLocalizedString>
		
        <GameDBLocalizedString>      
		<LocID>DIA_ONCO_SC1_1_DESC</LocID>             
		<Text>[Basal Cell Cancer]\n피부암인 기저세포암은 가장 흔한 형태의 암 중 하나이다. 표피의 기저세포층(피부 상층)에서 시작하여 매우 느리게 성장하며, 드물게 전이되는 비흑색종 피부암이다.\n\n1기에서 종양은 대략 2cm 이하이며 진피로 퍼졌을 수 있다.</Text>	
		</GameDBLocalizedString>

        <GameDBLocalizedString>      
		<LocID>DIA_ONCO_SC1_2</LocID>                         
		<Text>기저세포암 (2기)</Text>	
		</GameDBLocalizedString>
		
        <GameDBLocalizedString>      
		<LocID>DIA_ONCO_SC1_2_DESC</LocID>             
		<Text>[Basal Cell Cancer]\n피부암인 기저세포암은 가장 흔한 형태의 암 중 하나이다. 표피의 기저세포층(피부 상층)에서 시작하여 매우 느리게 성장하며, 드물게 전이되는 비흑색종 피부암이다.\n\n2기에서 종양은 2cm보다 크며 진피로 퍼졌을 수 있다. 신경 침범 등 위험성이 높다.</Text>	
		</GameDBLocalizedString>
		
        <GameDBLocalizedString>      
		<LocID>DIA_ONCO_SC1_3</LocID>                         
		<Text>기저세포암 (3기)</Text>	
		</GameDBLocalizedString>
		
        <GameDBLocalizedString>      
		<LocID>DIA_ONCO_SC1_3_DESC</LocID>             
		<Text>[Basal Cell Cancer]\n피부암인 기저세포암은 가장 흔한 형태의 암 중 하나이다. 표피의 기저세포층(피부 상층)에서 시작하여 매우 느리게 성장하며, 드물게 전이되는 비흑색종 피부암이다.\n\n3기에서 암은 기존 종양 근처 뿐이 아닌 근육, 뼈, 연골, 림프절 등으로 퍼진다.</Text>	
		</GameDBLocalizedString>

        <GameDBLocalizedString>      
		<LocID>DIA_ONCO_SC1_4</LocID>                         
		<Text>기저세포암 (4기)</Text>	
		</GameDBLocalizedString>
		
        <GameDBLocalizedString>      
		<LocID>DIA_ONCO_SC1_4_DESC</LocID>             
		<Text>[Basal Cell Cancer]\n피부암인 기저세포암은 가장 흔한 형태의 암 중 하나이다. 표피의 기저세포층(피부 상층)에서 시작하여 매우 느리게 성장하며, 드물게 전이되는 비흑색종 피부암이다.\n\n4기에서 암은 뇌나 폐와 같은 피부 외부의 먼 영역으로 전이되거나, 골격에 침범한다.</Text>	
		</GameDBLocalizedString>
		
		<GameDBLocalizedString>      
		<LocID>DIA_ONCO_SC2_1</LocID>                         
		<Text>편평세포암 (1기)</Text>	
		</GameDBLocalizedString>

        <GameDBLocalizedString>      
		<LocID>DIA_ONCO_SC2_1_DESC</LocID>             
		<Text>[Squamous Cell Carcinoma]\n피부암인 편평세포암은 피부의 중외층을 구성하는 편평세포에서 생기는 흔항 형태의 암이다.\n\n1기에서 종양은 대략 2cm 이하이며 진피로 펴졌을 수 있다.</Text>	
		</GameDBLocalizedString>
		
		<GameDBLocalizedString>      
		<LocID>DIA_ONCO_SC2_2</LocID>                         
		<Text>편평세포암 (2기)</Text>	
		</GameDBLocalizedString>
		
        <GameDBLocalizedString>      
		<LocID>DIA_ONCO_SC2_2_DESC</LocID>             
		<Text>[Squamous Cell Carcinoma]\n피부암인 편평세포암은 피부의 중외층을 구성하는 편평세포에서 생기는 흔항 형태의 암이다.\n\n2기에서 종양은 2cm보다 크며 진피로 퍼졌을 수 있다. 신경 침범 등 위험성이 높다.</Text>	
		</GameDBLocalizedString>
		
		<GameDBLocalizedString>      
		<LocID>DIA_ONCO_SC2_3</LocID>                         
		<Text>편평세포암 (3기)</Text>	
		</GameDBLocalizedString>
		
        <GameDBLocalizedString>      
		<LocID>DIA_ONCO_SC2_3_DESC</LocID>             
		<Text>[Squamous Cell Carcinoma]\n피부암인 편평세포암은 피부의 중외층을 구성하는 편평세포에서 생기는 흔항 형태의 암이다.\n\n3기에서 암은 기존 종양 근처 뿐이 아닌 근육, 뼈, 연골, 림프절 등으로 퍼진다.</Text>	
		</GameDBLocalizedString>

		<GameDBLocalizedString>      
		<LocID>DIA_ONCO_SC2_4</LocID>                         
		<Text>편평세포암 (4기)</Text>	
		</GameDBLocalizedString>
		
        <GameDBLocalizedString>      
		<LocID>DIA_ONCO_SC2_4_DESC</LocID>             
		<Text>[Squamous Cell Carcinoma]\n피부암인 편평세포암은 피부의 중외층을 구성하는 편평세포에서 생기는 흔항 형태의 암이다.\n\n4기에서 암은 뇌나 폐와 같은 피부 외부의 먼 영역으로 전이되거나, 골격에 침범한다.</Text>	
		</GameDBLocalizedString>

		<GameDBLocalizedString>      
		<LocID>DIA_ONCO_SC3_1</LocID>                         
		<Text>흑색종 (1기)</Text>	
		</GameDBLocalizedString>
		
        <GameDBLocalizedString>      
		<LocID>DIA_ONCO_SC3_1_DESC</LocID>             
		<Text>[Melanoma]\n흑색종은 피부의 색소 세포가 돌연변이를 일으켜 통제 불가능하게 자라기 시작할 때 발생한다.\n\n1기에서 암은 피부 깊숙이 퍼졌지만 림프절이나 신체의 다른 부위에는 퍼지지 않았다.</Text>	
		</GameDBLocalizedString>
		
		<GameDBLocalizedString>      
		<LocID>DIA_ONCO_SC3_2</LocID>                         
		<Text>흑색종 (2기)</Text>	
		</GameDBLocalizedString>
		
        <GameDBLocalizedString>      
		<LocID>DIA_ONCO_SC3_2_DESC</LocID>             
		<Text>[Melanoma]\n흑색종은 피부의 색소 세포가 돌연변이를 일으켜 통제 불가능하게 자라기 시작할 때 발생한다.\n\n2기 흑색종은 더 두꺼워 표피를 거쳐 진피 속으로 뻗어나간다. 확산 가능성이 더 높다.</Text>	
		</GameDBLocalizedString>

		<GameDBLocalizedString>      
		<LocID>DIA_ONCO_SC3_3</LocID>                         
		<Text>흑색종 (3기)</Text>	
		</GameDBLocalizedString>
		
        <GameDBLocalizedString>      
		<LocID>DIA_ONCO_SC3_3_DESC</LocID>             
		<Text>[Melanoma]\n흑색종은 피부의 색소 세포가 돌연변이를 일으켜 통제 불가능하게 자라기 시작할 때 발생한다.\n\n3기 흑색종은 림프절를 통해 해당 림프계에 퍼진다. 먼 림프절이나 장기에는 퍼지지 않았다.</Text>	
		</GameDBLocalizedString>
		
		<GameDBLocalizedString>      
		<LocID>DIA_ONCO_SC3_4</LocID>                         
		<Text>흑색종 (4기)</Text>	
		</GameDBLocalizedString>
		
        <GameDBLocalizedString>      
		<LocID>DIA_ONCO_SC3_4_DESC</LocID>             
		<Text>[Melanoma]\n흑색종은 피부의 색소 세포가 돌연변이를 일으켜 통제 불가능하게 자라기 시작할 때 발생한다.\n\n4기에서 흑색종은 혈류를 통해 먼 피부나 연조직, 림프절이나 장기같은 신체의 다른 부분으로 퍼진다.</Text>	
		</GameDBLocalizedString>
		
		<!-- Diagnoses - Adrenal Gland Cancer -->
		
		<GameDBLocalizedString>      
		<LocID>DIA_ONCO_AGC1_0</LocID>                         
		<Text>갈색세포종 (국소 단계)</Text>	
		</GameDBLocalizedString>
		
        <GameDBLocalizedString>      
		<LocID>DIA_ONCO_AGC1_0_DESC</LocID>             
		<Text>[Pheochromocytoma - Localised]\n갈색세포종은 부신조직의 희귀종양이다. 이는 심박수, 신진대사, 혈압 조절 호르몬인 카테콜라민을 과다하게 분비시킨다.\n\n국소 단계의 종양은 하나 또는 둘 다의 부신수질의 초기에 검출된다.</Text>	
		</GameDBLocalizedString>
		
		<GameDBLocalizedString>      
		<LocID>DIA_ONCO_AGC1_1</LocID>                         
		<Text>갈색세포종 (지역 단계)</Text>	
		</GameDBLocalizedString>
		
        <GameDBLocalizedString>      
		<LocID>DIA_ONCO_AGC1_1_DESC</LocID>             
		<Text>[Pheochromocytoma - Regional]\n갈색세포종은 부신조직의 희귀종양이다. 이는 심박수, 신진대사, 혈압 조절 호르몬인 카테콜라민을 과다하게 분비시킨다.\n\n지역 단계의 종양은 시작된 곳에서 주변 조직 또는 림프절로 전이된다.</Text>	
		</GameDBLocalizedString>
		
		<GameDBLocalizedString>      
		<LocID>DIA_ONCO_AGC1_2</LocID>                         
		<Text>갈색세포종 (전이 단계)</Text>	
		</GameDBLocalizedString>
		
        <GameDBLocalizedString>      
		<LocID>DIA_ONCO_AGC1_2_DESC</LocID>             
		<Text>[Pheochromocytoma - Metastatic]\n갈색세포종은 부신조직의 희귀종양이다. 이는 심박수, 신진대사, 혈압 조절 호르몬인 카테콜라민을 과다하게 분비시킨다.\n\n전이 단계의 암은 종양이 시작된 곳에서 신체의 먼 곳으로 전이된다.</Text>	
		</GameDBLocalizedString>
		
		<!-- Diagnoses - Lung Cancer -->
		
		<GameDBLocalizedString>      
		<LocID>DIA_ONCO_LC_0</LocID>                         
		<Text>비소세포폐암 (국소 단계)</Text>	
		</GameDBLocalizedString>
		
        <GameDBLocalizedString>      
		<LocID>DIA_ONCO_LC_0_DESC</LocID>             
		<Text>[Non-Small Cell Lung Cancer - Localised]\n비소세포폐암은 폐의 건강한 세포가 변화하여 통제불능으로 성장하여 종양, 병변 또는 결절 덩어리가 되며 시작한다. 폐종양은 폐의 어느 곳에서든 발견될 수 있다.\n\n국소 단계의 암은 폐에서 발견되지만, 림프절이나 먼 장기까지는 진행되지 않았다.</Text>	
		</GameDBLocalizedString>
		
		<GameDBLocalizedString>      
		<LocID>DIA_ONCO_LC_1</LocID>                         
		<Text>비소세포폐암 (지역 단계)</Text>	
		</GameDBLocalizedString>
		
        <GameDBLocalizedString>      
		<LocID>DIA_ONCO_LC_1_DESC</LocID>             
		<Text>[Non-Small Cell Lung Cancer - Regional]\n비소세포폐암은 폐의 건강한 세포가 변화하여 통제불능으로 성장하여 종양, 병변 또는 결절 덩어리가 되며 시작한다. 폐종양은 폐의 어느 곳에서든 발견될 수 있다.\n\n지역 단계의 암은 폐에서 가까운 림프절까지 진행되었다.</Text>	
		</GameDBLocalizedString>
		
		<GameDBLocalizedString>      
		<LocID>DIA_ONCO_LC_2</LocID>                         
		<Text>비소세포폐암 (전이 단계)</Text>	
		</GameDBLocalizedString>
		
        <GameDBLocalizedString>      
		<LocID>DIA_ONCO_LC_2_DESC</LocID>             
		<Text>[Non-Small Cell Lung Cancer - Metastatic]\n비소세포폐암은 폐의 건강한 세포가 변화하여 통제불능으로 성장하여 종양, 병변 또는 결절 덩어리가 되며 시작한다. 폐종양은 폐의 어느 곳에서든 발견될 수 있다.\n\n전이 단계의 암은 폐에서 가까운 림프절까지 더욱 진행되었다.</Text>	
		</GameDBLocalizedString>
		
		<GameDBLocalizedString>      
		<LocID>DIA_ONCO_LC1_0</LocID>                         
		<Text>소세포폐암 (제한성 단계)</Text>	
		</GameDBLocalizedString>
		
        <GameDBLocalizedString>      
		<LocID>DIA_ONCO_LC1_0_DESC</LocID>             
		<Text>[Small Cell Lung Cancer - Limited]\n소세포폐암은 폐의 건강한 세포가 변화하여 통제불능으로 성장하여 종양, 병변 또는 결절 덩어리가 되며 시작한다. 소세포폐암은 폐의 신경세포나 호르몬 생성세포에서 시작된다.\n\n제한성 단계는 암이 가슴의 한 부분에만 있다는 것을 의미한다.</Text>	
		</GameDBLocalizedString>
		
		<GameDBLocalizedString>      
		<LocID>DIA_ONCO_LC1_1</LocID>                         
		<Text>소세포폐암 (확장성 단계)</Text>	
		</GameDBLocalizedString>
		
        <GameDBLocalizedString>      
		<LocID>DIA_ONCO_LC1_1_DESC</LocID>             
		<Text>[Small Cell Lung Cancer - Extensive]\n소세포폐암은 폐의 건강한 세포가 변화하여 통제불능으로 성장하여 종양, 병변 또는 결절 덩어리가 되며 시작한다. 소세포폐암은 폐의 신경세포나 호르몬 생성세포에서 시작된다.\n\n확장성 단계는 다른 폐, 뼈, 뇌 또는 골수와 같이 다른 신체 일부에 퍼졌거나, 폐 주위에 액체로 퍼진 것을 의미한다.</Text>	
		</GameDBLocalizedString>
		
		<!-- -->
		
		<GameDBLocalizedString>      
		<LocID>DIA_ONCO_BC1_0</LocID>                         
		<Text>대장암 (국소 단계)</Text>	
		</GameDBLocalizedString>
		
        <GameDBLocalizedString>      
		<LocID>DIA_ONCO_BC1_0_DESC</LocID>             
		<Text>[Colorectal Adenocarcinoma - Localised]\n대장암은 대장에 생기는 암을 지칭한다. 대부분 선암으로 대장 점막의 선세포에서 발생한다. 선종이라고 불리는 특정한 형태의 조직은 암으로 발전할 수도 있다.\n\n국소 단계에서, 암은 장벽에 국한되거나 장벽의 외부 표면으로 퍼졌을 수 있다.</Text>	
		</GameDBLocalizedString>
		
		<GameDBLocalizedString>      
		<LocID>DIA_ONCO_BC1_1</LocID>                         
		<Text>대장암 (지역 단계)</Text>	
		</GameDBLocalizedString>
		
        <GameDBLocalizedString>      
		<LocID>DIA_ONCO_BC1_1_DESC</LocID>             
		<Text>[Colorectal Adenocarcinoma - Regional]\n대장암은 대장에 생기는 암을 지칭한다. 대부분 선암으로 대장 점막의 선세포에서 발생한다. 선종이라고 불리는 특정한 형태의 조직은 암으로 발전할 수도 있다.\n\n지역 단계에서, 암은 장 근처의 림프절로 퍼졌다.</Text>	
		</GameDBLocalizedString>
		
		<GameDBLocalizedString>      
		<LocID>DIA_ONCO_BC1_2</LocID>                         
		<Text>대장암 (전이 단계)</Text>	
		</GameDBLocalizedString>
		
        <GameDBLocalizedString>      
		<LocID>DIA_ONCO_BC1_2_DESC</LocID>             
		<Text>[Colorectal Adenocarcinoma - Metastatic]\n대장암은 대장에 생기는 암을 지칭한다. 대부분 선암으로 대장 점막의 선세포에서 발생한다. 선종이라고 불리는 특정한 형태의 조직은 암으로 발전할 수도 있다.\n\n전이 단계에서, 암은 신체 먼 곳에서 발견되어 퍼졌다.</Text>	
		</GameDBLocalizedString>
		
		<GameDBLocalizedString>      
		<LocID>DIA_ONCO_AGC2_0</LocID>                         
		<Text>부신암 (국소 단계)</Text>	
		</GameDBLocalizedString>
		
        <GameDBLocalizedString>      
		<LocID>DIA_ONCO_AGC2_0_DESC</LocID>             
		<Text>[Adrenocortical Carcinoma - Localised]\n부신암은 부신 외층에 암세포가 형성되는 희귀 질환이다.\n\n국소적 단계의 종양은 5cm 이하이며 부신에서만 발견된다.</Text>	
		</GameDBLocalizedString>
		
		<GameDBLocalizedString>      
		<LocID>DIA_ONCO_AGC2_1</LocID>                         
		<Text>부신암 (지역 단계)</Text>	
		</GameDBLocalizedString>
		
        <GameDBLocalizedString>      
		<LocID>DIA_ONCO_AGC2_1_DESC</LocID>             
		<Text>[Adrenocortical Carcinoma - Regional]\n부신암은 부신 외층에 암세포가 형성되는 희귀 질환이다.\n\n지역적 단계의 종양은 근처 림프절, 조직, 기관, 또는 큰 혈관으로 퍼져 있다.</Text>	
		</GameDBLocalizedString>
		
		<GameDBLocalizedString>      
		<LocID>DIA_ONCO_AGC2_2</LocID>                         
		<Text>부신암 (전이 단계)</Text>	
		</GameDBLocalizedString>
		
        <GameDBLocalizedString>      
		<LocID>DIA_ONCO_AGC2_2_DESC</LocID>             
		<Text>[Adrenocortical Carcinoma - Metastatic]\n부신암은 부신 외층에 암세포가 형성되는 희귀 질환이다.\n\n전이 단계의 종양은 근처 림프절로 퍼졌을 수 있으며, 폐나 뼈 또는 복막 같은 신체의 다른 부분으로 펴져 있다.</Text>	
		</GameDBLocalizedString>
		
		<GameDBLocalizedString>      
		<LocID>DIA_ONCO_MC001_0</LocID>                         
		<Text>신경내분비종양 (제한성 단계)</Text>	
		</GameDBLocalizedString>
		
        <GameDBLocalizedString>      
		<LocID>DIA_ONCO_MC001_0_DESC</LocID>             
		<Text>[Neuroendocrine Tumours - Limited]\n신경내분비종양은 내분비 세포와 신경계 세포에서 발생하게 된다. 대부분 양성인 반면 일부는 악성인 경우도 있다. 이것들은 장에서 가장 흔하게 발생하는데, 흔히 발암성 종양이라고도 불린다. 췌장이나 폐, 혹은 신체의 나머지 부분에서도 발견된다.\n\n제한성 단계에서 종양은 4cm보다 작고, 맹장과 복벽을 연결하는 막까지 성장했다.</Text>	
		</GameDBLocalizedString>
		
		<GameDBLocalizedString>      
		<LocID>DIA_ONCO_MC001_1</LocID>                         
		<Text>신경내분비종양 (확장성 단계)</Text>	
		</GameDBLocalizedString>
		
        <GameDBLocalizedString>      
		<LocID>DIA_ONCO_MC001_1_DESC</LocID>             
		<Text>[Neuroendocrine Tumours - Extensive]\n신경내분비종양은 내분비 세포와 신경계 세포에서 발생하게 된다. 대부분 양성인 반면 일부는 악성인 경우도 있다. 이것들은 장에서 가장 흔하게 발생하는데, 흔히 발암성 종양이라고도 불린다. 췌장이나 폐, 혹은 신체의 나머지 부분에서도 발견된다.\n\n확장성 단계에서 종양은 복막 전반적으로 성장했거나 근처 장기를 침범했다.</Text>	
		</GameDBLocalizedString>
		
		<GameDBLocalizedString>      
		<LocID>DIA_ONCO_BLC01_0</LocID>                         
		<Text>Pre-B세포 백혈병</Text>	
		</GameDBLocalizedString>
		
        <GameDBLocalizedString>      
		<LocID>DIA_ONCO_BLC01_0_DESC</LocID>             
		<Text>[Pre-B Cell Acute Lymphocytic Leukaemia]\nPre-B 세포 백혈병은 혈액과 골수에 영향을 미치는 암의 한 유형이다. 이는 림프 모세포라고 불리는 미성숙 백혈구의 과잉 생산을 특징으로 한다. 골수가 적합한 양의 적혈구와 정상적인 백혈구 및 혈소판을 만들 수 없기 때문에, 이 병을 가진 사람들은 빈혈이나 재발성 감염, 출혈에 더 취약해진다.</Text>	
		</GameDBLocalizedString>
		
		<GameDBLocalizedString>      
		<LocID>DIA_ONCO_BLC01_1</LocID>                         
		<Text>B세포 백혈병</Text>	
		</GameDBLocalizedString>
		
        <GameDBLocalizedString>      
		<LocID>DIA_ONCO_BLC01_1_DESC</LocID>             
		<Text>[B-Cell Acute Lymphocytic Leukaemia]\nB세포 백혈병은 골수에서 생성되는 백혈구인 B림프구에 영향을 미치는 암이다. 이 유형의 백혈병은 성인 사례의 약 3-5%를 차지하는 덜 일반적인 경우이다. 일반적인 요법을 사용하였을 때, 30-40%의 환자만이 완치되고 장기 생존 환자는 거의 없다.</Text>	
		</GameDBLocalizedString>
		
		<GameDBLocalizedString>      
		<LocID>DIA_ONCO_BLC01_2</LocID>                         
		<Text>T세포 백혈병</Text>	
		</GameDBLocalizedString>
		
        <GameDBLocalizedString>      
		<LocID>DIA_ONCO_BLC01_2_DESC</LocID>             
		<Text>[T-Cell Acute Lymphocytic Leukaemia]\nT세포 백혈병은 급성 백혈병의 한 종류로서, 공격적이고 빠르게 진행된다. B림프구에 일반적으로 영향을 미치는 종류의 백혈병과는 대조적으로, 림프구 세포 생성 줄기 세포에 영향을 미친다.</Text>	
		</GameDBLocalizedString>
		
		<GameDBLocalizedString>      
		<LocID>DIA_ONCO_BLC02_A</LocID>                         
		<Text>만성 림프구성 백혈병 (안정단계)</Text>	
		</GameDBLocalizedString>
		
        <GameDBLocalizedString>      
		<LocID>DIA_ONCO_BLC02_A_DESC</LocID>             
		<Text>[Chronic Lymphocytic Leukaemia - Stable]\n만성 림프구성 백혈병은 B-림프구 발달에 영향을 미치는, 느리게 성장하는 백혈병의 한 유형이다. 정상적인 상태에서 항체를 생산하여 우리 몸을 감염과 질병으로부터 보호하는 B 림프구가 악성 변화를 겪고 백혈병 세포가 되는 병이다. 이 진단을 받은 사람들의 약 30-50%는 질병 치료가 필요하지 않으며, 진단에도 불구하고 몇 년 동안 생존할 수 있다. 이 병은 천천히 발달하기 때문에 초기 단계에 대부분 증상이 없으며 일상적인 혈액 검사 중에 발견된다.</Text>	
		</GameDBLocalizedString>
		
		<GameDBLocalizedString>      
		<LocID>DIA_ONCO_BLC02_B</LocID>                         
		<Text>만성 림프구성 백혈병 (진행단계)</Text>	
		</GameDBLocalizedString>
		
        <GameDBLocalizedString>      
		<LocID>DIA_ONCO_BLC02_B_DESC</LocID>             
		<Text>[Chronic Lymphocytic Leukaemia - Advanced]\n만성 림프구성 백혈병은 B-림프구 발달에 영향을 미치는, 느리게 성장하는 백혈병의 한 유형이다. 정상적인 상태에서 항체를 생산하여 우리 몸을 감염과 질병으로부터 보호하는 B 림프구가 악성 변화를 겪고 백혈병 세포가 되는 병이다. 이 진단을 받은 사람들의 약 30-50%는 질병 치료가 필요하지 않으며, 진단에도 불구하고 몇 년 동안 생존할 수 있다. 이 병은 천천히 발달하기 때문에 초기 단계에 대부분 증상이 없으며 일상적인 혈액 검사 중에 발견된다.</Text>	
		</GameDBLocalizedString>
		
		<GameDBLocalizedString>      
		<LocID>DIA_ONCO_BLC03_0</LocID>                         
		<Text>T세포 거대과립림프구성백혈병</Text>	
		</GameDBLocalizedString>
		
        <GameDBLocalizedString>      
		<LocID>DIA_ONCO_BLC03_0_DESC</LocID>             
		<Text>[T-Cell Large Granular Lymphocytic]\nT세포 거대과립림프구성 백혈병은 림프구라고 하는 백혈구에 영향을 미치는 만성 백혈병의 한 유형이다. 림프구는 신체 면역계의 일부이며 특정 감염과 싸우는 데 도움이 된다. 이 병은 독성 T세포의 클론 증식으로, 빈혈 및 혈소판 감소증을 유발한다. 종종 자가면역 장애, 류마티스 관절염 및 기타 림프 장애와 관련이 있다.</Text>	
		</GameDBLocalizedString>
		
		<GameDBLocalizedString>      
		<LocID>DIA_ONCO_BLC03_1</LocID>                         
		<Text>NK세포 거대과립림프구성백혈병</Text>	
		</GameDBLocalizedString>
		
        <GameDBLocalizedString>      
		<LocID>DIA_ONCO_BLC03_1_DESC</LocID>             
		<Text>[NK-Cell Large Granular Lymphocytic]\nNK세포 거대과립림프구성 백혈병은 림프구라고 하는 백혈구에 영향을 미치는 만성 백혈병의 한 유형이다. 림프구는 신체 면역계의 일부이며 특정 감염과 싸우는 데 도움이 된다. 이 병의 환자의 대부분은 무증상이지만, 공격적인 변이체를 가진 환자는 보통 간 비대와 비장 비대를 가진다. 약 3분의 1에 해당하는 환자가 림프절 병증이 있고 림프절 외 침범이 발생할 수도 있다.</Text>	
		</GameDBLocalizedString>
		
		<GameDBLocalizedString>      
		<LocID>DIA_ONCO_BLC03_2</LocID>                         
		<Text>T세포 전림프구성 백혈병</Text>	
		</GameDBLocalizedString>
		
        <GameDBLocalizedString>      
		<LocID>DIA_ONCO_BLC03_2_DESC</LocID>             
		<Text>[T-Cell Prolymphocytic Leukaemia]\nT세포 전림프구성 백혈병은 극히 드물고, 전형적으로 공격적인 악성 종양이며, 이는 신체를 감염으로 보호하는 일종의 백혈구인 T림프구의 제어 성장에서 벗어난 것을 특징으로 한다. 돌연변이된 T세포에서 이들의 유전자 오류는 건강한 세포가 분열을 멈추고 죽을 때 계속 성장하고 분열하도록 만든다. 결과적으로 시간이 지남에 따라 백혈병 세포의 수가 증가하고 골수, 비장, 간, 림프절 및 피부를 포함한 다른 부위로 혈액을 통해 전이되기도 한다.</Text>	
		</GameDBLocalizedString>
		
		<GameDBLocalizedString>      
		<LocID>DIA_ONCO_BLC04_0</LocID>                         
		<Text>급성 골수성 백혈병</Text>	
		</GameDBLocalizedString>
		
        <GameDBLocalizedString>      
		<LocID>DIA_ONCO_BLC04_0_DESC</LocID>             
		<Text>[Acute Myeloid Leukaemia]\n급성 골수성 백혈병은 신체가 백혈구의 일종인 골수 모세포를 미성숙하게 너무 많이 만들 때 발생한다. 골수 모세포는 증식하여 계속 분열하지만 정상적인 세포로 성숙하지는 않는다. 이 백혈병 세포는 미성숙하고 비정상적이기에 백혈구의 일반적인 감염 퇴치 역할을 수행하지 않는다. 이는 정상적인 백혈구를 몰아내기도 하여 감염의 위험또한 증가시킨다.</Text>	
		</GameDBLocalizedString>
		
		<GameDBLocalizedString>      
		<LocID>DIA_ONCO_BLC05_A</LocID>                         
		<Text>만성 골수성 백혈병 (만성기)</Text>	
		</GameDBLocalizedString>
		
        <GameDBLocalizedString>      
		<LocID>DIA_ONCO_BLC05_A_DESC</LocID>             
		<Text>[Chronic Myeloid Leukaemia - Chronic]\n만성 골수성 백혈병은 혈액과 골수에 영향을 미치는 암의 일종이다. 골수가 과립세포라고 불리는 너무 많은 백혈구를 생산하는 병을 의미한다. 이러한 백혈구 과다는 정상적인 세포 생성을 방해하면서 골수에서 유출되어 혈류를 통해 몸을 순환한다. 적혈구와 혈소판의 점차적인 감소는 빈혈, 출혈 및 멍을 유발한다. 이 병을 가진 많은 사람들은 증상이 없다.\n\n만성기 단계에서 이 병은 백혈구 수가 증가하고 혈액 및 골수에서 미성숙 세포가 아직 적다.</Text>	
		</GameDBLocalizedString>
		
		<GameDBLocalizedString>      
		<LocID>DIA_ONCO_BLC05_B</LocID>                         
		<Text>만성 골수성 백혈병 (진행기)</Text>	
		</GameDBLocalizedString>
		
        <GameDBLocalizedString>      
		<LocID>DIA_ONCO_BLC05_B_DESC</LocID>             
		<Text>[Chronic Myeloid Leukaemia - Accelerated]\n만성 골수성 백혈병은 혈액과 골수에 영향을 미치는 암의 일종이다. 골수가 과립세포라고 불리는 너무 많은 백혈구를 생산하는 병을 의미한다. 이러한 백혈구 과다는 정상적인 세포 생성을 방해하면서 골수에서 유출되어 혈류를 통해 몸을 순환한다. 적혈구와 혈소판의 점차적인 감소는 빈혈, 출혈 및 멍을 유발한다. 이 병을 가진 많은 사람들은 증상이 없다.\n\n진행기 단계에서 미성숙 세포의 수가 증가했으며 종종 Ph 염색체 외의 새로운 염색체 변화가 발생한다.</Text>	
		</GameDBLocalizedString>
		
		<GameDBLocalizedString>      
		<LocID>DIA_ONCO_BLC05_C</LocID>                         
		<Text>만성 골수성 백혈병 (증폭기)</Text>	
		</GameDBLocalizedString>
		
        <GameDBLocalizedString>      
		<LocID>DIA_ONCO_BLC05_C_DESC</LocID>             
		<Text>[Chronic Myeloid Leukaemia - Blast]\n만성 골수성 백혈병은 혈액과 골수에 영향을 미치는 암의 일종이다. 골수가 과립세포라고 불리는 너무 많은 백혈구를 생산하는 병을 의미한다. 이러한 백혈구 과다는 정상적인 세포 생성을 방해하면서 골수에서 유출되어 혈류를 통해 몸을 순환한다. 적혈구와 혈소판의 점차적인 감소는 빈혈, 출혈 및 멍을 유발한다. 이 병을 가진 많은 사람들은 증상이 없다.\n\n증폭기에서는 백혈구 과다가 극심하게 나타나고 급성 골수성 백혈병 증상이 나타난다.</Text>	
		</GameDBLocalizedString>
		
		<GameDBLocalizedString>      
		<LocID>DIA_ONCO_BLC06_0</LocID>                         
		<Text>모발상세포 백혈병</Text>	
		</GameDBLocalizedString>
		
        <GameDBLocalizedString>      
		<LocID>DIA_ONCO_BLC06_0_DESC</LocID>             
		<Text>[Hairy Cell Leukaemia]\n모발상세포 백혈병은 림프계의 희귀한 유형의 만성 백혈병으로, 비정상적인 B-림프구가 골수 간 및 비장에 축적된다. 현미경으로 관찰하면 이 세포들은 표변에 작은 털 모양의 돌기가 있는 것으로 보이기에 모발 세포라고 불린다.</Text>	
		</GameDBLocalizedString>

		<GameDBLocalizedString>      
		<LocID>DIA_ONCO_BLC06_1</LocID>                         
		<Text>비전형 모발상세포 백혈병</Text>	
		</GameDBLocalizedString>
		
        <GameDBLocalizedString>      
		<LocID>DIA_ONCO_BLC06_1_DESC</LocID>             
		<Text>[Hairy Cell Leukemia Variant]\n비전형적 모발상세포 백혈병은 비장 비대증, 백혈구 증가 등의 특징을 가진다. 이는 일반적인 모발상세포 백혈병보다 더욱 공격적이고 저항적이다. 이는 모발상세포 백혈병보다 드물며 임상 과정이 다르다.</Text>	
		</GameDBLocalizedString>
		
		<!-- ### ### -->
		<!-- ######################################## Content for V0.13 Added Below ######################################## -->
		<!-- ### ### -->
		
		<GameDBLocalizedString>      
		<LocID>DIA_ONCO_BREC1_0</LocID>                         
		<Text>유방 관상피내암</Text>	
		</GameDBLocalizedString>
		
		<GameDBLocalizedString>      
		<LocID>DIA_ONCO_BREC1_0M</LocID>                         
		<Text>유방 관상피내암</Text>	
		</GameDBLocalizedString>
		
        <GameDBLocalizedString>      
		<LocID>DIA_ONCO_BREC1_0_DESC</LocID>             
		<Text>[Ductal Carcinoma In Situ]\n유방 관상피내암은 비침습성 유방암이다. 이는 암이 유관 내부에서 시작된다는 것을 의미한다. 이는 유관을 넘어 어떠한 정상적인 주변 가슴 조직으로 전이되지 않았기 때문에 비침습적이라고 부른다. 이는 세포가 너무 많아 암의 특징을 가지고 있지만, 여전히 유방 내부에만 국한되어 있다는 것을 의미한다. 드물기는 하지만 남성또한 유방암에 걸릴 수 있다.\n\n유방암 0기에 해당하며, 일반적으로 이는 징후나 증상이 없다</Text>	
		</GameDBLocalizedString>
		
		<GameDBLocalizedString>      
		<LocID>DIA_ONCO_BREC1_1</LocID>                         
		<Text>침윤성 유방암</Text>	
		</GameDBLocalizedString>
		
		<GameDBLocalizedString>      
		<LocID>DIA_ONCO_BREC1_1M</LocID>                         
		<Text>침윤성 유방암</Text>	
		</GameDBLocalizedString>
		
        <GameDBLocalizedString>      
		<LocID>DIA_ONCO_BREC1_1_DESC</LocID>             
		<Text>[Invasive Ductal Carcinoma]\n침윤성 유방암은 일반적으로 유방암의 가장 흔항 유형이다. 암이 침입되었거나 주변 유방조직으로 전이된 상태를 의미한다. 시간이 지나면서 침윤성 유방암은 림프절과 신체의 다른 부위로 전이될 수 있다. 드물기는 하지만 남성또한 유방암에 걸릴 수 있다.\n\n유방암 1-2기에 해당하며, 초기에 침윤성 유방암은 어떤 증상도 일으키지 않을 수 있다.</Text>	
		</GameDBLocalizedString>
		
		<GameDBLocalizedString>      
		<LocID>DIA_ONCO_BREC1_2</LocID>                         
		<Text>전이성 유방암</Text>	
		</GameDBLocalizedString>
		
		<GameDBLocalizedString>      
		<LocID>DIA_ONCO_BREC1_2M</LocID>                         
		<Text>전이성 유방암</Text>	
		</GameDBLocalizedString>
		
        <GameDBLocalizedString>      
		<LocID>DIA_ONCO_BREC1_2_DESC</LocID>             
		<Text>[Metastatic Breast Cancer]\n전이성 유방암은 신체의 다른 부분, 일반적으로 간, 뇌, 뼈나 폐로 퍼진 유방암을 의미한다. 암세포는 유방의 원래 종양 위치에서 벗어나 혈류 또는 림프계를 통해 신체의 다른 부분으로 이동할 수 있다. 유방암은 최초 진단 및 치료 후 몇 개월 또는 몇 년 후에 신체의 다른 부분으로 재발할 수 있다. 초기 유방암 진단을 받은 여성의 약 30%가 전이성 질병을 일으킬 것이다. 드물기는 하지만 남성또한 유방암에 걸릴 수 있다.\n\n유방암 3-4기에 해당한다.</Text>	
		</GameDBLocalizedString>
		
		<GameDBLocalizedString>      
		<LocID>DIA_ONCO_BRAC1_0</LocID>                         
		<Text>모양성 성상세포종</Text>	
		</GameDBLocalizedString>
		
        <GameDBLocalizedString>      
		<LocID>DIA_ONCO_BRAC1_0_DESC</LocID>             
		<Text>[Pilocytic Astrocytoma]\n모양성 성상세포종은 어린이와 젊은 성인에게서 발생한다. 다른 등급에 비해 침습이 적고 예후가 비교적 좋다. 보통 소뇌, 뇌줄기 근처, 시상하부 또는 시신경에서 발생하지만, 대뇌반구와 척수를 포함한 성상 세포가 존재하는 모든 영역에서 발생할 수 있다. 이 종양은 일반적으로 천천히 자라며 양성이다.\n\n가장 낮은 등급인 신경교종 1등급에 속한다.</Text>	
		</GameDBLocalizedString>
		
		<GameDBLocalizedString>      
		<LocID>DIA_ONCO_BRAC1_1</LocID>                         
		<Text>미만성 성상세포종</Text>	
		</GameDBLocalizedString>
		
        <GameDBLocalizedString>      
		<LocID>DIA_ONCO_BRAC1_1_DESC</LocID>             
		<Text>[Diffuse Astrocytoma]\n미만성 성상세포종은, 성인은 주로 대뇌반구에서, 소아는 뇌간이나 뇌교에 주로 발생한다. 진행이 느려 고등급 신경교종에 비해서는 상대적으로 좋은 예후를 보인다. 악성도가 낮기는 하지만 반드시 재발할 가능성이 높고, 점차 고등급 신경교종으로 진행하는 분명한 악성 종양이다.\n\n모양성 성상세포종 다음 단계로서, 신경교종 2등급에 속한다.</Text>	
		</GameDBLocalizedString>
		
		<GameDBLocalizedString>      
		<LocID>DIA_ONCO_BRAC1_2</LocID>                         
		<Text>역형성 성상세포종</Text>	
		</GameDBLocalizedString>
		
        <GameDBLocalizedString>      
		<LocID>DIA_ONCO_BRAC1_2_DESC</LocID>             
		<Text>[Anaplastic Astrocytoma]\n일반적으로 드문 악성 뇌종양이다. 이전 등급에 비해 조영증강이 되는 경우가 많고, 경계가 불분명하며 종양 주위 부종을 동반하는 경우가 많다. 미만성 성상세포종으로부터 진행되는 경우가 많다.\n\n신경교종 3단계로서, 시간이 지나며 4등급으로 진행된다.</Text>	
		</GameDBLocalizedString>
		
		<GameDBLocalizedString>      
		<LocID>DIA_ONCO_BRAC1_3</LocID>                         
		<Text>교모세포종</Text>	
		</GameDBLocalizedString>
		
        <GameDBLocalizedString>      
		<LocID>DIA_ONCO_BRAC1_3_DESC</LocID>             
		<Text>[Glioblastoma]\n교모세포종은 뇌에서 시작하는 가장 공격적인 암이다. 초기에 교모세포종의 증상은 특이하지 않다. 일반적으로 두통, 성격 변화, 메스꺼움, 뇌졸중과 유사한 증상들을 포함할 수 있다.\n\n신경교종 4단계로서, 예후는 다른 종양에 비해 상당히 나쁘다.</Text>	
		</GameDBLocalizedString>
		
		<GameDBLocalizedString>      
		<LocID>DIA_ONCO_OVAC1_0F</LocID>                         
		<Text>고등급 장액성 난소암</Text>	
		</GameDBLocalizedString>
		
        <GameDBLocalizedString>      
		<LocID>DIA_ONCO_OVAC1_0F_DESC</LocID>             
		<Text>[High-Grade Serous Carcinoma]\n고등급 장액성 난소암은 복강내 혈상피층에서 발생하는 종양의 일종으로 주로 난소에서 발견된다. 이는 난소암 환자의 대부분을 차지하며 생존율이 가장 낮다. 이는 공격성이 낮은 저등급 장액성 난소암과 확실히 구분된다.</Text>
		</GameDBLocalizedString>
		
		<GameDBLocalizedString>      
		<LocID>DIA_ONCO_OVAC1_1F</LocID>                         
		<Text>저등급 장액성 난소암</Text>	
		</GameDBLocalizedString>
		
        <GameDBLocalizedString>      
		<LocID>DIA_ONCO_OVAC1_1F_DESC</LocID>             
		<Text>[Low-Grade Serous Carcinoma]\n저등급 장액성 난소암은 난소암의 10% 미만을 차지하는 희귀질환이다. 이는 고등급 장액성 난소암에 비해 공격성이 낮지만, 여러 종류의 항암 화학 요법에 저항한다.</Text>
		</GameDBLocalizedString>
		
		<GameDBLocalizedString>      
		<LocID>DIA_ONCO_OVAC1_2F</LocID>                         
		<Text>전이성 난소암</Text>	
		</GameDBLocalizedString>
		
        <GameDBLocalizedString>      
		<LocID>DIA_ONCO_OVAC1_2F_DESC</LocID>             
		<Text>[Metastatic Ovarian Cancer]\n전이성 난소암은 난소의 세포에서 신체의 먼 곳으로 전이된, 진화된 악성 단계이다. 이러한 종류의 암은 간, 폐, 비장, 내장, 뇌, 피부 또는 복부 림프절까지 전이되기 쉽다.</Text>
		</GameDBLocalizedString>
		
		<GameDBLocalizedString>      
		<LocID>DIA_ONCO_PROC1_0M</LocID>                         
		<Text>전립선암 (1기)</Text>	
		</GameDBLocalizedString>
		
        <GameDBLocalizedString>      
		<LocID>DIA_ONCO_PROC1_0M_DESC</LocID>             
		<Text>[Prostate Cancer]\n전립선암은 정액을 생산하는 남성의 작은 호두 모양의 선인 전립선에서 발생하는 암으로, 남성에게는 가장 흔한 암 유형 중 하나이다. 보통 이 병은 서서히 성장하여 전립선에만 국한되어 처음에는 심각한 해를 끼치지 않을 수 도 있다. 하지만 일부 종류의 전립선암은 공격적이어서 빠르게 퍼질 수 있다.\n\n1기에서 암은 전립선에만 국한되어있다.</Text>
		</GameDBLocalizedString>
		
		<GameDBLocalizedString>      
		<LocID>DIA_ONCO_PROC1_1M</LocID>                         
		<Text>전립선암 (2기)</Text>	
		</GameDBLocalizedString>
		
        <GameDBLocalizedString>      
		<LocID>DIA_ONCO_PROC1_1M_DESC</LocID>             
		<Text>[Prostate Cancer]\n전립선암은 정액을 생산하는 남성의 작은 호두 모양의 선인 전립선에서 발생하는 암으로, 남성에게는 가장 흔한 암 유형 중 하나이다. 보통 이 병은 서서히 성장하여 전립선에만 국한되어 처음에는 심각한 해를 끼치지 않을 수 도 있다. 하지만 일부 종류의 전립선암은 공격적이어서 빠르게 퍼질 수 있다.\n\n2기에서 암은 아직 전립선에 국한되어 있지만 세포가 비정상적이고 빠르게 자랄 가능성이 있다.</Text>
		</GameDBLocalizedString>
		
		<GameDBLocalizedString>      
		<LocID>DIA_ONCO_PROC1_2M</LocID>                         
		<Text>전립선암 (3기)</Text>	
		</GameDBLocalizedString>
		
        <GameDBLocalizedString>      
		<LocID>DIA_ONCO_PROC1_2M_DESC</LocID>             
		<Text>[Prostate Cancer]\n전립선암은 정액을 생산하는 남성의 작은 호두 모양의 선인 전립선에서 발생하는 암으로, 남성에게는 가장 흔한 암 유형 중 하나이다. 보통 이 병은 서서히 성장하여 전립선에만 국한되어 처음에는 심각한 해를 끼치지 않을 수 도 있다. 하지만 일부 종류의 전립선암은 공격적이어서 빠르게 퍼질 수 있다.\n\n3기에서 암은 전립선 근처의 조직에서 발견되었으며, 정낭에 도달하였을 수도 있다.</Text>
		</GameDBLocalizedString>
		
		<GameDBLocalizedString>      
		<LocID>DIA_ONCO_PROC1_3M</LocID>                         
		<Text>전립선암 (4기)</Text>	
		</GameDBLocalizedString>
		
        <GameDBLocalizedString>      
		<LocID>DIA_ONCO_PROC1_3M_DESC</LocID>             
		<Text>[Prostate Cancer]\n전립선암은 정액을 생산하는 남성의 작은 호두 모양의 선인 전립선에서 발생하는 암으로, 남성에게는 가장 흔한 암 유형 중 하나이다. 보통 이 병은 서서히 성장하여 전립선에만 국한되어 처음에는 심각한 해를 끼치지 않을 수 도 있다. 하지만 일부 종류의 전립선암은 공격적이어서 빠르게 퍼질 수 있다.\n\n4기에서 암은 직장이나 근처 림프절, 뼈와 같은 신체의 다른 부위로 전이되었다.</Text>
		</GameDBLocalizedString>
		
		<GameDBLocalizedString>      
		<LocID>DIA_ONCO_BLC07_0</LocID>                         
		<Text>광범위큰B세포림프종</Text>	
		</GameDBLocalizedString>
		
        <GameDBLocalizedString>      
		<LocID>DIA_ONCO_BLC07_0_DESC</LocID>             
		<Text>[Diffuse Large B-Cell Lymphoma]\n광범위큰B세포림프종은 림프계의 B세포에서 발생하는 공격적인 유형의 림프종이다. 현미경을 이용하면 커다란 악성 림프구가 시료 전체에 퍼져 있는 것이 보인다. 이는 비 호지킨 림프종 중 가장 흔한 부종으로서 전체 환자의 30-40%를 차지한다.</Text>
		</GameDBLocalizedString>
		
		<GameDBLocalizedString>      
		<LocID>DIA_ONCO_BLC08_0</LocID>                         
		<Text>소포림프종</Text>	
		</GameDBLocalizedString>
		
        <GameDBLocalizedString>      
		<LocID>DIA_ONCO_BLC08_0_DESC</LocID>             
		<Text>[Follicular Lymphoma]\n소포림프종은 비 호지킨 림프종의 가장 흔한 형태 중 하나로서 현미경으로 확인하였을 때 세포가 소포와 같은 모양을 보인다 하여 소포림프종이라 한다. 이 병을 진단받은 사람들은 보통 진단 당시 몸의 많은 부분에 림프종을 가지고 있을 수 있다. 초기에 진단을 받으면 치료 없이 경과를 지켜보는 방식이 채용되기도 한다.</Text>
		</GameDBLocalizedString>
		
		<GameDBLocalizedString>      
		<LocID>DIA_ONCO_SC4_0</LocID>                         
		<Text>메르켈 세포암 (국소 단계)</Text>	
		</GameDBLocalizedString>
		
        <GameDBLocalizedString>      
		<LocID>DIA_ONCO_SC4_0_DESC</LocID>             
		<Text>[Merkel Cell Carcinoma]\n메르켈 세포암은 희귀한 형태의 피부암으로, 보통 얼굴이나 머리, 목 등에 살이 착색되거나 푸르스르함 붉은 결절로 나타난다. 이는 피부 신경내분비암이라고도 불린다. 빠르게 자라는 경향이 있고 초기에 전이하는 경향이 있다. 보통 가까운 림프절까지 먼저 퍼지고 나서 몸, 폐, 뇌, 뼈, 기타 장기나 피부에까지 퍼질 수도 있다. 이는 흑색종 다음으로 피부암으로서의 사망 원인이다.</Text>
		</GameDBLocalizedString>
		
		<GameDBLocalizedString>      
		<LocID>DIA_ONCO_SC4_1</LocID>                         
		<Text>메르켈 세포암 (전이 단계)</Text>	
		</GameDBLocalizedString>
		
        <GameDBLocalizedString>      
		<LocID>DIA_ONCO_SC4_1_DESC</LocID>             
		<Text>[Merkel Cell Carcinoma]\n메르켈 세포암은 희귀한 형태의 피부암으로, 보통 얼굴이나 머리, 목 등에 살이 착색되거나 푸르스르함 붉은 결절로 나타난다. 이는 피부 신경내분비암이라고도 불린다. 빠르게 자라는 경향이 있고 초기에 전이하는 경향이 있다. 보통 가까운 림프절까지 먼저 퍼지고 나서 몸, 폐, 뇌, 뼈, 기타 장기나 피부에까지 퍼질 수도 있다. 이는 흑색종 다음으로 피부암으로서의 사망 원인이다.</Text>
		</GameDBLocalizedString>
		
		<!-- ### ### -->
		<!-- ######################################## Content for V0.13.1a Added Below ######################################## -->
		<!-- ### ### -->
		
		<GameDBLocalizedString>      
		<LocID>DIA_ONCO_BLC09_0</LocID>                         
		<Text>외투세포림프종</Text>	
		</GameDBLocalizedString>
		
        <GameDBLocalizedString>      
		<LocID>DIA_ONCO_BLC09_0_DESC</LocID>             
		<Text>[Mantle Cell Lymphoma]\n외투세포림프종은 비교적 흔치 않은 형태의 림프종으로, 모든 비 호지킨 림프종의 약 5-10%를 차지한다. 림프절 모낭 내 B세포의 외측 가장자리에 영향을 미친다. 85%의 경우 두 개의 염색체가 부러져 서로 결합할 때 이상이 발생한다. 재발 확률이 높고 예후가 불량하다.</Text>
		</GameDBLocalizedString>
		
		<!-- ### ### -->
		<!-- ######################################## Content for V0.13.2.0 Added Below ######################################## -->
		<!-- ### ### -->
		
		<GameDBLocalizedString>      
		<LocID>DIA_ONCO_LC2_0</LocID>                         
		<Text>대세포암</Text>	
		</GameDBLocalizedString>
		
        <GameDBLocalizedString>      
		<LocID>DIA_ONCO_LC2_0_DESC</LocID>             
		<Text>[Large Cell Lung Carcinoma]\n폐의 대세포암은 비소세포폐암의 한 형태이다. 기침이나 폐 감염으로 더 흔하게 나타나는 일부 폐암과 달리 초기 증상에서는 간헐적인 숨가쁨과 피로의 모호한 느낌이 포함된다. 이는 현미경으로 검사할 때 큰 둥근 세포가 발견되었기에 대세포암으로 명명되었다. 종종 폐의 외부 영역에서 발생하며, 다른 형태의 비소 세포 폐암보다 빠르게 자라고 퍼지는 경향이 있다.</Text>
		</GameDBLocalizedString>
		
		<GameDBLocalizedString>      
		<LocID>DIA_ONCO_LC3_0</LocID>                         
		<Text>폐 선암 (초기)</Text>	
		</GameDBLocalizedString>
		
        <GameDBLocalizedString>      
		<LocID>DIA_ONCO_LC3_0_DESC</LocID>             
		<Text>[Lung Adenocarcinoma]\n폐에서 발생하는 선암은 가장 흔한 유형의 폐암이며, 다른 형태의 폐암과 마찬가지로 뚜렷한 세포 및 분자 특징을 가지고 있다. 이는 비소세포폐암 중 하나로 분류된다. 일반적으로 초기 단계에서 징후와 증상을 유발하지 않는다. 폐암의 징후와 증상은 일반적으로 질병이 진행된 경우에만 발생한다.\n\n암이 조기에 발견되면 일반적으로 암은 시작된 조직이나 기관에서만 발견되며, 근처 림프절이나 신체의 다른 부분으로 퍼지지 않는다.</Text>
		</GameDBLocalizedString>
		
		<GameDBLocalizedString>      
		<LocID>DIA_ONCO_LC3_1</LocID>                         
		<Text>폐 선암 (후기)</Text>	
		</GameDBLocalizedString>
		
        <GameDBLocalizedString>      
		<LocID>DIA_ONCO_LC3_1_DESC</LocID>             
		<Text>[Lung Adenocarcinoma]\n폐에서 발생하는 선암은 가장 흔한 유형의 폐암이며, 다른 형태의 폐암과 마찬가지로 뚜렷한 세포 및 분자 특징을 가지고 있다. 이는 비소세포폐암 중 하나로 분류된다. 일반적으로 초기 단계에서 징후와 증상을 유발하지 않는다. 폐암의 징후와 증상은 일반적으로 질병이 진행된 경우에만 발생한다.\n\n암이 진행된 경우 종양의 크기는 다양하고, 가슴 반대편이나 쇄골 근처의 림프절로 퍼지거나 심장이나 식도 같은 다른 가슴 장기로 퍼졌을 가능성이 크다.</Text>
		</GameDBLocalizedString>
		
		<GameDBLocalizedString>      
		<LocID>DIA_ONCO_LC4_0</LocID>                         
		<Text>폐 편평상피세포암</Text>	
		</GameDBLocalizedString>
		
        <GameDBLocalizedString>      
		<LocID>DIA_ONCO_LC4_0_DESC</LocID>             
		<Text>[Squamous Cell Lung Cancer]\n폐에서 발생하는 편평상피세포암은 전형적으로 발생하는 비소세포폐암의 유형 중 하나이다. 모든 폐암 사례의 약 30%를 차지한다. 이 암은 일반적으로 천천히 성장하지만, 신체의 다른 영역으로 퍼질 수 있다.</Text>
		</GameDBLocalizedString>
		
		<GameDBLocalizedString>      
		<LocID>DIA_ONCO_BC2_0</LocID>                         
		<Text>대장 반지세포암</Text>	
		</GameDBLocalizedString>
		
        <GameDBLocalizedString>      
		<LocID>DIA_ONCO_BC2_0_DESC</LocID>             
		<Text>[Signet Ring Cell Colorectal Carcinoma]\n반지세포암은 뮤신을 생성하는 악성 아데노카르시노종의 희귀한 형태다. 이는 위의 선상 세포에서 가장 흔하게 발견되며 유방, 쓸개, 방광 및 췌장에서 가끔씩 발견되기도 한다. 일반적으로 폐에서는 생성되지 않는다.</Text>
		</GameDBLocalizedString>
		
		<GameDBLocalizedString>      
		<LocID>DIA_ONCO_BC3_0</LocID>                         
		<Text>점액성 대장암 (혼합성)</Text>	
		</GameDBLocalizedString>
		
        <GameDBLocalizedString>      
		<LocID>DIA_ONCO_BC3_0_DESC</LocID>             
		<Text>[Mucinous Colorectal Carcinoma - Mixed]\n점액성 대장암은 점액의 존재를 특징으로 하는 대장암의 별개의 아형이다. 점액성 대장암은 대장암 환자의 10-20%를 차지하고, 이는 다른 유형의 암 세포와 함께 형성될 수 있는데, 이 경우 혼합성 점액성 대장암이라고 부른다.</Text>
		</GameDBLocalizedString>
		
		<GameDBLocalizedString>      
		<LocID>DIA_ONCO_BC3_1</LocID>                         
		<Text>점액성 대장암 (일반)</Text>	
		</GameDBLocalizedString>
		
        <GameDBLocalizedString>      
		<LocID>DIA_ONCO_BC3_1_DESC</LocID>             
		<Text>[Mucinous Colorectal Carcinoma - Pure]\n점액성 대장암은 점액의 존재를 특징으로 하는 대장암의 별개의 아형이다. 점액성 대장암은 대장암 환자의 10-20%를 차지하고, 이때 다른 유형의 암 세포와 함께 형성되지 않는다면, 이 경우 순수한 점액성 대장암이라고 부른다.</Text>
		</GameDBLocalizedString>
		
		<!-- ### ### -->
		<!-- ######################################## Content for V0.13.3.0 Added Below ######################################## -->
		<!-- ### ### -->
		
		<GameDBLocalizedString>      
		<LocID>DIA_ONCO_LIV0_0</LocID>                         
		<Text>간세포암 (초기)</Text>	
		</GameDBLocalizedString>
		
        <GameDBLocalizedString>      
		<LocID>DIA_ONCO_LIV0_0_DESC</LocID>             
		<Text>[Hepatocellular Carcinoma - Local]\n간세포암은 근본적인 만성 간 환자 및 간경변 환자에게서 주로 발생하는 간의 주요 암 중 하나이다. 하지만 환자의 25%는 간경변이나 관련 병력이 없을 수 있다.\n\n초기 단계에서는 암의 증상이 나타나지 않는다.</Text>
		</GameDBLocalizedString>
		
		<GameDBLocalizedString>      
		<LocID>DIA_ONCO_LIV0_1</LocID>                         
		<Text>간세포암 (중기)</Text>	
		</GameDBLocalizedString>
		
        <GameDBLocalizedString>      
		<LocID>DIA_ONCO_LIV0_1_DESC</LocID>             
		<Text>[Hepatocellular Carcinoma - Regional]\n간세포암은 근본적인 만성 간 환자 및 간경변 환자에게서 주로 발생하는 간의 주요 암 중 하나이다. 하지만 환자의 25%는 간경변이나 관련 병력이 없을 수 있다.\n\n중기 단계에서 암은 간에서 림프절까지 진행된다.</Text>
		</GameDBLocalizedString>
		
		<GameDBLocalizedString>      
		<LocID>DIA_ONCO_LIV0_2</LocID>                         
		<Text>간세포암 (말기)</Text>	
		</GameDBLocalizedString>
		
        <GameDBLocalizedString>      
		<LocID>DIA_ONCO_LIV0_2_DESC</LocID>             
		<Text>[Hepatocellular Carcinoma - Critical]\n간세포암은 근본적인 만성 간 환자 및 간경변 환자에게서 주로 발생하는 간의 주요 암 중 하나이다. 하지만 환자의 25%는 간경변이나 관련 병력이 없을 수 있다.\n\n말기 단계에서 암세포의 자발적인 파열은 생명을 위협할 만한 합병증이다. 알려진 간경변이나 종양이 없는 경우 진단이 어려울 수 있다.</Text>
		</GameDBLocalizedString>
		
		<GameDBLocalizedString>      
		<LocID>DIA_ONCO_LIV0_3</LocID>                         
		<Text>전이성 간암</Text>	
		</GameDBLocalizedString>
		
        <GameDBLocalizedString>      
		<LocID>DIA_ONCO_LIV0_3_DESC</LocID>             
		<Text>[Metastatic Liver Cancer]\n전이성 간암은, 다른 곳에서 간으로 암세포가 전이된 병이다. 이차 간암이라고도 하며, 이러한 경우에 암이 다른 장기나 림프절 또는 뼈와 같은 다른 신체 부분으로 퍼졌음을 의미한다.</Text>
		</GameDBLocalizedString>
		
		<!-- ### ### -->
		<!-- ######################################## Content for V0.13.4.0 Added Below ######################################## -->
		<!-- ### ### -->
		
		<GameDBLocalizedString>      
		<LocID>DIA_ONCO_BLC01_0_V2</LocID>                         
		<Text>Pre-B세포 백혈병</Text>	
		</GameDBLocalizedString>
		
		<GameDBLocalizedString>      
		<LocID>DIA_ONCO_BLC01_1_V2</LocID>                         
		<Text>B세포 백혈병</Text>	
		</GameDBLocalizedString>
		
		<GameDBLocalizedString>      
		<LocID>DIA_ONCO_BLC01_2_V2</LocID>                         
		<Text>T세포 백혈병</Text>	
		</GameDBLocalizedString>
		
		<GameDBLocalizedString>      
		<LocID>DIA_ONCO_BLC02_A_V2</LocID>                         
		<Text>만성 림프구성 백혈병 (안정단계)</Text>	
		</GameDBLocalizedString>
		
		<GameDBLocalizedString>      
		<LocID>DIA_ONCO_BLC02_B_V2</LocID>                         
		<Text>만성 림프구성 백혈병 (진행단계)</Text>	
		</GameDBLocalizedString>
		
		<GameDBLocalizedString>      
		<LocID>DIA_ONCO_BLC03_0_V2</LocID>                         
		<Text>T세포 거대과립림프구성백혈병</Text>	
		</GameDBLocalizedString>
		
		<GameDBLocalizedString>      
		<LocID>DIA_ONCO_BLC03_1_V2</LocID>                         
		<Text>NK세포 거대과립림프구성백혈병</Text>	
		</GameDBLocalizedString>
		
		<GameDBLocalizedString>      
		<LocID>DIA_ONCO_BLC03_2_V2</LocID>                         
		<Text>T세포 전림프구성 백혈병</Text>	
		</GameDBLocalizedString>
		
		<GameDBLocalizedString>      
		<LocID>DIA_ONCO_BLC04_0_V2</LocID>                         
		<Text>급성 골수성 백혈병</Text>	
		</GameDBLocalizedString>
		
		<GameDBLocalizedString>      
		<LocID>DIA_ONCO_BLC05_A_V2</LocID>                         
		<Text>만성 골수성 백혈병 (만성기)</Text>	
		</GameDBLocalizedString>

		<GameDBLocalizedString>      
		<LocID>DIA_ONCO_BLC05_B_V2</LocID>                         
		<Text>만성 골수성 백혈병 (진행기)</Text>	
		</GameDBLocalizedString>
		
		<GameDBLocalizedString>      
		<LocID>DIA_ONCO_BLC05_C_V2</LocID>                         
		<Text>만성 골수성 백혈병 (증폭기)</Text>	
		</GameDBLocalizedString>
		
		<GameDBLocalizedString>      
		<LocID>DIA_ONCO_BLC08_0_V2</LocID>                         
		<Text>소포림프종</Text>	
		</GameDBLocalizedString>
		
		<GameDBLocalizedString>      
		<LocID>DIA_ONCO_BLC07_0_V2</LocID>                         
		<Text>광범위큰B세포림프종</Text>	
		</GameDBLocalizedString>
		
		<GameDBLocalizedString>      
		<LocID>DIA_ONCO_BREC1_1_V2</LocID>                         
		<Text>침윤성 유방암</Text>	
		</GameDBLocalizedString>
		
		<GameDBLocalizedString>      
		<LocID>DIA_ONCO_BREC1_1M_V2</LocID>                         
		<Text>침윤성 유방암</Text>	
		</GameDBLocalizedString>
		
		<GameDBLocalizedString>      
		<LocID>DIA_ONCO_MC001_1_V2</LocID>                         
		<Text>신경내분비종양 (확장성 단계)</Text>	
		</GameDBLocalizedString>
		
		<GameDBLocalizedString>      
		<LocID>DIA_ONCO_SC3_4_V2</LocID>                         
		<Text>흑색종 (4기)</Text>	
		</GameDBLocalizedString>
		
		<GameDBLocalizedString>      
		<LocID>DIA_ONCO_SC4_1_V2</LocID>                         
		<Text>메르켈 세포암 (전이 단계)</Text>	
		</GameDBLocalizedString>
		
		<GameDBLocalizedString>      
		<LocID>DIA_ONCO_ORA001_1</LocID>                         
		<Text>점액표피양암종</Text>	
		</GameDBLocalizedString>
		
		<GameDBLocalizedString>      
		<LocID>DIA_ONCO_ORA001_1_DESC</LocID>                         
		<Text>메르켈 세포암 (전이 단계)</Text>	
		</GameDBLocalizedString>
		
	</LocalizedStrings>
	</GameDBStringTable>
</Database>

