<Database>

<GameDBStringTable ID="LOC_DE_ADDON_ONCO_BUILDING_MODE">
<LanguageCode>de</LanguageCode>
<LanguageNameLocalized>German</LanguageNameLocalized>
<Contributors>
	<Name>Gego</Name>
	<Name>Sonic1305</Name>
	<Name>Bowelas</Name>
</Contributors>

<LocalizedStrings>
	<GameDBLocalizedString>      
		<LocID>ROOM_TYPE_ONCO_OFFICE</LocID>                          	
		<Text>Arztzimmer Onkologie</Text>   
	</GameDBLocalizedString>
	<GameDBLocalizedString>      
		<LocID>ROOM_TYPE_ONCO_OFFICE_DESCRIPTION</LocID>              	
		<Text>Ein Arztzimmer für einen Arzt der Onkologie.\n\nMin. benötigtes Personal: \n1x Arzt</Text>  
	</GameDBLocalizedString>

	<GameDBLocalizedString>      
		<LocID>OBJECT_DECAL_MOD_ONCO</LocID>       			
		<Text>Onkologie A</Text>  
	</GameDBLocalizedString>
			
    <GameDBLocalizedString>      
		<LocID>OBJECT_DECAL_ONCO_DESC</LocID>       
		<Text>Wanddeko</Text>  
	</GameDBLocalizedString>
	
	<GameDBLocalizedString>      
		<LocID>OBJECT_DECAL_MOD_ONCO1</LocID>       			
		<Text>Onkologie B</Text>  
	</GameDBLocalizedString>
	
	<GameDBLocalizedString>      
		<LocID>OBJECT_DECAL_MOD_ONCO2</LocID>       			
		<Text>Onkologie C</Text>  
	</GameDBLocalizedString>
	
	<GameDBLocalizedString>      
		<LocID>OBJECT_DECAL_MOD_ONCO3</LocID>       			
		<Text>Onkologie D</Text>  
	</GameDBLocalizedString>
	
	<!-- ### ### -->
<!-- ######################################## V0.13 Below ######################################## -->


<!-- ### ### -->



-<GameDBLocalizedString>

<LocID>ROOM_TYPE_INPATIENT_ONCO_OFFICE</LocID>

<Text>Diagnostik</Text>

</GameDBLocalizedString>


-<GameDBLocalizedString>

<LocID>ROOM_TYPE_INPATIENT_ONCO_OFFICE_DESC</LocID>

<Text>Diagnostik der Onkologie ermöglicht Untersuchung und Behandlung für stationäre Patienten. \n\nMin. Benötigtes Personal: \n1x Arzt \n(Personal aus Bereitschaftsraum)</Text>

</GameDBLocalizedString>


-<GameDBLocalizedString>

<LocID>ROOM_TYPE_ONCO_NEURODIAGNOSTIC_UNIT_NE</LocID>

<!-- Not used at the moment -->


<Text>Neurodiagnostik der Onkologie</Text>

</GameDBLocalizedString>


-<GameDBLocalizedString>

<LocID>ROOM_TYPE_ONCO_NEURODIAGNOSTIC_UNIT_NE_DESC</LocID>

<!-- Not used at the moment -->


<Text>Neurologische Diagnostik ermöglicht spezifische neurologische Untersuchungen zur Unterstützung der Onkologie. \n\nMin. Benötigtes Personal: \n1x Technischer Assistent - Neurologe</Text>

</GameDBLocalizedString>


-<GameDBLocalizedString>

<LocID>ROOM_TYPE_DIAGNOSTIC_SONOGRAPHY_UNIT_ONCO</LocID>

<Text>Ultraschall</Text>

</GameDBLocalizedString>


-<GameDBLocalizedString>

<LocID>ROOM_TYPE_DIAGNOSTIC_SONOGRAPHY_UNIT_ONCO_DESCRIPTION</LocID>

<Text>Ultraschall ermöglicht spezifische Ultraschall-basierte Untersuchungen und Behandlungen. \n\nMin. Benötigtes Personal: \n1x Technischer Assistent - US</Text>

</GameDBLocalizedString>

<!-- ### ### -->


<!-- ######################################## V0.13.2.0 Below ######################################## -->


<!-- ### ### -->



-<GameDBLocalizedString>

<LocID>MOD_ONCO_OBJECT_PICT01</LocID>

<Text>Onkologie - Bild A</Text>

</GameDBLocalizedString>


-<GameDBLocalizedString>

<LocID>MOD_ONCO_OBJECT_PICT01_DESC</LocID>

<Text>Ein eingerahmtes Bild, damit die Patienten nie die Hoffnung verlieren.</Text>

</GameDBLocalizedString>


-<GameDBLocalizedString>

<LocID>MOD_ONCO_OBJECT_PICT02</LocID>

<Text>Onkologie - Bild B</Text>

</GameDBLocalizedString>


-<GameDBLocalizedString>

<LocID>MOD_ONCO_OBJECT_PICT02_DESC</LocID>

<Text>Ein eingerahmtes Bild, damit die Patienten nie die Hoffnung verlieren.</Text>

</GameDBLocalizedString>


-<GameDBLocalizedString>

<LocID>MOD_ONCO_OBJECT_CUBE1</LocID>

<Text>4-Würfel-Theke A-E</Text>

</GameDBLocalizedString>


-<GameDBLocalizedString>

<LocID>MOD_ONCO_OBJECT_CUBE1_DESC</LocID>

<Text>Leere Würfel.</Text>

</GameDBLocalizedString>


-<GameDBLocalizedString>

<LocID>MOD_ONCO_OBJECT_CUBE2</LocID>

<Text>4-Würfel-Theke B-E</Text>

</GameDBLocalizedString>


-<GameDBLocalizedString>

<LocID>MOD_ONCO_OBJECT_CUBE2_DESC</LocID>

<Text>Leere Würfel.</Text>

</GameDBLocalizedString>


-<GameDBLocalizedString>

<LocID>MOD_ONCO_OBJECT_PLANT01</LocID>

<Text>Topfpflanze</Text>

</GameDBLocalizedString>


-<GameDBLocalizedString>

<LocID>MOD_ONCO_OBJECT_PLANT01_DESC</LocID>

<Text>Eine schöne Topfpflanze.</Text>

</GameDBLocalizedString>

<!-- ### ### -->


<!-- ######################################## V0.13.2.3 Below ######################################## -->


<!-- ### ### -->



-<GameDBLocalizedString>

<LocID>MOD_ONCO_OBJECT_CUBE3</LocID>

<Text>4-Würfel-Theke A-B</Text>

</GameDBLocalizedString>


-<GameDBLocalizedString>

<LocID>MOD_ONCO_OBJECT_CUBE3_DESC</LocID>

<Text>Würfelregal gefüllt mit großen Büchern.</Text>

</GameDBLocalizedString>


-<GameDBLocalizedString>

<LocID>MOD_ONCO_OBJECT_CUBE4</LocID>

<Text>4-Würfel-Theke B-B</Text>

</GameDBLocalizedString>


-<GameDBLocalizedString>

<LocID>MOD_ONCO_OBJECT_CUBE4_DESC</LocID>

<Text>Würfelregal gefüllt mit großen Büchern.</Text>

</GameDBLocalizedString>

<!-- ### ### -->


<!-- ######################################## V0.13.3.0 Below ######################################## -->


<!-- ### ### -->



-<GameDBLocalizedString>

<!-- Not used at the moment -->


<LocID>ROOM_TYPE_ONCO_OBSERVATION_ROOM</LocID>

<Text>Onkologie Überwachungsraum</Text>

</GameDBLocalizedString>


-<GameDBLocalizedString>

<!-- Not used at the moment -->


<LocID>ROOM_TYPE_ONCO_OBSERVATION_ROOM_DESC</LocID>

<Text>In der Onkologie müssen Patienten manchmal vielen verschiedenen Tests unterzogen werden, die viel Zeit in Anspruch nehmen können. Durch die Beobachtung hat das Krankenhaus mehr Zeit, um diesen Test durchzuführen, und der Patient fühlt sich wohler, während er unter angemessener ärztlicher Aufsicht bleibt. Es kann auch helfen, Klinikärzte in schwierigen Fällen freizulassen. \ n \ nMin. Personalanforderungen: \ n1x Arzt \ n (Personal im Bereitschaftsraum)</Text>

</GameDBLocalizedString>


-<GameDBLocalizedString>

<LocID>MOD_ONCO_OBJECT_POST01</LocID>

<Text>Poster - Onkologie A</Text>

</GameDBLocalizedString>


-<GameDBLocalizedString>

<LocID>MOD_ONCO_OBJECT_POST01_DESC</LocID>

<Text>Eine Infografik über die Bauchspeicheldrüse.</Text>

</GameDBLocalizedString>


-<GameDBLocalizedString>

<LocID>MOD_ONCO_OBJECT_POST02</LocID>

<Text>Poster - Onkologie B</Text>

</GameDBLocalizedString>


-<GameDBLocalizedString>

<LocID>MOD_ONCO_OBJECT_POST02_DESC</LocID>

<Text>Ein Poster, das die Patienten daran erinnert, dass sie in diesem Kampf nicht allein sind.</Text>

</GameDBLocalizedString>


-<GameDBLocalizedString>

<LocID>MOD_ONCO_OBJECT_POST03</LocID>

<Text>Poster - Onkologie C</Text>

</GameDBLocalizedString>


-<GameDBLocalizedString>

<LocID>MOD_ONCO_OBJECT_POST03_DESC</LocID>

<Text>Eine Infografik über blutbasierte Krebserkrankungen.</Text>

</GameDBLocalizedString>


-<GameDBLocalizedString>

<LocID>MOD_ONCO_OBJECT_POST04</LocID>

<Text>Poster - Onkologie D</Text>

</GameDBLocalizedString>


-<GameDBLocalizedString>

<LocID>MOD_ONCO_OBJECT_POST04_DESC</LocID>

<Text>Eine Infografik über Lungenkrebs.</Text>

</GameDBLocalizedString>


-<GameDBLocalizedString>

<LocID>MOD_ONCO_OBJECT_POST05</LocID>

<Text>Poster - Onkologie E</Text>

</GameDBLocalizedString>


-<GameDBLocalizedString>

<LocID>MOD_ONCO_OBJECT_POST05_DESC</LocID>

<Text>Ein Poster, das die Patienten daran erinnert, die Hoffnung niemals aufzugeben.</Text>

</GameDBLocalizedString>


-<GameDBLocalizedString>

<LocID>ROOM_TYPE_CARDIOVASCULAR_DIAGNOSTIC_UNIT_ONCO</LocID>

<Text>Kardio Diagnostik</Text>

</GameDBLocalizedString>


-<GameDBLocalizedString>

<LocID>ROOM_TYPE_CARDIOVASCULAR_DIAGNOSTIC_UNIT_ONOC_DESC</LocID>

<Text>Kardiologische Diagnostik ermöglicht verschiedene Untersuchungen im Zusammenhand mit dem Herzkreislaufsystem. \n\nMin. Benötigtes Personal: \n1x Technischer Assistent - Kardiologe</Text>

</GameDBLocalizedString>

<!-- ### ### -->


<!-- ######################################## Content for V0.13.4.1 Added Below ######################################## -->
	<!-- ### ### -->

</LocalizedStrings>
</GameDBStringTable>
</Database>