<Database>
	<!-- Oncology Mod by Sleepy068 -->
    <GameDBStringTable ID="LOC_DE_ADDON_ONCOLOGYSL_EXAMINATIONS">

        <LanguageCode>de</LanguageCode>
        <LanguageNameLocalized>German</LanguageNameLocalized>

        <Contributors>
            <Name>Gego</Name>
			<Name>Sonic1305</Name>
            <Name>Bowelas</Name>
        </Contributors>

        <LocalizedStrings>
		<!-- ### ### -->
		<!-- ######################################## Content for V0.15.0.0 Added Below ######################################## -->
		<!-- ### ### -->
		
		<!-- ======================================== -->
		<!-- ============= Core Content ============= -->
		<!-- ======================================== -->
		
		
		<!-- ============================================== -->
		<!-- ============= CRP Export Content ============= -->
		<!-- ============================================== -->

		<GameDBLocalizedString>    
			<LocID>EXM_CRP_OVARIAN_BIOPSY_SAMPLE</LocID>                               
			<Text>Ovarialbiopsieprobe</Text>  
		</GameDBLocalizedString>
		
		<GameDBLocalizedString>     
			<LocID>EXM_CRP_OVARIAN_BIOPSY_SAMPLE_DESC</LocID>                               
			<Text>Derzeit gibt es keinen wirksamen Screening-Test für Eierstockkrebs. Wenn bei einer Patientin Eierstockkrebs vermutet wird, führt der Arzt verschiedene Tests durch, um Anomalien zu finden, die mit einer Biopsie weiterverfolgt werden müssen. Die einzige Möglichkeit, die Diagnose Eierstockkrebs zu bestätigen, besteht darin, eine Gewebeprobe (Biopsie) zu entnehmen und die Zellen unter einem Mikroskop zu betrachten. \n\nErforderliches Labor: Histologie</Text>  
		</GameDBLocalizedString>
		
		<GameDBLocalizedString>    
			<LocID>EXM_CRP_OVARIAN_BIOPSY_TEST</LocID>                               
			<Text>Ovarialbiopsie-Test</Text>  
		</GameDBLocalizedString>
		
		<GameDBLocalizedString>     
			<LocID>EXM_CRP_OVARIAN_BIOPSY_TEST_DESC</LocID>                               
			<Text>Histologie-Techniker arbeiten derzeit mit der vom Patienten bereitgestellten Probe. Sie sollten ihre Ergebnisse bald zurückgeben.</Text>  
		</GameDBLocalizedString>
		
		<GameDBLocalizedString>    
			<LocID>EXM_CRP_VAGINAL_BIOPSY_SAMPLE</LocID>                               
			<Text>Vaginale Biopsieprobe</Text>  
		</GameDBLocalizedString>
		
		<GameDBLocalizedString>     
			<LocID>EXM_CRP_VAGINAL_BIOPSY_SAMPLE_DESC</LocID>                               
			<Text>Bestimmte Anzeichen und Symptome können stark auf Vaginalkrebs hindeuten, aber viele von ihnen können durch andere Probleme verursacht werden. Der einzige Weg, um sicher zu sein, dass es Krebs ist, ist eine Biopsie. Bei diesem Verfahren wird ein kleines Stück Gewebe aus dem verdächtigen Bereich entfernt. Ein Techniker, der auf die Diagnose von Krankheiten mit Labortests spezialisiert ist (Histologielabortechniker), untersucht dann die Gewebeprobe unter einem Mikroskop, um festzustellen, ob Krebs oder eine Krebsvorstufe vorliegt und wenn ja, um welche Art es sich handelt. \n\nErforderliches Labor: Histologie</Text>  
		</GameDBLocalizedString>
		
		<GameDBLocalizedString>    
			<LocID>EXM_CRP_VAGINAL_BIOPSY_TEST</LocID>                               
			<Text>Vaginaler Biopsie-Test</Text>  
		</GameDBLocalizedString>
		
		<GameDBLocalizedString>     
			<LocID>EXM_CRP_VAGINAL_BIOPSY_TEST_DESC</LocID>                               
			<Text>Histologie-Techniker arbeiten derzeit mit der vom Patienten bereitgestellten Probe. Sie sollten ihre Ergebnisse bald zurückgeben.</Text>  
		</GameDBLocalizedString>
		
		<GameDBLocalizedString>    
			<LocID>EXM_CRP_SALIVARYGLAND_BIOPSY_SAMPLE</LocID>                               
			<Text>Probe einer Speicheldrüsenbiopsie</Text>  
		</GameDBLocalizedString>
		
		<GameDBLocalizedString>     
			<LocID>EXM_CRP_SALIVARYGLAND_BIOPSY_SAMPLE_DESC</LocID>                               
			<Text>Bei einer Speicheldrüsenbiopsie werden Zellen oder kleine Gewebestücke aus einer oder mehreren Speicheldrüsen entnommen, um sie im Labor untersuchen zu lassen. \n\nErforderliches Labor: Histologie</Text>  
		</GameDBLocalizedString>
		
		<GameDBLocalizedString>    
			<LocID>EXM_CRP_SALIVARYGLAND_BIOPSY_TEST</LocID>                               
			<Text>Speicheldrüsenbiopsie-Test</Text>  
		</GameDBLocalizedString>
		
		<GameDBLocalizedString>     
			<LocID>EXM_CRP_SALIVARYGLAND_BIOPSY_TEST_DESC</LocID>                               
			<Text>Histologie-Techniker arbeiten derzeit mit der vom Patienten bereitgestellten Probe. Sie sollten ihre Ergebnisse bald zurückgeben.</Text>  
		</GameDBLocalizedString>
		
</LocalizedStrings>
</GameDBStringTable>
</Database>