<Database>

<GameDBStringTable ID="LOC_HU_ADDON_ONCO_BUILDING_MODE">
<LanguageCode>hu</LanguageCode>
<LanguageNameLocalized>Magyar</LanguageNameLocalized>
<Contributors>
<Name>GaborBartal</Name>
</Contributors>

<LocalizedStrings>
	<GameDBLocalizedString>      
		<LocID>ROOM_TYPE_ONCO_OFFICE</LocID>                          	
		<Text>Onkológiai rendelő</Text>   
	</GameDBLocalizedString>
	<GameDBLocalizedString>      
		<LocID>ROOM_TYPE_ONCO_OFFICE_DESCRIPTION</LocID>              	
		<Text>Onkológiai szakorvosi rendelő. Min. Személyzet:\n1x Orvos</Text>  
	</GameDBLocalizedString>


</LocalizedStrings>
</GameDBStringTable>
</Database>