<Database>

<GameDBStringTable ID="LOC_DE_ADDON_ONCO_BUILDING_MODE">
<LanguageCode>de</LanguageCode>
<LanguageNameLocalized>Deutsch</LanguageNameLocalized>
<Contributors>
<Name>Bowelas</Name>
</Contributors>

<LocalizedStrings>
	<GameDBLocalizedString>      
		<LocID>ROOM_TYPE_ONCO_OFFICE</LocID>                          	
		<Text>Arztzimmer Onkologie</Text>   
	</GameDBLocalizedString>
	<GameDBLocalizedString>      
		<LocID>ROOM_TYPE_ONCO_OFFICE_DESCRIPTION</LocID>              	
		<Text>Arztzimmer der Onkologie bietet Diagnostik für ambulante Patienten. \n\nMin. benötigtes Personal: \n1x Arzt</Text>  
	</GameDBLocalizedString>

	<GameDBLocalizedString>      
		<LocID>OBJECT_DECAL_MOD_ONCO</LocID>       			
		<Text>Onkologie</Text>  
	</GameDBLocalizedString>
			
    <GameDBLocalizedString>      
		<LocID>OBJECT_DECAL_MOD_DESC</LocID>       
		<Text>Wandbeschriftung</Text>  
	</GameDBLocalizedString>

	<!-- ### ### -->
	<!-- ######################################## V0.13 Below ######################################## -->
	<!-- ### ### -->
	
	<GameDBLocalizedString>
		<LocID>ROOM_TYPE_INPATIENT_ONCO_OFFICE</LocID>                               
		<Text>Diagnostik</Text>   
	</GameDBLocalizedString>
            
	<GameDBLocalizedString>      
		<LocID>ROOM_TYPE_INPATIENT_ONCO_OFFICE_DESC</LocID>                   
		<Text>Diagnostik der Onkologie ermöglicht Untersuchung und Behandlung für stationäre Patienten. \n\nMin. Benötigtes Personal: \n1x Arzt \n(Personal aus Bereitschaftsraum)</Text>
	</GameDBLocalizedString>
	
	<GameDBLocalizedString>
		<LocID>ROOM_TYPE_ONCO_NEURODIAGNOSTIC_UNIT_NE</LocID>                   
		<Text>Neurodiagnostik der Onkologie</Text>  
	</GameDBLocalizedString>
	
	<GameDBLocalizedString>      
		<LocID>ROOM_TYPE_ONCO_NEURODIAGNOSTIC_UNIT_NE_DESC</LocID>       
		<Text>Neurologische Diagnostik ermöglicht spezifische neurologische Untersuchungen zur Unterstützung der Onkologie. \n\nMin. Benötigtes Personal: \n1x Technischer Assistent - Neurologe</Text>  
	</GameDBLocalizedString>
	
	<GameDBLocalizedString>      
		<LocID>ROOM_TYPE_DIAGNOSTIC_SONOGRAPHY_UNIT_ONCO</LocID>                     
		<Text>Ultraschall</Text>  
	</GameDBLocalizedString>
            
	<GameDBLocalizedString>      
		<LocID>ROOM_TYPE_DIAGNOSTIC_SONOGRAPHY_UNIT_ONCO_DESCRIPTION</LocID>         
		<Text>Ultraschall ermöglicht spezifische Ultraschall-basierte Untersuchungen und Behandlungen. \n\nMin. Benötigtes Personal: \n1x Technischer Assistent - US</Text>  
	</GameDBLocalizedString>
	
</LocalizedStrings>
</GameDBStringTable>
</Database>