<Database>

<GameDBStringTable ID="LOC_CZ_ADDON_ONCO_BUILDING_MODE">
<LanguageCode>cz</LanguageCode>
<LanguageNameLocalized>Czech</LanguageNameLocalized>
	<Contributors>
<Name>josiffilip</Name>
</Contributors>

<LocalizedStrings>
<GameDBLocalizedString>
<LocID>ROOM_TYPE_ONCO_OFFICE</LocID>
<Text>Onkologická ordinace</Text>
</GameDBLocalizedString>
<GameDBLocalizedString>
<LocID>ROOM_TYPE_ONCO_OFFICE_DESCRIPTION</LocID>
<Text>Ordinace lékaře se specializací na onkologii. Požadavky na personál:\n1x Doktor</Text>
</GameDBLocalizedString>

<GameDBLocalizedString>
<LocID>OBJECT_DECAL_MOD_ONCO</LocID>
<Text>Onkologie A</Text>
</GameDBLocalizedString>
 
<GameDBLocalizedString>
<LocID>OBJECT_DECAL_ONCO_DESC</LocID>
<Text>Nálepka na zeď</Text>
</GameDBLocalizedString>
 
<GameDBLocalizedString>
<LocID>OBJECT_DECAL_MOD_ONCO1</LocID>
<Text>Onkologie B</Text>
</GameDBLocalizedString>
 
<GameDBLocalizedString>
<LocID>OBJECT_DECAL_MOD_ONCO2</LocID>
<Text>Onkologie C</Text>
</GameDBLocalizedString>
 
<GameDBLocalizedString>
<LocID>OBJECT_DECAL_MOD_ONCO3</LocID>
<Text>Onkologie D</Text>
</GameDBLocalizedString>
 
<!-- ### ### -->
<!-- ######################################## V0.13 Níže ## ###################################### -->
<!-- ### ### -->
 
<GameDBLocalizedString>
<LocID>ROOM_TYPE_INPATIENT_ONCO_OFFICE</LocID>
<Text>Diagnostická jednotka</Text>
</GameDBLocalizedString>
 
<GameDBLocalizedString>
<LocID>ROOM_TYPE_INPATIENT_ONCO_OFFICE_DESC</LocID>
<Text>Diagnostické pracoviště na onkologickém oddělení zajišťuje vyšetřovací a léčebné postupy pro hospitalizované pacienty. \n\nMin. Požadavky na personál: \n1x Lékař \n(Personál sídlící v pohotovostní místnosti)</Text>
</GameDBLocalizedString>
 
<GameDBLocalizedString>
<LocID>ROOM_TYPE_ONCO_NEURODIAGNOSTIC_UNIT_NE</LocID> <!-- Momentálně nepoužíváno -->
<Text>Jednotka onkologického neurovyšetření</Text>
</GameDBLocalizedString>
 
<GameDBLocalizedString>
<LocID>ROOM_TYPE_ONCO_NEURODIAGNOSTIC_UNIT_NE_DESC</LocID> <!-- Momentálně nepoužíváno -->
<Text>Jednotka Neuroexam poskytuje specifická neurologická vyšetření pro onkologickou podporu. \n\nMin. Požadavky na personál: \n1x Technolog – Neurolog</Text>
</GameDBLocalizedString>
 
<GameDBLocalizedString>
<LocID>ROOM_TYPE_DIAGNOSTIC_SONOGRAPHY_UNIT_ONCO</LocID>
<Text>Sonografická jednotka</Text>
</GameDBLocalizedString>
 
<GameDBLocalizedString>
<LocID>ROOM_TYPE_DIAGNOSTIC_SONOGRAPHY_UNIT_ONCO_DESCRIPTION</LocID>
<Text>Sonografická jednotka poskytuje specifická ultrazvuková vyšetření a ošetření. \n\nMin. Požadavky na personál: \n1x Technolog - USG</Text>
</GameDBLocalizedString>
 
<!-- ### ### -->
<!-- ######################################## V0.13.2.0 Níže ######################################## -->
<!-- ### ### -->
 
<GameDBLocalizedString>
<LocID>MOD_ONCO_OBJECT_PICT01</LocID>
<Text>Onkologický obrázek A</Text>
</GameDBLocalizedString>
 
<GameDBLocalizedString>
<LocID>MOD_ONCO_OBJECT_PICT01_DESC</LocID>
<Text>Zarámovaný obrázek, který pacientům připomíná, aby se nikdy nevzdávali naděje.</Text>
</GameDBLocalizedString>
 
<GameDBLocalizedString>
<LocID>MOD_ONCO_OBJECT_PICT02</LocID>
<Text>Onkologický obrázek B</Text>
</GameDBLocalizedString>
 
<GameDBLocalizedString>
<LocID>MOD_ONCO_OBJECT_PICT02_DESC</LocID>
<Text>Zarámovaný obrázek, který pacientům připomíná, aby se nikdy nevzdávali naděje.</Text>
</GameDBLocalizedString>
 
<GameDBLocalizedString>
<LocID>MOD_ONCO_OBJECT_CUBE1</LocID>
<Text>Čtyři krychlové jednotky AE</Text>
</GameDBLocalizedString>
 
<GameDBLocalizedString>
<LocID>MOD_ONCO_OBJECT_CUBE1_DESC</LocID>
<Text>Prázdná jednotka čtyř krychlí.</Text>
</GameDBLocalizedString>
 
<GameDBLocalizedString>
<LocID>MOD_ONCO_OBJECT_CUBE2</LocID>
<Text>Jednotka čtyř krychlí BE</Text>
</GameDBLocalizedString>
 
<GameDBLocalizedString>
<LocID>MOD_ONCO_OBJECT_CUBE2_DESC</LocID>
<Text>Prázdná jednotka čtyř krychlí.</Text>
</GameDBLocalizedString>
 
<GameDBLocalizedString>
<LocID>MOD_ONCO_OBJECT_PLANT01</LocID>
<Text>Rostlina v květináči</Text>
</GameDBLocalizedString>
 
<GameDBLocalizedString>
<LocID>MOD_ONCO_OBJECT_PLANT01_DESC</LocID>
<Text>Pěkná rostlina v květináči.</Text>
</GameDBLocalizedString>
 
<!-- ### ### -->
<!-- ######################################## V0.13.2.3 Níže ######################################## -->
<!-- ### ### -->
 
<GameDBLocalizedString>
<LocID>MOD_ONCO_OBJECT_CUBE3</LocID>
<Text>Jednotka čtyř krychlí AB</Text>
</GameDBLocalizedString>
 
<GameDBLocalizedString>
<LocID>MOD_ONCO_OBJECT_CUBE3_DESC</LocID>
<Text>Čtyři krychle s velkými knihami.</Text>
</GameDBLocalizedString>
 
<GameDBLocalizedString>
<LocID>MOD_ONCO_OBJECT_CUBE4</LocID>
<Text>Čtyři krychle Unit BB</Text>
</GameDBLocalizedString>
 
<GameDBLocalizedString>
<LocID>MOD_ONCO_OBJECT_CUBE4_DESC</LocID>
<Text>Čtyři krychle s velkými knihami.</Text>
</GameDBLocalizedString>
 
<!-- ### ### -->
<!-- ######################################## V0.13.3.0 Níže ######################################## -->
<!-- ### ### -->
 
<GameDBLocalizedString> <!-- Momentálně nepoužíváno -->
<LocID>ROOM_TYPE_ONCO_OBSERVATION_ROOM</LocID>
<Text>Onkologická observační místnost</Text>
</GameDBLocalizedString>
 
<GameDBLocalizedString> <!-- Momentálně nepoužíváno -->
<LocID>ROOM_TYPE_ONCO_OBSERVATION_ROOM_DESC</LocID>
<Text>Onkologie někdy vyžaduje, aby pacienti podstoupili mnoho různých testů, které mohou trvat značnou dobu. Pozorování poskytuje nemocnici více času na dokončení těchto testů a udržuje pacienta pohodlnější, přičemž zůstává pod řádným lékařským dohledem. Může také pomoci uvolnit lékaře z kliniky v obtížných případech. \n\nMin. Požadavky na personál: \n1x Lékař \n(Personál sídlící v pohotovostní místnosti)</Text>
</GameDBLocalizedString>
 
<GameDBLocalizedString>
<LocID>MOD_ONCO_OBJECT_POST01</LocID>
<Text>Plakát – ONCO A</Text>
</GameDBLocalizedString>
 
<GameDBLocalizedString>
<LocID>MOD_ONCO_OBJECT_POST01_DESC</LocID>
<Text>Infografika o slinivce břišní.</Text>
</GameDBLocalizedString>
 
<GameDBLocalizedString>
<LocID>MOD_ONCO_OBJECT_POST02</LocID>
<Text>Plakát – ONCO B</Text>
</GameDBLocalizedString>
 
<GameDBLocalizedString>
<LocID>MOD_ONCO_OBJECT_POST02_DESC</LocID>
<Text>Plakát připomínající pacientům, že v tomto boji nejsou sami.</Text>
</GameDBLocalizedString>
 
<GameDBLocalizedString>
<LocID>MOD_ONCO_OBJECT_POST03</LocID>
<Text>Plakát – ONCO C</Text>
</GameDBLocalizedString>
 
<GameDBLocalizedString>
<LocID>MOD_ONCO_OBJECT_POST03_DESC</LocID>
<Text>Infografika o rakovině založené na krvi.</Text>
</GameDBLocalizedString>
 
<GameDBLocalizedString>
<LocID>MOD_ONCO_OBJECT_POST04</LocID>
<Text>Plakát – ONCO D</Text>
</GameDBLocalizedString>
 
<GameDBLocalizedString>
<LocID>MOD_ONCO_OBJECT_POST04_DESC</LocID>
<Text>Infografika o rakovině plic.</Text>
</GameDBLocalizedString>
 
<GameDBLocalizedString>
<LocID>MOD_ONCO_OBJECT_POST05</LocID>
<Text>Plakát – ONCO E</Text>
</GameDBLocalizedString>
 
<GameDBLocalizedString>
<LocID>MOD_ONCO_OBJECT_POST05_DESC</LocID>
<Text>Plakát připomínající pacientům, aby se nikdy nevzdávali naděje.</Text>
</GameDBLocalizedString>
 
<GameDBLocalizedString>
<LocID>ROOM_TYPE_CARDIOVASCULAR_DIAGNOSTIC_UNIT_ONCO</LocID>
<Text>Kardiografická jednotka</Text>
</GameDBLocalizedString>
 
<GameDBLocalizedString>
<LocID>ROOM_TYPE_CARDIOVASCULAR_DIAGNOSTIC_UNIT_ONOC_DESC</LocID>
<Text>Kardiografická diagnostická jednotka poskytuje různé vyšetřovací metody a testy související s kardiovaskulárním systémem člověka. \n\nMin. Požadavky na personál: \n1x Technolog – kardiolog</Text>
</GameDBLocalizedString>
 
<!-- ### ### -->
<!-- ####################################### Obsah pro V0.14.0. 2 Přidáno níže ######################################## -->
<!-- ### ### -->

</LocalizedStrings>
</GameDBStringTable>
</Database>
