<Database>

<GameDBStringTable ID="LOC_ZHHANS_ADDON_ONCO_BUILDING_MODE">
<LanguageCode>zh-Hans</LanguageCode>
<LanguageNameLocalized>简体中文</LanguageNameLocalized>
<Contributors>
<Name>1328411791</Name>
<Name>Toobin</Name>
<Name>Frost</Name>
</Contributors>

<LocalizedStrings>
	<GameDBLocalizedString>      
		<LocID>ROOM_TYPE_ONCO_OFFICE</LocID>                          	
		<Text>肿瘤科诊室</Text>   
	</GameDBLocalizedString>
	<GameDBLocalizedString>      
		<LocID>ROOM_TYPE_ONCO_OFFICE_DESCRIPTION</LocID>              	
		<Text>专门从事肿瘤学的诊室。 员工要求:\n1x 医生</Text>  
	</GameDBLocalizedString>

	<GameDBLocalizedString>      
		<LocID>OBJECT_DECAL_MOD_ONCO</LocID>       			
		<Text>海报-癌症A</Text>  
	</GameDBLocalizedString>
			
    <GameDBLocalizedString>      
		<LocID>OBJECT_DECAL_ONCO_DESC</LocID>       
		<Text>墙壁贴花</Text>  
	</GameDBLocalizedString>
	
	<GameDBLocalizedString>      
		<LocID>OBJECT_DECAL_MOD_ONCO1</LocID>       			
		<Text>海报-癌症B</Text>  
	</GameDBLocalizedString>
	
	<GameDBLocalizedString>      
		<LocID>OBJECT_DECAL_MOD_ONCO2</LocID>       			
		<Text>癌症海报C</Text>  
	</GameDBLocalizedString>
	
	<GameDBLocalizedString>      
		<LocID>OBJECT_DECAL_MOD_ONCO3</LocID>       			
		<Text>癌症海报D</Text>  
	</GameDBLocalizedString>
	
	<!-- ### ### -->
	<!-- ######################################## V0.13 Below ######################################## -->
	<!-- ### ### -->
	
	<GameDBLocalizedString>
		<LocID>ROOM_TYPE_INPATIENT_ONCO_OFFICE</LocID>                               
		<Text>诊断室</Text>   
	</GameDBLocalizedString>
            
	<GameDBLocalizedString>      
		<LocID>ROOM_TYPE_INPATIENT_ONCO_OFFICE_DESC</LocID>                   
		<Text>肿瘤科的诊断室，为住院患者提供检查和治疗程序。 \n\n最低工作人员要求：\n1x医生\n（值班室人员）</Text>
	</GameDBLocalizedString>
	
	<GameDBLocalizedString>
		<LocID>ROOM_TYPE_ONCO_NEURODIAGNOSTIC_UNIT_NE</LocID> <!-- Not used at the moment -->                    
		<Text>肿瘤神经检查科</Text>  
	</GameDBLocalizedString>
	
	<GameDBLocalizedString>      
		<LocID>ROOM_TYPE_ONCO_NEURODIAGNOSTIC_UNIT_NE_DESC</LocID> <!-- Not used at the moment -->        
		<Text>神经检查科为肿瘤学支持提供特定的神经系统检查。 \n\n最低。员工要求：\n1x技术专家-神经科医生</Text>  
	</GameDBLocalizedString>
	
	<GameDBLocalizedString>      
		<LocID>ROOM_TYPE_DIAGNOSTIC_SONOGRAPHY_UNIT_ONCO</LocID>                     
		<Text>超声检查室</Text>  
	</GameDBLocalizedString>
            
	<GameDBLocalizedString>      
		<LocID>ROOM_TYPE_DIAGNOSTIC_SONOGRAPHY_UNIT_ONCO_DESCRIPTION</LocID>         
		<Text>超声检查室提供基于超声的特定检查和治疗。 \n\n最低。员工要求：\n1x技术专家-USG</Text>  
	</GameDBLocalizedString>
	
	<!-- ### ### -->
	<!-- ######################################## V0.13.2.0 Below ######################################## -->
	<!-- ### ### -->
            
	<GameDBLocalizedString>      
		<LocID>MOD_ONCO_OBJECT_PICT01</LocID>                               
		<Text>挂画-希望A</Text>  
	</GameDBLocalizedString>
	
    <GameDBLocalizedString>      
		<LocID>MOD_ONCO_OBJECT_PICT01_DESC</LocID>                   
		<Text>一张装裱过的挂画，提醒患者永远不要放弃希望。</Text>  
	</GameDBLocalizedString>
    
	<GameDBLocalizedString>      
		<LocID>MOD_ONCO_OBJECT_PICT02</LocID>                               
		<Text>挂画-希望B</Text>  
	</GameDBLocalizedString>
	
    <GameDBLocalizedString>      
		<LocID>MOD_ONCO_OBJECT_PICT02_DESC</LocID>                   
		<Text>一张装裱过的挂画，提醒患者永远不要放弃希望。</Text>  
	</GameDBLocalizedString>
	
	<GameDBLocalizedString>      
		<LocID>MOD_ONCO_OBJECT_CUBE1</LocID>                               
		<Text>四格收纳柜A-空</Text>  
	</GameDBLocalizedString>
	
    <GameDBLocalizedString>      
		<LocID>MOD_ONCO_OBJECT_CUBE1_DESC</LocID>                   
		<Text>一个空的四格收纳柜。</Text>  
	</GameDBLocalizedString>
	
	<GameDBLocalizedString>      
		<LocID>MOD_ONCO_OBJECT_CUBE2</LocID>                               
		<Text>四格收纳柜B-空</Text>  
	</GameDBLocalizedString>
	
    <GameDBLocalizedString>      
		<LocID>MOD_ONCO_OBJECT_CUBE2_DESC</LocID>                   
		<Text>一个空的四格收纳柜。</Text>  
	</GameDBLocalizedString>
	
	<GameDBLocalizedString>      
		<LocID>MOD_ONCO_OBJECT_PLANT01</LocID>                               
		<Text>盆栽植物</Text>  
	</GameDBLocalizedString>
	
    <GameDBLocalizedString>      
		<LocID>MOD_ONCO_OBJECT_PLANT01_DESC</LocID>                   
		<Text>漂亮的盆栽植物。</Text>  
	</GameDBLocalizedString>
	
	<!-- ### ### -->
	<!-- ######################################## V0.13.2.3 Below ######################################## -->
	<!-- ### ### -->
	
	<GameDBLocalizedString>      
		<LocID>MOD_ONCO_OBJECT_CUBE3</LocID>                               
		<Text>四格收纳柜A-书</Text>  
	</GameDBLocalizedString>
	
    <GameDBLocalizedString>      
		<LocID>MOD_ONCO_OBJECT_CUBE3_DESC</LocID>                   
		<Text>摆了书的四格收纳柜。</Text>  
	</GameDBLocalizedString>
	
	<GameDBLocalizedString>      
		<LocID>MOD_ONCO_OBJECT_CUBE4</LocID>                               
		<Text>四格收纳柜B-书</Text>  
	</GameDBLocalizedString>
	
    <GameDBLocalizedString>      
		<LocID>MOD_ONCO_OBJECT_CUBE4_DESC</LocID>                   
		<Text>摆了书的四格收纳柜。</Text>  
	</GameDBLocalizedString> 
	
	<!-- ### ### -->
	<!-- ######################################## V0.13.3.0 Below ######################################## -->
	<!-- ### ### -->
	
	<GameDBLocalizedString> <!-- Not used at the moment -->       
		<LocID>ROOM_TYPE_ONCO_OBSERVATION_ROOM</LocID>                     
		<Text>肿瘤科观察室。</Text>  
	</GameDBLocalizedString>
            
	<GameDBLocalizedString> <!-- Not used at the moment -->          
		<LocID>ROOM_TYPE_ONCO_OBSERVATION_ROOM_DESC</LocID>         
		<Text>肿瘤科有时需要患者进行许多不同的检查，这些检查可能会花费大量时间。 观察使医院有更多时间完成这些测试，并使患者在保持适当医疗监督的同时更加舒适。也能让医生在紧张的时刻多一些空闲时间。\n\n分钟。 员工要求: \n1x 医生 \n(值班室人员)</Text>  
	</GameDBLocalizedString>
	
	<GameDBLocalizedString>      
		<LocID>MOD_ONCO_OBJECT_POST01</LocID>                               
		<Text>海报-胰腺</Text>  
	</GameDBLocalizedString>
	
    <GameDBLocalizedString>      
		<LocID>MOD_ONCO_OBJECT_POST01_DESC</LocID>                   
		<Text>一张关于胰腺的科普海报。</Text>  
	</GameDBLocalizedString> 
	
	<GameDBLocalizedString>      
		<LocID>MOD_ONCO_OBJECT_POST02</LocID>                               
		<Text>海报-众志</Text>  
	</GameDBLocalizedString>
	
    <GameDBLocalizedString>      
		<LocID>MOD_ONCO_OBJECT_POST02_DESC</LocID>                   
		<Text>一张用于提醒患者他们不是一个人在战斗的海报。</Text>  
	</GameDBLocalizedString> 
	
	<GameDBLocalizedString>      
		<LocID>MOD_ONCO_OBJECT_POST03</LocID>                               
		<Text>海报-白血病</Text>  
	</GameDBLocalizedString>
	
    <GameDBLocalizedString>      
		<LocID>MOD_ONCO_OBJECT_POST03_DESC</LocID>                   
		<Text>一张关于血癌的科普海报。</Text>  
	</GameDBLocalizedString> 
	
	<GameDBLocalizedString>      
		<LocID>MOD_ONCO_OBJECT_POST04</LocID>                               
		<Text>海报-肺癌</Text>  
	</GameDBLocalizedString>
	
    <GameDBLocalizedString>      
		<LocID>MOD_ONCO_OBJECT_POST04_DESC</LocID>                   
		<Text>一张关于肺癌的科普海报。</Text>  
	</GameDBLocalizedString> 
	
	<GameDBLocalizedString>      
		<LocID>MOD_ONCO_OBJECT_POST05</LocID>                               
		<Text>海报-希望</Text>  
	</GameDBLocalizedString>
	
    <GameDBLocalizedString>      
		<LocID>MOD_ONCO_OBJECT_POST05_DESC</LocID>                   
		<Text>一张提醒患者永不言弃的海报。</Text>  
	</GameDBLocalizedString> 
	
	<GameDBLocalizedString>      
		<LocID>ROOM_TYPE_CARDIOVASCULAR_DIAGNOSTIC_UNIT_ONCO</LocID>                               
		<Text>心电图室</Text>  
	</GameDBLocalizedString>
	
    <GameDBLocalizedString>      
		<LocID>ROOM_TYPE_CARDIOVASCULAR_DIAGNOSTIC_UNIT_ONOC_DESC</LocID>                   
		<Text>心电图诊断室提供与人体心血管系统相关的各种检查方法和测试。 \n\n分钟。 员工要求：\n1x 技术专家-心脏科</Text>  
	</GameDBLocalizedString> 
	
	<!-- ### ### -->
	<!-- ######################################## Content for V0.14.0.2 Added Below ######################################## -->
	<!-- ### ### -->

</LocalizedStrings>
</GameDBStringTable>
</Database>