<Database>
    <GameDBStringTable ID="LOC_PL_ADDON_ONCOLOGYSL_EXAMINATIONS">

        <LanguageCode>pl</LanguageCode>
        <LanguageNameLocalized>Polski</LanguageNameLocalized>

        <Contributors>
            <Name>Kapitan1986</Name>
        </Contributors>

       <LocalizedStrings>
            <!-- Examinations -->
            <GameDBLocalizedString>      
	    <LocID> EXM_SLP_CCBT </LocID>
	<Text> Pobieranie krwi katecholaminowej </Text>
	</GameDBLocalizedString>

<GameDBLocalizedString>
<LocID> EXM_SLP_CCBT_DESC </LocID>
<Text> Katecholaminowe badania krwi mierzą ilość katecholamin w twoim ciele. „Katecholaminy” to ogólne określenie hormonów dopaminy, noradrenaliny i adrenaliny. </Text>
</GameDBLocalizedString>

<GameDBLocalizedString>
<LocID> EXM_SLP_CCBT_TEST </LocID>
<Text> Badanie krwi katecholaminowej </Text>
</GameDBLocalizedString>

<GameDBLocalizedString>
<LocID> EXM_SLP_CCBT_TEST_DESC </LocID>
<Text> Katecholaminowe badania krwi mierzą ilość katecholamin w twoim ciele. „Katecholaminy” to ogólne określenie hormonów dopaminy, noradrenaliny i adrenaliny. </Text>
</GameDBLocalizedString>

<GameDBLocalizedString>
<LocID> EXM_SLP_CEA </LocID>
<Text> Pobieranie próbek krwi CEA </Text>
</GameDBLocalizedString>

<GameDBLocalizedString>
<LocID> EXM_SLP_CEA_DESC </LocID>
<Text> Test na antygen rakowo-płodowy (CEA) to badanie krwi używane do diagnozowania i zarządzania niektórymi rodzajami nowotworów. Test CEA jest stosowany szczególnie w przypadku raka jelita grubego i odbytnicy. Test CEA mierzy ilość CEA we krwi. Duża ilość CEA w twoim ciele po leczeniu raka lub operacji sugeruje, że rak nie zniknął. Może to również oznaczać, że rak rozprzestrzenił się na inne części twojego ciała. </Text>
</GameDBLocalizedString>

<GameDBLocalizedString>
<LocID> EXM_SLP_CEA_TEST </LocID>
<Text> Badanie krwi CEA </Text>
</GameDBLocalizedString>

<GameDBLocalizedString>
<LocID> EXM_SLP_CEA_TEST_DESC </LocID>
<Text> Test na antygen rakowo-płodowy (CEA) to badanie krwi używane do diagnozowania i zarządzania niektórymi rodzajami nowotworów. Test CEA jest stosowany szczególnie w przypadku raka jelita grubego i odbytnicy. Test CEA mierzy ilość CEA we krwi. Duża ilość CEA w twoim ciele po leczeniu raka lub operacji sugeruje, że rak nie zniknął. Może to również oznaczać, że rak rozprzestrzenił się na inne części twojego ciała. </Text>
</GameDBLocalizedString>

<GameDBLocalizedString>
<LocID> EXM_SLP_COLONOSCOPY </LocID>
<Text> Kolonoskopia </Text>
</GameDBLocalizedString>

<GameDBLocalizedString>
<LocID> EXM_SLP_COLONOSCOPY_DESC </LocID>
<Text> Kolonoskopia to zabieg medyczny wykonywany w celu wykrycia raka, polipów jelita grubego lub innych nieprawidłowości w jelicie. Kolonoskopia odbywa się za pomocą instrumentu zwanego kolonoskopem (rodzaj endoskopu) - długiej, cienkiej, elastycznej rurki zawierającej kamerę i światło. </Text>
</GameDBLocalizedString>
			
			<GameDBLocalizedString>
<LocID> EXM_SLP_5HIAA </LocID>
<Text> Pobieranie próbek 5-HIAA moczu </Text>
</GameDBLocalizedString>

<GameDBLocalizedString>
<LocID> EXM_SLP_5HIAA_DESC </LocID>
<Text> Test moczu w celu sprawdzenia ilości 5-HIAA (kwasu 5-hydroksyindolooctowego), produktu rozpadu serotoniny. Serotonina, neuroprzekaźnik zaangażowany w zachowanie i depresję, jest wytwarzana przez niektóre NET (Rak). </Text>
</GameDBLocalizedString>

<GameDBLocalizedString>
<LocID> EXM_SLP_5HIAA_TEST </LocID>
<Text> Test moczu 5-HIAA </Text>
</GameDBLocalizedString>

<GameDBLocalizedString>
<LocID> EXM_SLP_5HIAA_TEST_DESC </LocID>
<Text> Test moczu w celu sprawdzenia ilości 5-HIAA (kwasu 5-hydroksyindolooctowego), produktu rozpadu serotoniny. Serotonina, neuroprzekaźnik zaangażowany w zachowanie i depresję, jest wytwarzana przez niektóre NET. </Text>
</GameDBLocalizedString>

<GameDBLocalizedString>
<LocID> EXM_SLP_CHRAB </LocID>
<Text> Chromogranina-A Pobieranie próbek krwi </Text>
</GameDBLocalizedString>

<GameDBLocalizedString>
<LocID> EXM_SLP_CHRAB_DESC </LocID>
<Text> Test chromograniny A (CgA) jest stosowany jako marker nowotworowy do diagnozowania guzów rakowiaka. Może być również stosowany do wykrywania obecności innych guzów powstających z komórek neuroendokrynnych. </Text>
</GameDBLocalizedString>

<GameDBLocalizedString>
<LocID> EXM_SLP_CHRAB_TEST </LocID>
<Text> Chromogranina-A Badanie krwi </Text>
</GameDBLocalizedString>

<GameDBLocalizedString>
<LocID> EXM_SLP_CHRAB_TEST_DESC </LocID>
<Text> Test chromograniny A (CgA) jest stosowany jako marker nowotworowy do diagnozowania guzów rakowiaka. Może być również stosowany do wykrywania obecności innych guzów powstających z komórek neuroendokrynnych. </Text>
</GameDBLocalizedString>

<GameDBLocalizedString>
<LocID> EXM_SLP_BONEBIOPSY_SAMPLE </LocID>
<Text> Próbka biopsji szpiku kostnego </Text>
</GameDBLocalizedString>

<GameDBLocalizedString>
<LocID> EXM_SLP_BONEBIOPSY_SAMPLE_DESC </LocID>
<Text> Biopsja szpiku kostnego zbiera cylindryczną próbkę rdzenia, która zachowuje strukturę szpiku. Próbka z biopsji jest oceniana przez specjalistę w celu ustalenia komórkowości, objętość komórek jest porównywana z objętością innych składników szpiku kostnego, czy różne linie komórkowe są obecne w odpowiedniej liczbie i czy w szpiku występują nienormalne nacieki. </Text>
</GameDBLocalizedString>

<GameDBLocalizedString>
<LocID> EXM_SLP_BONEBIOPSY_TEST </LocID>
<Text> Test biopsji szpiku kostnego </Text>
</GameDBLocalizedString>

<GameDBLocalizedString>
<LocID> EXM_SLP_BONEBIOPSY_TEST_DESC </LocID>
<Text> Biopsja szpiku kostnego zbiera cylindryczną próbkę rdzenia, która zachowuje strukturę szpiku. Próbka z biopsji jest oceniana przez specjalistę w celu ustalenia komórkowości, objętość komórek jest porównywana z objętością innych składników szpiku kostnego, czy różne linie komórkowe są obecne w odpowiedniej liczbie i czy w szpiku występują nienormalne nacieki. </Text>
</GameDBLocalizedString>

<GameDBLocalizedString>
<LocID> EXM_SLP_FLOWCYT </LocID>
<Text> Próbka cytometrii przepływowej </Text>
</GameDBLocalizedString>

<GameDBLocalizedString>
<LocID> EXM_SLP_FLOWCYT_DESC </LocID>
<Text> Cytometria przepływowa jest techniką stosowaną do wykrywania i pomiaru właściwości fizycznych i chemicznych populacji komórek lub cząstek. Próbka zawierająca komórki lub cząstki jest zawieszana w płynie i wstrzykiwana do instrumentu cytometru przepływowego. </Text>
</GameDBLocalizedString>
			
			<GameDBLocalizedString>
<LocID> EXM_SLP_FLOWCYT_TEST </LocID>
<Text> Test cytometrii przepływowej </Text>
</GameDBLocalizedString>

<GameDBLocalizedString>
<LocID> EXM_SLP_FLOWCYT_TEST_DESC </LocID>
<Text> Cytometria przepływowa jest techniką stosowaną do wykrywania i pomiaru właściwości fizycznych i chemicznych populacji komórek lub cząstek. Próbka zawierająca komórki lub cząstki jest zawieszana w płynie i wstrzykiwana do instrumentu cytometru przepływowego. </Text>
</GameDBLocalizedString>

<GameDBLocalizedString>
<LocID> EXM_SLP_CBC_SAMPLING </LocID>
<Text> (Onkologia) Próbkowanie CBC </Text>
</GameDBLocalizedString>

<GameDBLocalizedString>
<LocID> EXM_SLP_BLOOD_SMEAR_SAMPLE </LocID>
<Text> Próbka rozmazu krwi </Text>
</GameDBLocalizedString>

<GameDBLocalizedString>
<LocID> EXM_SLP_BLOOD_SMEAR_SAMPLE_DESC </LocID>
<Text> Film krwi - lub rozmaz krwi obwodowej - to cienka warstwa krwi rozmazana na szkiełku mikroskopowym, a następnie wybarwiona w taki sposób, aby umożliwić mikroskopowe badanie różnych komórek krwi. </Text>
</GameDBLocalizedString>

<GameDBLocalizedString>
<LocID> EXM_SLP_BLOOD_SMEAR_TEST </LocID>
<Text> Test rozmazu krwi </Text>
</GameDBLocalizedString>

<GameDBLocalizedString>
<LocID> EXM_SLP_BLOOD_SMEAR_TEST_DESC </LocID>
<Text>  rozmaz krwi obwodowej - to cienka warstwa krwi rozmazana na szkiełku mikroskopowym, a następnie wybarwiona w taki sposób, aby umożliwić mikroskopowe badanie różnych komórek krwi. </Text>
</GameDBLocalizedString>

<GameDBLocalizedString>
<LocID> EXM_SLP_LIVER_FT_SAMPLING </LocID>
<Text> Próbkowanie testu czynności wątroby </Text>
</GameDBLocalizedString>

<GameDBLocalizedString>
<LocID> EXM_SLP_LIVER_FT_SAMPLING_DESC </LocID>
<Text> Testy czynności wątroby (zwane również LFT) to badania krwi, które mogą dostarczyć informacji na temat pracy wątroby. Testują poziomy wielu białek i enzymów, które są wytwarzane przez komórki wątroby lub uwalniane do krwi po uszkodzeniu komórek wątroby. </Text>
</GameDBLocalizedString>
			
			<GameDBLocalizedString>
<LocID> EXM_SLP_LIVER_FT_TEST </LocID>
<Text> Test czynności wątroby </Text>
</GameDBLocalizedString>

<GameDBLocalizedString>
<LocID> EXM_SLP_LIVER_FT_TEST_DESC </LocID>
<Text> Testy czynności wątroby (zwane również LFT) to badania krwi, które mogą dostarczyć informacji na temat pracy wątroby. Testują poziomy wielu białek i enzymów, które są wytwarzane przez komórki wątroby lub uwalniane do krwi po uszkodzeniu komórek wątroby. </Text>
</GameDBLocalizedString>

<GameDBLocalizedString>
<LocID> EXM_SLP_FISH_SAMPLE </LocID>
<Text> F.I.S.H. Próbkowanie </Text>
</GameDBLocalizedString>

<GameDBLocalizedString>
<LocID> EXM_SLP_FISH_SAMPLE_DESC </LocID>
<Text> Fluorescencyjna hybrydyzacja (FISH) jest molekularną techniką cytogenetyczną, która wykorzystuje sondy fluorescencyjne, które wiążą się tylko z tymi częściami sekwencji kwasu nukleinowego o wysokim stopniu komplementarności sekwencji. Został opracowany przez badaczy biomedycznych na początku lat 80. [1] w celu wykrywania i lokalizacji obecności lub braku określonych sekwencji DNA na chromosomach. Mikroskopii fluorescencyjnej można użyć do ustalenia, gdzie sonda fluorescencyjna jest związana z chromosomami. FISH jest często wykorzystywany do znajdowania specyficznych cech DNA do wykorzystania w poradnictwie genetycznym, medycynie i identyfikacji gatunków. [2] FISH można także wykorzystać do wykrywania i lokalizacji określonych celów RNA (mRNA, lncRNA i miRNA) w komórkach, krążących komórkach nowotworowych i próbkach tkanek. </Text>
</GameDBLocalizedString>

<GameDBLocalizedString>
<LocID> EXM_SLP_FISH_TEST </LocID>
<Text> F.I.S.H. Przetestuj </Text>
</GameDBLocalizedString>

<GameDBLocalizedString>
<LocID> EXM_SLP_FISH_TEST_DESC </LocID>
<Text> Fluorescencyjna hybrydyzacja in situ (FISH) jest molekularną techniką cytogenetyczną, która wykorzystuje sondy fluorescencyjne, które wiążą się tylko z tymi częściami sekwencji kwasu nukleinowego o wysokim stopniu komplementarności sekwencji. Został opracowany przez badaczy biomedycznych na początku lat 80. [1] w celu wykrywania i lokalizacji obecności lub braku określonych sekwencji DNA na chromosomach. Mikroskopii fluorescencyjnej można użyć do ustalenia, gdzie sonda fluorescencyjna jest związana z chromosomami. FISH jest często wykorzystywany do znajdowania specyficznych cech DNA do wykorzystania w poradnictwie genetycznym, medycynie i identyfikacji gatunków. [2] FISH można także wykorzystać do wykrywania i lokalizacji określonych celów RNA (mRNA, lncRNA i miRNA) w komórkach, krążących komórkach nowotworowych i próbkach tkanek. </Text>
</GameDBLocalizedString>

<GameDBLocalizedString>
<LocID> EXM_SLP_IV_STAINING_SAMPLE </LocID>
<Text> Próbkowanie barwienia In Vitro </Text>
</GameDBLocalizedString>

<GameDBLocalizedString>
<LocID> EXM_SLP_IV_STAINING_SAMPLE_DESC </LocID>
<Text> Barwienie jest techniką stosowaną w celu zwiększenia kontrastu w próbkach, ogólnie na poziomie mikroskopowym. Plamy i barwniki są często stosowane w histologii (badanie tkanek pod mikroskopem) oraz w medycznych dziedzinach histopatologii, hematologii i cytopatologii, które koncentrują się na badaniu i diagnozowaniu choroby na poziomie mikroskopowym. Plamy można stosować do definiowania tkanek biologicznych (podkreślanie, na przykład włókien mięśniowych lub tkanki łącznej), populacji komórek (klasyfikujących różne komórki krwi) lub organelli w poszczególnych komórkach. </Text>
</GameDBLocalizedString>

<GameDBLocalizedString>
<LocID> EXM_SLP_IV_STAINING_TEST </LocID>
<Text> Test barwienia In Vitro </Text>
</GameDBLocalizedString>

<GameDBLocalizedString>
<LocID> EXM_SLP_IV_STAINING_TEST_DESC </LocID>
<Text> Barwienie jest techniką stosowaną w celu zwiększenia kontrastu w próbkach, ogólnie na poziomie mikroskopowym. Plamy i barwniki są często stosowane w histologii (badanie tkanek pod mikroskopem) oraz w medycznych dziedzinach histopatologii, hematologii i cytopatologii, które koncentrują się na badaniu i diagnozowaniu choroby na poziomie mikroskopowym. Plamy można stosować do definiowania tkanek biologicznych (podkreślanie, na przykład włókien mięśniowych lub tkanki łącznej), populacji komórek (klasyfikujących różne komórki krwi) lub organelli w poszczególnych komórkach. </Text>
</GameDBLocalizedString>

</LocalizedStrings>
</GameDBStringTable>
</Database>