﻿<?xml version="1.0" encoding="utf-8"?>
<Database>
  <GameDBStringTable ID="LOC_EN_ADDON_ONCO_BUILDING_MODE">
    <LanguageCode>tr</LanguageCode>
    <LanguageNameLocalized>Türkçe</LanguageNameLocalized>
    <Contributors>
      <Name>gokustan</Name>
    </Contributors>
    <LocalizedStrings>
      <GameDBLocalizedString>
        <LocID>ROOM_TYPE_ONCO_OFFICE</LocID>
        <Text>Onkoloji polikliniği</Text>
      </GameDBLocalizedString>
      <GameDBLocalizedString>
        <LocID>ROOM_TYPE_ONCO_OFFICE_DESCRIPTION</LocID>
        <Text>Onkoloji uzmanı hekimin görev aldığı poliklinik. Min. gerekli personel:\n1x Doctor</Text>
      </GameDBLocalizedString>
      <GameDBLocalizedString>
        <LocID>OBJECT_DECAL_MOD_ONCO</LocID>
        <Text>Onkoloji</Text>
      </GameDBLocalizedString>
      <GameDBLocalizedString>
        <LocID>OBJECT_DECAL_MOD_DESC</LocID>
        <Text>Duvar çıkartması.</Text>
      </GameDBLocalizedString>
    </LocalizedStrings>
  </GameDBStringTable>
</Database>