﻿<?xml version="1.0" encoding="utf-8"?>
<Database>
  <GameDBStringTable ID="LOC_EN_ADDON_ONCOLOGYSL_SYMPTOMS">
    <LanguageCode>tr</LanguageCode>
    <LanguageNameLocalized>Türkçe</LanguageNameLocalized>
    <Contributors>
      <Name>gokustan</Name>
    </Contributors>
    <LocalizedStrings>
      <GameDBLocalizedString>
        <LocID>SYM_SLP_ACTINIC_KERATOSIS</LocID>
        <Text>Aktinik keratoz</Text>
      </GameDBLocalizedString>
      <GameDBLocalizedString>
        <LocID>SYM_SLP_ACTINIC_KERATOSIS_DESC</LocID>
        <Text>Aktinik keratoz, güneşe uzun süreli maruziyet sonucu deride gelişen pullu ve pürüzlü lekelerdir.</Text>
      </GameDBLocalizedString>
      <GameDBLocalizedString>
        <LocID>SYM_SLP_NODULE_SKIN</LocID>
        <Text>Deride nodül</Text>
      </GameDBLocalizedString>
      <GameDBLocalizedString>
        <LocID>SYM_SLP_NODULE_SKIN_DESC</LocID>
        <Text>Deride küçük, parlak yumru veya nodül bulunmaktadır.</Text>
      </GameDBLocalizedString>
      <GameDBLocalizedString>
        <LocID>SYM_ONCO_SC1_1_DETECTED</LocID>
        <Text>Bazal hücreli karsinom tespit edildi</Text>
      </GameDBLocalizedString>
      <GameDBLocalizedString>
        <LocID>SYM_ONCO_SC1_1_DETECTED_DESC</LocID>
        <Text>Yapılan test, metastaz yapmamış bazal hücreli karsinom tespit etti.</Text>
      </GameDBLocalizedString>
      <GameDBLocalizedString>
        <LocID>SYM_ONCO_SC1_2_DETECTED</LocID>
        <Text>Bazal hücreli karsinom tespit edildi</Text>
      </GameDBLocalizedString>
      <GameDBLocalizedString>
        <LocID>SYM_ONCO_SC1_2_DETECTED_DESC</LocID>
        <Text>Yapılan test, metastaz yapmamış bazal hücreli karsinom tespit etti.</Text>
      </GameDBLocalizedString>
      <GameDBLocalizedString>
        <LocID>SYM_SLP_PERINEURAL_INVASION</LocID>
        <Text>Perinöral invazyon</Text>
      </GameDBLocalizedString>
      <GameDBLocalizedString>
        <LocID>SYM_SLP_PERINEURAL_INVASION_DESC</LocID>
        <Text>Perinöral invazyon, kanserin bir siniri çevreleyen alana invaze olmasını ifade eder.</Text>
      </GameDBLocalizedString>
      <GameDBLocalizedString>
        <LocID>SYM_ONCO_SC1_3_DETECTED</LocID>
        <Text>Bazal hücreli karsinom tespit edildi</Text>
      </GameDBLocalizedString>
      <GameDBLocalizedString>
        <LocID>SYM_ONCO_SC1_3_DETECTED_DESC</LocID>
        <Text>Yapılan test, yakın yerleşimli dokulara ve lenf nodlarına yayılım göstermiş bazal hücreli karsinom tespit etti.</Text>
      </GameDBLocalizedString>
      <GameDBLocalizedString>
        <LocID>SYM_ONCO_SC1_4_DETECTED</LocID>
        <Text>Bazal hücreli karsinom tespit edildi</Text>
      </GameDBLocalizedString>
      <GameDBLocalizedString>
        <LocID>SYM_ONCO_SC1_4_DETECTED_DESC</LocID>
        <Text>Yapılan test, metastaz yapmış bazal hücreli karsinom tespit etti.</Text>
      </GameDBLocalizedString>
      <GameDBLocalizedString>
        <LocID>SYM_SLP_METASTASIZED_CANCER</LocID>
        <Text>Metastatik kanser</Text>
      </GameDBLocalizedString>
      <GameDBLocalizedString>
        <LocID>SYM_SLP_METASTASIZED_CANCER_DESC</LocID>
        <Text>Metastatik kanser, oluştuğu bölgeden vücudun diğer kısımlarına yayılan kansere denir.</Text>
      </GameDBLocalizedString>
      <GameDBLocalizedString>
        <LocID>SYM_SLP_CHRONIC_WOUND</LocID>
        <Text>Kronik yara</Text>
      </GameDBLocalizedString>
      <GameDBLocalizedString>
        <LocID>SYM_SLP_CHRONIC_WOUND_DESC</LocID>
        <Text>Üç ay içerisinde iyileşmeyen yaralara kronik yara denir. Başta küçük olup tekrar tekrar kabuk bağlayabilir, ancak iyileşmez.</Text>
      </GameDBLocalizedString>
      <GameDBLocalizedString>
        <LocID>SYM_ONCO_SC2_1_DETECTED</LocID>
        <Text>Skuamöz hücreli karsinom tespit edildi</Text>
      </GameDBLocalizedString>
      <GameDBLocalizedString>
        <LocID>SYM_ONCO_SC2_1_DETECTED_DESC</LocID>
        <Text>Yapılan test, metastaz yapmamış skuamöz hücreli karsinom tespit etti.</Text>
      </GameDBLocalizedString>
      <GameDBLocalizedString>
        <LocID>SYM_ONCO_SC2_2_DETECTED</LocID>
        <Text>Skuamöz hücreli karsinom tespit edildi</Text>
      </GameDBLocalizedString>
      <GameDBLocalizedString>
        <LocID>SYM_ONCO_SC2_2_DETECTED_DESC</LocID>
        <Text>Yapılan test, metastaz yapmamış skuamöz hücreli karsinom tespit etti.</Text>
      </GameDBLocalizedString>
      <GameDBLocalizedString>
        <LocID>SYM_ONCO_SC2_3_DETECTED</LocID>
        <Text>Skuamöz hücreli karsinom tespit edildi</Text>
      </GameDBLocalizedString>
      <GameDBLocalizedString>
        <LocID>SYM_ONCO_SC2_3_DETECTED_DESC</LocID>
        <Text>Yapılan test, yakın yerleşimli dokulara ve lenf nodlarına yayılım göstermiş skuamöz hücreli karsinom tespit etti.</Text>
      </GameDBLocalizedString>
      <GameDBLocalizedString>
        <LocID>SYM_ONCO_SC2_4_DETECTED</LocID>
        <Text>Skuamöz hücreli karsinom tespit edildi</Text>
      </GameDBLocalizedString>
      <GameDBLocalizedString>
        <LocID>SYM_ONCO_SC2_4_DETECTED_DESC</LocID>
        <Text>Yapılan test, metastaz yapmış skuamöz hücreli karsinom tespit etti.</Text>
      </GameDBLocalizedString>
      <GameDBLocalizedString>
        <LocID>SYM_SLP_ABNORMAL_MOLE</LocID>
        <Text>Anormal leke</Text>
      </GameDBLocalizedString>
      <GameDBLocalizedString>
        <LocID>SYM_SLP_ABNORMAL_MOLE_DESC</LocID>
        <Text>Düzgün olmayan kontürlü, anormal bir renge sahip veya büyüklüğü değişen lekedir.</Text>
      </GameDBLocalizedString>
      <GameDBLocalizedString>
        <LocID>SYM_ONCO_SC3_1_DETECTED</LocID>
        <Text>Melanom tespit edildi</Text>
      </GameDBLocalizedString>
      <GameDBLocalizedString>
        <LocID>SYM_ONCO_SC3_1_DETECTED_DESC</LocID>
        <Text>Yapılan test, metastaz yapmamış melanom tespit etti.</Text>
      </GameDBLocalizedString>
      <GameDBLocalizedString>
        <LocID>SYM_ONCO_SC3_2_DETECTED</LocID>
        <Text>Melanom tespit edildi</Text>
      </GameDBLocalizedString>
      <GameDBLocalizedString>
        <LocID>SYM_ONCO_SC3_2_DETECTED_DESC</LocID>
        <Text>Yapılan test, metastaz yapmamış melanom tespit etti.</Text>
      </GameDBLocalizedString>
      <GameDBLocalizedString>
        <LocID>SYM_ONCO_SC3_3_DETECTED</LocID>
        <Text>Melanom tespit edildi</Text>
      </GameDBLocalizedString>
      <GameDBLocalizedString>
        <LocID>SYM_ONCO_SC3_3_DETECTED_DESC</LocID>
        <Text>Yapılan test, yakın yerleşimli dokulara ve lenf nodlarına yayılım göstermiş melanom tespit etti.</Text>
      </GameDBLocalizedString>
      <GameDBLocalizedString>
        <LocID>SYM_ONCO_SC3_4_DETECTED</LocID>
        <Text>Melanom tespit edildi</Text>
      </GameDBLocalizedString>
      <GameDBLocalizedString>
        <LocID>SYM_ONCO_SC3_4_DETECTED_DESC</LocID>
        <Text>Yapılan test, metastaz yapmış melanom tespit etti.</Text>
      </GameDBLocalizedString>
      <GameDBLocalizedString>
        <LocID>SYM_SLP_HIGH_EPLVL</LocID>
        <Text>Yüksek epinefrin düzeyleri</Text>
      </GameDBLocalizedString>
      <GameDBLocalizedString>
        <LocID>SYM_SLP_HIGH_EPLVL_DESC</LocID>
        <Text>Hastanın kanında artmış seviyede epinefrin tespit edildi. Epinefrin normalde hem adrenal bezlerden hem de medulla oblongata'da bulunan az sayıdaki bazı nöronlardan üretilir.</Text>
      </GameDBLocalizedString>
      <GameDBLocalizedString>
        <LocID>SYM_SLP_HIGH_NEPLVL</LocID>
        <Text>Yüksek norepinefrin düzeyleri</Text>
      </GameDBLocalizedString>
      <GameDBLocalizedString>
        <LocID>SYM_SLP_HIGH_NEPLVL_DESC</LocID>
        <Text>Hastanın kanında artmış seviyede norepinefrin tespit edildi. Norepinefrin, stres hormonu ve nörotransmitter olarak görev alan, vücutta doğal olarak bulunan bir kimyasaldır. Beyin bir olayı stres olarak algıladığı zaman kana salınır.</Text>
      </GameDBLocalizedString>
      <GameDBLocalizedString>
        <LocID>SYM_ONCO_AGC1_0_DETECTED</LocID>
        <Text>Feokromositoma tespit edildi</Text>
      </GameDBLocalizedString>
      <GameDBLocalizedString>
        <LocID>SYM_ONCO_AGC1_0_DETECTED_DESC</LocID>
        <Text>Yapılan test lokalize feokromositoma varlığını gösterdi.</Text>
      </GameDBLocalizedString>
      <GameDBLocalizedString>
        <LocID>SYM_ONCO_AGC1_1_DETECTED</LocID>
        <Text>Feokromositoma tespit edildi</Text>
      </GameDBLocalizedString>
      <GameDBLocalizedString>
        <LocID>SYM_ONCO_AGC1_1_DETECTED_DESC</LocID>
        <Text>Yapılan test bölgesel feokromositoma varlığını gösterdi.</Text>
      </GameDBLocalizedString>
      <GameDBLocalizedString>
        <LocID>SYM_ONCO_AGC1_2_DETECTED</LocID>
        <Text>Feokromositoma tespit edildi</Text>
      </GameDBLocalizedString>
      <GameDBLocalizedString>
        <LocID>SYM_ONCO_AGC1_2_DETECTED_DESC</LocID>
        <Text>Yapılan test metastatik feokromositoma varlığını gösterdi.</Text>
      </GameDBLocalizedString>
      <GameDBLocalizedString>
        <LocID>SYM_ONCO_LC_0_DETECTED</LocID>
        <Text>Küçük hücreli dışı akciğer kanseri (KHDAK) tespit edildi</Text>
      </GameDBLocalizedString>
      <GameDBLocalizedString>
        <LocID>SYM_ONCO_LC_0_DETECTED_DESC</LocID>
        <Text>Yapılan test lokalize küçük hücreli dışı akciğer kanseri varlığını gösterdi.</Text>
      </GameDBLocalizedString>
      <GameDBLocalizedString>
        <LocID>SYM_ONCO_LC_1_DETECTED</LocID>
        <Text>Küçük hücreli dışı akciğer kanseri (KHDAK) tespit edildi</Text>
      </GameDBLocalizedString>
      <GameDBLocalizedString>
        <LocID>SYM_ONCO_LC_1_DETECTED_DESC</LocID>
        <Text>Yapılan test bölgesel küçük hücreli dışı akciğer kanseri varlığını gösterdi.</Text>
      </GameDBLocalizedString>
      <GameDBLocalizedString>
        <LocID>SYM_SL_SEIZURES</LocID>
        <Text>Nöbet geçirme</Text>
      </GameDBLocalizedString>
      <GameDBLocalizedString>
        <LocID>SYM_SL_SEIZURES_DESC</LocID>
        <Text>Aniden gelişen beyindeki kontrolsüz elektriksel bozukluğa nöbet denir. Kişinin davranışlarında, hareketlerinde, hislerinde ve bilinç seviyesinde değişikliğe neden olabilir.</Text>
      </GameDBLocalizedString>
      <GameDBLocalizedString>
        <LocID>SYM_ONCO_LC_2_DETECTED</LocID>
        <Text>Küçük hücreli dışı akciğer kanseri (KHDAK) tespit edildi</Text>
      </GameDBLocalizedString>
      <GameDBLocalizedString>
        <LocID>SYM_ONCO_LC_2_DETECTED_DESC</LocID>
        <Text>Yapılan test metastatik küçük hücreli dışı akciğer kanseri varlığını gösterdi.</Text>
      </GameDBLocalizedString>
      <GameDBLocalizedString>
        <LocID>SYM_SL_HEMOPTYSIS</LocID>
        <Text>Hemoptizi</Text>
      </GameDBLocalizedString>
      <GameDBLocalizedString>
        <LocID>SYM_SL_HEMOPTYSIS_DESC</LocID>
        <Text>Hemoptizi; bronşlar, larinks, trakea veya akciğerler kaynaklı kan veya kanlı mukus öksürmeye denir. Bir diğer deyişle hava yolu kanamasıdır. Hemoptizi akciğer kanserinde; tüberküloz, bronşit veya pnömoni gibi enfeksiyonlarda ve bazı kardiyovasküler hastalıklarda görülebilir.</Text>
      </GameDBLocalizedString>
      <GameDBLocalizedString>
        <LocID>SYM_ONCO_LC1_0_DETECTED</LocID>
        <Text>Küçük hücreli akciğer kanseri (KHAK) tespit edildi</Text>
      </GameDBLocalizedString>
      <GameDBLocalizedString>
        <LocID>SYM_ONCO_LC1_0_DETECTED_DESC</LocID>
        <Text>Yapılan test sınırlı evrede küçük hücreli akciğer kanseri varlığını gösterdi.</Text>
      </GameDBLocalizedString>
      <GameDBLocalizedString>
        <LocID>SYM_ONCO_LC1_1_DETECTED</LocID>
        <Text>Küçük hücreli akciğer kanseri (KHAK) tespit edildi</Text>
      </GameDBLocalizedString>
      <GameDBLocalizedString>
        <LocID>SYM_ONCO_LC1_1_DETECTED_DESC</LocID>
        <Text>Yapılan test ileri evrede küçük hücreli akciğer kanseri varlığını gösterdi.</Text>
      </GameDBLocalizedString>
      <GameDBLocalizedString>
        <LocID>SYM_SLP_NERVE_DAMAGE</LocID>
        <Text>Postoperatif nöropatik ağrı</Text>
      </GameDBLocalizedString>
      <GameDBLocalizedString>
        <LocID>SYM_SLP_NERVE_DAMAGE_DESC</LocID>
        <Text>Postoperatif nöropatik ağrı, bir cerrahi sırasında sinirlerin harap olması sonucu gelişebilir. Hasarlı sinirler vücudun çeşitli kısımlarından gelen sinyalleri doğru bir şekilde beyne iletemez. Bunun yerine bu sinyaller üst üste binerek aylar hatta yıllar boyu sürebilen kronik ağrıya neden olur.</Text>
      </GameDBLocalizedString>
      <GameDBLocalizedString>
        <LocID>SYM_SLP_NERVE_DAMAGE</LocID>
        <Text>Anaflaktik şok</Text>
      </GameDBLocalizedString>
      <GameDBLocalizedString>
        <LocID>SYM_SLP_NERVE_DAMAGE_DESC</LocID>
        <Text>Anaflaktik şok doğru bir şekilde tedavi edilmezse ölümcül olabilen nadir ama ciddi bir allerjik reaksiyondur. Genellikle bir yiyeceğe, böcek ısırığına veya alınan bazı ilaçlara karşı gelişen allerji nedeniyle olur.</Text>
      </GameDBLocalizedString>
      <GameDBLocalizedString>
        <LocID>SYM_ONCO_BC1_0_DETECTED</LocID>
        <Text>Kolorektal adenokarsinom tespit edildi</Text>
      </GameDBLocalizedString>
      <GameDBLocalizedString>
        <LocID>SYM_ONCO_BC1_0_DETECTED_DESC</LocID>
        <Text>Yapılan test lokalize kolorektal adenokarsinom varlığını gösterdi.</Text>
      </GameDBLocalizedString>
      <GameDBLocalizedString>
        <LocID>SYM_ONCO_BC1_1_DETECTED</LocID>
        <Text>Kolorektal adenokarsinom tespit edildi</Text>
      </GameDBLocalizedString>
      <GameDBLocalizedString>
        <LocID>SYM_ONCO_BC1_1_DETECTED_DESC</LocID>
        <Text>Yapılan test bölgesel kolorektal adenokarsinom varlığını gösterdi.</Text>
      </GameDBLocalizedString>
      <GameDBLocalizedString>
        <LocID>SYM_ONCO_BC1_2_DETECTED</LocID>
        <Text>Kolorektal adenokarsinom tespit edildi</Text>
      </GameDBLocalizedString>
      <GameDBLocalizedString>
        <LocID>SYM_ONCO_BC1_2_DETECTED_DESC</LocID>
        <Text>Yapılan test metastatik kolorektal adenokarsinom varlığını gösterdi.</Text>
      </GameDBLocalizedString>
      <GameDBLocalizedString>
        <LocID>SYM_SLP_HIGH_CEALVL</LocID>
        <Text>Yüksek karsinoembriyonik antijen düzeyleri</Text>
      </GameDBLocalizedString>
      <GameDBLocalizedString>
        <LocID>SYM_SLP_HIGH_CEALVL_DESC</LocID>
        <Text>Hastanın kanında artmış seviyede karsinoembriyonik antijen (CEA) tespit edildi. Yüksek CEA seviyesi bazı kanser tiplerine ait bir bulgu olabilir. Bu kanserlere kolon, rektum, prostat, over, akciğer, tiroit ve karaciğer kanserleri dahildir. Yüksek CEA seviyesi aynı zamanda siroz, nonkanseröz meme hastalığı ve amfizem gibi nonkanseröz hastalıklarda da görülebilir.</Text>
      </GameDBLocalizedString>
      <GameDBLocalizedString>
        <LocID>SYM_SLP_POLYPS</LocID>
        <Text>Kolorektal polip</Text>
      </GameDBLocalizedString>
      <GameDBLocalizedString>
        <LocID>SYM_SLP_POLYPS_DESC</LocID>
        <Text>Bağırsak lümenine doğru çıkan, kolon ve rektumu döşeyen dokulardaki büyümeye polip denir. Genellikle asemptomatiktir. Pek çoğu zararsızdır, ancak bazı türleri kanseröz olabilir.</Text>
      </GameDBLocalizedString>
      <GameDBLocalizedString>
        <LocID>SYM_ONCO_AGC2_0_DETECTED</LocID>
        <Text>Adrenokortikal karsinom tespit edildi</Text>
      </GameDBLocalizedString>
      <GameDBLocalizedString>
        <LocID>SYM_ONCO_AGC2_0_DETECTED_DESC</LocID>
        <Text>Yapılan test lokalize adrenokortikal karsinom varlığını gösterdi.</Text>
      </GameDBLocalizedString>
      <GameDBLocalizedString>
        <LocID>SYM_ONCO_AGC2_1_DETECTED</LocID>
        <Text>Adrenokortikal karsinom tespit edildi</Text>
      </GameDBLocalizedString>
      <GameDBLocalizedString>
        <LocID>SYM_ONCO_AGC2_1_DETECTED_DESC</LocID>
        <Text>Yapılan test bölgesel adrenokortikal karsinom varlığını gösterdi.</Text>
      </GameDBLocalizedString>
      <GameDBLocalizedString>
        <LocID>SYM_ONCO_AGC2_2_DETECTED</LocID>
        <Text>Adrenokortikal karsinom tespit edildi</Text>
      </GameDBLocalizedString>
      <GameDBLocalizedString>
        <LocID>SYM_ONCO_AGC2_2_DETECTED_DESC</LocID>
        <Text>Yapılan test metastatik adrenokortikal karsinom varlığını gösterdi.</Text>
      </GameDBLocalizedString>
      <GameDBLocalizedString>
        <LocID>SYM_SLP_HYPONATREMIA</LocID>
        <Text>Hiponatremi</Text>
      </GameDBLocalizedString>
      <GameDBLocalizedString>
        <LocID>SYM_SLP_HYPONATREMIA_DESC</LocID>
        <Text>Hiponatremi, kandaki sodyum konsantrasyonunun normalin altında olmasıdır. Sodyum bir elektrolittir, hücre içerisindeki ve dışındaki su miktarının regüle edilmesinde rol oynar.</Text>
      </GameDBLocalizedString>
      <GameDBLocalizedString>
        <LocID>SYM_SLP_HYPERGLYCEMIA</LocID>
        <Text>Hiperglisemi</Text>
      </GameDBLocalizedString>
      <GameDBLocalizedString>
        <LocID>SYM_SLP_HYPERGLYCEMIA_DESC</LocID>
        <Text>Hiperglisemi yüksek kan glukozu (kan şekeri) anlamına gelir. Yüksek kan şekeri, vücut az sayıda insülin'e sahip olduğunda veya insülin'i muntazam kullanamadığında gelişir.</Text>
      </GameDBLocalizedString>
      <GameDBLocalizedString>
        <LocID>SYM_SLP_HYPERCORTISOL</LocID>
        <Text>Hiperkortizolizm</Text>
      </GameDBLocalizedString>
      <GameDBLocalizedString>
        <LocID>SYM_SLP_HYPERCORTISOL_DESC</LocID>
        <Text>Cushing sendromu veya hiperkortizolizm, normalde adrenal bez tarafından üretilen bir hormon olan kortizol'e vücudun aşırı seviyelerde kronik maruziyeti sonucunda gelişen, nadir görülen bir endokrin bozukluktur.</Text>
      </GameDBLocalizedString>
      <GameDBLocalizedString>
        <LocID>SYM_SLP_HYPERALDOSTERONISM</LocID>
        <Text>Hiperaldosteronizm</Text>
      </GameDBLocalizedString>
      <GameDBLocalizedString>
        <LocID>SYM_SLP_HYPERALDOSTERONISM_DESC</LocID>
        <Text>Hiperaldosteronizm, adrenal bez aşırı sayıda aldosteron ürettiğinde gelişen ve buna bağlı olarak hipertansiyon (yüksek kan basıncı) ve düşük kan potasyum seviyesinin görüldüğü bir hastalıktır. Primer hiperaldosteronizm bir adrenal bezin (unilateral hastalık) veya ikisinin (bilateral hastalık) aşırı aktivitesi sonucu gelişebilir.</Text>
      </GameDBLocalizedString>
      <GameDBLocalizedString>
        <LocID>SYM_ONCO_MC001_0_DETECTED</LocID>
        <Text>Gastrointestinal NET tespit edildi</Text>
      </GameDBLocalizedString>
      <GameDBLocalizedString>
        <LocID>SYM_ONCO_MC001_0_DETECTED_DESC</LocID>
        <Text>Yapılan test sınırlı evrede gastrointestinal NET varlığını gösterdi.</Text>
      </GameDBLocalizedString>
      <GameDBLocalizedString>
        <LocID>SYM_ONCO_MC001_1_DETECTED</LocID>
        <Text>Gastrointestinal NET tespit edildi</Text>
      </GameDBLocalizedString>
      <GameDBLocalizedString>
        <LocID>SYM_ONCO_MC001_1_DETECTED_DESC</LocID>
        <Text>Yapılan test ileri evrede gastrointestinal NET varlığını gösterdi.</Text>
      </GameDBLocalizedString>
      <GameDBLocalizedString>
        <LocID>SYM_SLP_LARGE_LYMPHNODE</LocID>
        <Text>Lenfadenit</Text>
      </GameDBLocalizedString>
      <GameDBLocalizedString>
        <LocID>SYM_SLP_LARGE_LYMPHNODE_DESC</LocID>
        <Text>Lenfadenit (büyümüş lenf nodları), lenf nodlarının hastalık, enfeksiyon veya strese yanıt olarak şişkinlik göstermesidir. Büyümüş lenf nodları, lenfatik sistemin hastalıktan sorumlu ajanları vücuttan atmak için uğraştığının bir bulgusudur. İmmün sistem glandları sıklıkla bakteriyal veya viral enfeksiyona cevaben büyür, bununla beraber aniden çok sayıda lenf nodunun büyümesi kansere işaret edebilir.</Text>
      </GameDBLocalizedString>
      <GameDBLocalizedString>
        <LocID>SYM_SLP_ELAVATED_5HIAA</LocID>
        <Text>Yüksek 5-HIAA düzeyleri</Text>
      </GameDBLocalizedString>
      <GameDBLocalizedString>
        <LocID>SYM_SLP_ELAVATED_5HIAA_DESC</LocID>
        <Text>Hastanın idrarında artmış seviyede 5-HIAA (5-hidroksiindolasetik asit) tespit edildi. Serotonin idrarda 5-hidroksiindolasetik asit (5-HIAA) olarak ölçülür. Artmış 5-HIAA seviyeleri karsinoid sendrom ve karsinoid kriz ile koreledir. Kalp kapakçıklarının yüksek serotonin düzeylerine uzun süreli maruziyeti hastalığa ait komplikasyonlarla irtibatlıdır.</Text>
      </GameDBLocalizedString>
      <GameDBLocalizedString>
        <LocID>SYM_SLP_CGA_BL_DETECTED</LocID>
        <Text>Yüksek kromogranin-A düzeyleri</Text>
      </GameDBLocalizedString>
      <GameDBLocalizedString>
        <LocID>SYM_SLP_CGA_BL_DETECTED_DESC</LocID>
        <Text>Hastanın kanında artmış seviyede kromogranin-A tespit edildi. Kromogranin-A tüm karsinoid tümörlerle irtibatlı olan genel bir marker'dır. Esasen tümör hücreleri tarafından üretilen ve salınan bir proteindir. Kromogranin-A diğer hormonlarla da irtibatlıdır ve onların regülasyonunda rol oynayabilir. Kanda normal kromogranin-A düzeyleri kabaca 39 ng/L'den küçüktür.</Text>
      </GameDBLocalizedString>
      <GameDBLocalizedString>
        <LocID>SYM_SLP_CARCINOID_CRISIS</LocID>
        <Text>Karsinoid kriz</Text>
      </GameDBLocalizedString>
      <GameDBLocalizedString>
        <LocID>SYM_SLP_CARCINOID_CRISIS_DESC</LocID>
        <Text>Karsinoid kriz hayatı tehdit eden bir karsinoid sendrom formudur, tümörden aşırı miktarda biyolojik aktif bileşik salınımı sonucu gelişir. Aşırı stres, tümör manipülasyonu (biyopsi veya cerrahi) veya anestezi krizi tetikleyebilir.</Text>
      </GameDBLocalizedString>
      <GameDBLocalizedString>
        <LocID>SYM_SLP_ANAPHYLACTIC_SHOCK</LocID>
        <Text>Anaflaktik şok</Text>
      </GameDBLocalizedString>
      <GameDBLocalizedString>
        <LocID>SYM_SLP_ANAPHYLACTIC_SHOCK_DESC</LocID>
        <Text>Anaflaktik şok doğru bir şekilde tedavi edilmezse ölümcül olabilen nadir ama ciddi bir allerjik reaksiyondur. Genellikle bir yiyeceğe, böcek ısırığına veya alınan bazı ilaçlara karşı gelişen allerji nedeniyle olur. En kısa sürede hastaya epinefrin verilmesi gerekir.</Text>
      </GameDBLocalizedString>
      <!-- Blood Cancer Symptoms -->
      <GameDBLocalizedString>
        <LocID>SYM_SLP_UNUSUAL_INFECT</LocID>
        <Text>Olağan dışı enfeksiyon</Text>
      </GameDBLocalizedString>
      <GameDBLocalizedString>
        <LocID>SYM_SLP_UNUSUAL_INFECT_DESC</LocID>
        <Text>Bilinmeyen bir sebebe sahip yahut olağan dışı özellikler sergileyen bir enfeksiyondur.</Text>
      </GameDBLocalizedString>
      <GameDBLocalizedString>
        <LocID>SYM_SLP_FREQUENT_INFECT</LocID>
        <Text>Sık geçirilen enfeksiyonlar</Text>
      </GameDBLocalizedString>
      <GameDBLocalizedString>
        <LocID>SYM_SLP_FREQUENT_INFECT_DESC</LocID>
        <Text>Sık geçirilen enfeksiyonlar sayıca fazla, çok ciddi veya çok uzun süreli olan enfeksiyonlardır. Sık veya rekürren enfeksiyonlar, vücut yeterince lökosit üretemeyerek immün sistemin doğru çalışmasını sağlayamadığı için görülebilir.</Text>
      </GameDBLocalizedString>
      <GameDBLocalizedString>
        <LocID>SYM_SLP_LYMPHOCYTOSIS</LocID>
        <Text>Lenfositoz</Text>
      </GameDBLocalizedString>
      <GameDBLocalizedString>
        <LocID>SYM_SLP_LYMPHOCYTOSIS_DESC</LocID>
        <Text>Lenfositoz, bir lökosit alt tipi olan lenfositlerin normalden fazla sayıda olması anlamına gelir. Lenfositler immün sistemin bir parçasıdır ve enfeksiyonlarla savaşta rol oynar.</Text>
      </GameDBLocalizedString>
      <GameDBLocalizedString>
        <LocID>SYM_SLP_PETECHIAE</LocID>
        <Text>Peteşi</Text>
      </GameDBLocalizedString>
      <GameDBLocalizedString>
        <LocID>SYM_SLP_PETECHIAE_DESC</LocID>
        <Text>Peteşi deride, müköz veya seröz membranda görülen küçük, sirküler, kabarık olmayan lekelerdir. Deri altındaki kanama sonucu ortaya çıkar.</Text>
      </GameDBLocalizedString>
      <GameDBLocalizedString>
        <LocID>SYM_SLP_BLEEDING_GUM</LocID>
        <Text>Diş eti kanaması</Text>
      </GameDBLocalizedString>
      <GameDBLocalizedString>
        <LocID>SYM_SLP_BLEEDING_GUM_DESC</LocID>
        <Text>Diş eti kanaması, diş eti hastalığının en sık görülen semptomudur. Bununla beraber başka sağlık problemlerine de işaret edebilir. Aşırı diş fırçalama veya tam oturmayan takma diş takma sonucu görülebilir. Sık görülen diş eti kanaması daha ciddi problemleri akla getirmelidir.</Text>
      </GameDBLocalizedString>
      <GameDBLocalizedString>
        <LocID>SYM_SLP_HIGH_TCOUNT</LocID>
        <Text>Yüksek T hücresi düzeyleri</Text>
      </GameDBLocalizedString>
      <GameDBLocalizedString>
        <LocID>SYM_SLP_HIGH_TCOUNT_DESC</LocID>
        <Text>Yüksek T hücresi düzeyleri şunlara bağlı olabilir: Enfeksiyöz mononükleoz, "öpücük hastalığı" olarak da bilinir; akut lenfositik lösemi (ALL), lökositleri etkileyen bir kanser türüdür; multiple myelom, kemik iliğinde bulunan plazma hücrelerini etkileyen bir kanser türüdür.</Text>
      </GameDBLocalizedString>
      <GameDBLocalizedString>
        <LocID>SYM_SLP_RC_APLASIA</LocID>
        <Text>Eritrosit aplazisi</Text>
      </GameDBLocalizedString>
      <GameDBLocalizedString>
        <LocID>SYM_SLP_RC_APLASIA_DESC</LocID>
        <Text>Saf eritrosit aplazisi (SEA) veya eritroblastopeni, eritrosit prekürsörlerini etkileyip lökosit prekürsörlerini etkilemeyen bir anemi tipidir. SEA'da kemik iliği eritrosit üretemez. Etiyolojisinde pek çok neden mevcuttur.</Text>
      </GameDBLocalizedString>
      <GameDBLocalizedString>
        <LocID>SYM_SLP_CHRONIC_NEUT</LocID>
        <Text>Nötropeni</Text>
      </GameDBLocalizedString>
      <GameDBLocalizedString>
        <LocID>SYM_SLP_CHRONIC_NEUT_DESC</LocID>
        <Text>Nötropeni normalden az sayıda nötrofil bulunmasıdır. Nötrofiller bir lökosit türüdür. Tüm lökositler vücudun enfeksiyonla savaşında rol oynar. Bunu zararlı bakteri ve mantarları yok ederek yaparlar. Nötrofiller kemik iliğinde üretilir.</Text>
      </GameDBLocalizedString>
      <GameDBLocalizedString>
        <LocID>SYM_SLP_SPLENOMEGALY</LocID>
        <Text>Splenomegali</Text>
      </GameDBLocalizedString>
      <GameDBLocalizedString>
        <LocID>SYM_SLP_SPLENOMEGALY_DESC</LocID>
        <Text>Splenomegali dalağın büyümesi anlamına gelir. Büyümüş dalak veya dalak büyümesi olarak da adlandırılabilir.</Text>
      </GameDBLocalizedString>
      <GameDBLocalizedString>
        <LocID>SYM_SLP_RUP_SPLENOMEGALY</LocID>
        <Text>Rüptüre dalak</Text>
      </GameDBLocalizedString>
      <GameDBLocalizedString>
        <LocID>SYM_SLP_RUP_SPLENOMEGALY_DESC</LocID>
        <Text>Rüptüre dalak acil bir tıbbi durumdur, dalağı çevreleyen kapsüle benzer yapının yırtılması anlamına gelir, abdomene kan akar. Rüptürün boyutuna göre ciddi miktarda iç kanama görülebilir.</Text>
      </GameDBLocalizedString>
      <GameDBLocalizedString>
        <LocID>SYM_SLP_HEPATOMEGALY</LocID>
        <Text>Hepatomegali</Text>
      </GameDBLocalizedString>
      <GameDBLocalizedString>
        <LocID>SYM_SLP_HEPATOMEGALY_DESC</LocID>
        <Text>Hepatomegali karaciğerin büyümesi anlamına gelir. Genellikle ciddi bir sağlık probleminin bulgusudur.</Text>
      </GameDBLocalizedString>
      <GameDBLocalizedString>
        <LocID>SYM_SLP_THROMBOCYTOPENIA</LocID>
        <Text>Trombositopeni</Text>
      </GameDBLocalizedString>
      <GameDBLocalizedString>
        <LocID>SYM_SLP_THROMBOCYTOPENIA_DESC</LocID>
        <Text>Trombositopeni normalden az sayıda platelet bulunmasıdır. Plateletler kan pıhtısının oluşmasında rol oynayan renksiz kan hücreleridir. Kan damarı yaralanmalarında birikip tıkaç oluşturarak kanamayı durdururlar.</Text>
      </GameDBLocalizedString>
      <GameDBLocalizedString>
        <LocID>SYM_SLP_CDF_T_02</LocID>
        <Text>PML-RARA defekti tespit edildi</Text>
      </GameDBLocalizedString>
      <GameDBLocalizedString>
        <LocID>SYM_SLP_CDF_T_02_DESC</LocID>
        <Text>APL hücreleri "dengeli translokasyon" adı verilen çok spesifik bir anormalliğe sahiptir. 15 ve 17. kromozomların yer değiştirmesi sonucu oluşur. Bunun neticesinde “PML/RARα” anormal füzyon geni teşekkül eder. Mutasyona uğramış bu gen hastalığın pek çok özelliğinden sorumludur.</Text>
      </GameDBLocalizedString>
      <GameDBLocalizedString>
        <LocID>SYM_SLP_FISH_POSLESION</LocID>
        <Text>FISH-pozitif lezyon</Text>
      </GameDBLocalizedString>
      <GameDBLocalizedString>
        <LocID>SYM_SLP_FISH_POSLESION_DESC</LocID>
        <Text>Yapılan testler sonucu lezyonun malign olduğu doğrulandı.</Text>
      </GameDBLocalizedString>
      <GameDBLocalizedString>
        <LocID>SYM_SLP_CDF_T_01</LocID>
        <Text>Philadelphia defekti tespit edildi</Text>
      </GameDBLocalizedString>
      <GameDBLocalizedString>
        <LocID>SYM_SLP_CDF_T_01_DESC</LocID>
        <Text>Philadelphia kromozomu veya Philadelphia translokasyonu (Ph), lösemi kanseri (özellikle KML) hücrelerinde görülen 22. kromozomdaki bir genetik anormalliktir. Philadelphia kromozomundaki defekt resiprokal translokasyondur, 9 ve 22. kromozomlar yer değiştirir. Bu translokasyonun varlığı KML için oldukça sensitiftir, zira pek çok KML vakasında Ph pozitif tespit edilir.</Text>
      </GameDBLocalizedString>
      <GameDBLocalizedString>
        <LocID>SYM_SLP_SM_P_001</LocID>
        <Text>Myeloperoksidaz (MPO) pozitif</Text>
      </GameDBLocalizedString>
      <GameDBLocalizedString>
        <LocID>SYM_SLP_SM_P_001_DESC</LocID>
        <Text>Myeloperoksidaz lizozomal bir enzimdir; nötrofil, nötrofil prekürsörleri, eozinofiller ve monositlerin azurofilik granüllerinde bulunur. Bu boyama yöntemi esasen akut myeloid lösemi ile akut lenfoblastik lösemi'yi ayırmak için kullanılır.</Text>
      </GameDBLocalizedString>
      <GameDBLocalizedString>
        <LocID>SYM_SLP_SM_P_002</LocID>
        <Text>Sudan Black B pozitif</Text>
      </GameDBLocalizedString>
      <GameDBLocalizedString>
        <LocID>SYM_SLP_SM_P_002_DESC</LocID>
        <Text>Solvent Black 3 bir azo boyasıdır. Nonfloresandır, nispeten termostabil, yağda çözünen diazo bir boyadır. Frozen kesitlerindeki nötr trigliserit ve lipitleri, parafin kesitlerindeki bazı lipoproteinleri boyar. Sudan boyaması için kullanılır. Hematolojik bozuklukları ayırt etmeye yarar, myeloblastları boyarken lenfoblastları boyamaz.</Text>
      </GameDBLocalizedString>
      <GameDBLocalizedString>
        <LocID>SYM_SLP_CDF_T_03</LocID>
        <Text>IDH1/IDH2 mutasyonu tespit edildi</Text>
      </GameDBLocalizedString>
      <GameDBLocalizedString>
        <LocID>SYM_SLP_CDF_T_03_DESC</LocID>
        <Text>İzositrat dehidrogenaz (IDH), trikarboksilik asit (TCA) döngüsünde izositrat'ın α-ketoglutarat'a (α-KG) dönüşümünde rol oynayan kilit bir enzimdir. IDH mutasyonu neomorfik bir enzim oluşturur, buna bağlı anormal R-2-HG akümülasyonu ve lökomogenez lehine değişim gerçekleşebilir. Akut myeloid lösemi (AML) hastalarının %20'sinde IDH mutasyonu mevcuttur, esasen IDH1 R132, IDH2 R140, ve IDH2 R172'yi içerir.</Text>
      </GameDBLocalizedString>
      <GameDBLocalizedString>
        <LocID>SYM_SLP_CDF_T_04</LocID>
        <Text>BCR-ABL füzyon geni tespit edildi</Text>
      </GameDBLocalizedString>
      <GameDBLocalizedString>
        <LocID>SYM_SLP_CDF_T_04_DESC</LocID>
        <Text>BCR-ABL mutasyonu, BCR ve ABL genlerinin kombinasyonu sonucu gelişir. Füzyon geni adı da verilir. BCR geni normalde 22. kromozomda, ABL geni ise 9. kromozomda bulunur. BCR-ABL mutasyonu, BCR ve ABL genleri olduğu yerden ayrılıp yer değiştirdiği zaman gerçekleşir.</Text>
      </GameDBLocalizedString>
      <GameDBLocalizedString>
        <LocID>SYM_SLP_CDF_T_05</LocID>
        <Text>Trizomi 8 geni tespit edildi</Text>
      </GameDBLocalizedString>
      <GameDBLocalizedString>
        <LocID>SYM_SLP_CDF_T_05_DESC</LocID>
        <Text>Warkany sendromu 2 olarak da bilinen trizomi 8, 8. kromozomun üç kopyasının bulunması (trizomi) sonucu gelişen bir kromozomal bozukluktur. Mozaiklik eşlik edebilir veya etmeyebilir. Mozaik tabiri bazı hücrelerin fazladan kromozoma sahip olup bazılarının sahip olmaması anlamına gelir.</Text>
      </GameDBLocalizedString>
      <GameDBLocalizedString>
        <LocID>SYM_SLP_CDF_T_06</LocID>
        <Text>Trizomi 9 geni tespit edildi</Text>
      </GameDBLocalizedString>
      <GameDBLocalizedString>
        <LocID>SYM_SLP_CDF_T_06_DESC</LocID>
        <Text>Mozaik trizomi 9, bazı hücrelerde 9. kromozomun iki yerine üç kopyasının bulunduğu nadir görülen bir kromozomal bozukluktur. Mozaik tabiri bazı hücrelerin fazladan 9. kromozom içerirken bazılarının tipik iki kromozom bulundurması anlamına gelir.</Text>
      </GameDBLocalizedString>
      <GameDBLocalizedString>
        <LocID>SYM_SLP_CDF_T_07</LocID>
        <Text>Philadelphia kromozomu duplikasyonu</Text>
      </GameDBLocalizedString>
      <GameDBLocalizedString>
        <LocID>SYM_SLP_CDF_T_07_DESC</LocID>
        <Text>Defektif bir kromozom olan Philadelphia kromozomunun duplikasyonu tespit edildi. Bu durum kronik myeloid lösemi'nin daha ileri evrelerinde görülebilir.</Text>
      </GameDBLocalizedString>
      <GameDBLocalizedString>
        <LocID>SYM_SLP_BLA_HIGH1</LocID>
        <Text>Orta yükseklikte blast hücresi düzeyleri</Text>
      </GameDBLocalizedString>
      <GameDBLocalizedString>
        <LocID>SYM_SLP_BLA_HIGH1_DESC</LocID>
        <Text>Blastlar dolaşımda bulunan matür nötrofil, monosit, lenfosit ve eritrositlerin prekürsörleridir. Normalde blastlar kemik iliğinde az sayıda bulunurlar, kanda önemli düzeyde bulunmazlar. Yapılan test sonucu kanda %5-19 arasında blast hücresi tespit edildi.</Text>
      </GameDBLocalizedString>
      <GameDBLocalizedString>
        <LocID>SYM_SLP_BLA_HIGH2</LocID>
        <Text>Yüksek blast hücresi düzeyleri</Text>
      </GameDBLocalizedString>
      <GameDBLocalizedString>
        <LocID>SYM_SLP_BLA_HIGH2_DESC</LocID>
        <Text>Blastlar dolaşımda bulunan matür nötrofil, monosit, lenfosit ve eritrositlerin prekürsörleridir. Normalde blastlar kemik iliğinde az sayıda bulunurlar, kanda önemli düzeyde bulunmazlar. Yapılan test sonucu kanda %20'nin üzerinde blast hücresi tespit edildi.</Text>
      </GameDBLocalizedString>
      <GameDBLocalizedString>
        <LocID>SYM_SLP_BLA_HIGH3</LocID>
        <Text>Çok yüksek blast hücresi düzeyleri</Text>
      </GameDBLocalizedString>
      <GameDBLocalizedString>
        <LocID>SYM_SLP_BLA_HIGH3_DESC</LocID>
        <Text>Blastlar dolaşımda bulunan matür nötrofil, monosit, lenfosit ve eritrositlerin prekürsörleridir. Normalde blastlar kemik iliğinde az sayıda bulunurlar, kanda önemli düzeyde bulunmazlar. Yapılan test sonucu kanda %30'un üzerinde blast hücresi tespit edildi. Bu düzeyde blast hücreleri, normal lökositleri baskılayarak onların etkisini zayıflatır.</Text>
      </GameDBLocalizedString>
      <!-- leukaemia -->
      <GameDBLocalizedString>
        <LocID>SYM_ONCO_BLC01_0_DETECTED</LocID>
        <Text>Pre-B hücreli akut lenfositik lösemi tespit edildi</Text>
      </GameDBLocalizedString>
      <GameDBLocalizedString>
        <LocID>SYM_ONCO_BLC01_0_DETECTED_DESC</LocID>
        <Text>Yapılan test akut formda pre-B hücreli akut lenfositik lösemi varlığını gösterdi.</Text>
      </GameDBLocalizedString>
      <GameDBLocalizedString>
        <LocID>SYM_ONCO_BLC01_1_DETECTED</LocID>
        <Text>B hücreli akut lenfositik lösemi tespit edildi</Text>
      </GameDBLocalizedString>
      <GameDBLocalizedString>
        <LocID>SYM_ONCO_BLC01_1_DETECTED_DESC</LocID>
        <Text>Yapılan test akut formda B hücreli lenfositik lösemi varlığını gösterdi.</Text>
      </GameDBLocalizedString>
      <GameDBLocalizedString>
        <LocID>SYM_ONCO_BLC02_A_DETECTED</LocID>
        <Text>Kronik lenfositik lösemi tespit edildi</Text>
      </GameDBLocalizedString>
      <GameDBLocalizedString>
        <LocID>SYM_ONCO_BLC02_A_DETECTED_DESC</LocID>
        <Text>Yapılan test kronik formda ancak stabil lenfositik lösemi varlığını gösterdi.</Text>
      </GameDBLocalizedString>
      <GameDBLocalizedString>
        <LocID>SYM_ONCO_BLC02_B_DETECTED</LocID>
        <Text>Kronik lenfositik lösemi tespit edildi</Text>
      </GameDBLocalizedString>
      <GameDBLocalizedString>
        <LocID>SYM_ONCO_BLC02_B_DETECTED_DESC</LocID>
        <Text>Yapılan test kronik formda ve ileri evrede lenfositik lösemi varlığını gösterdi.</Text>
      </GameDBLocalizedString>
      <GameDBLocalizedString>
        <LocID>SYM_ONCO_BLC01_2_DETECTED</LocID>
        <Text>T hücreli akut lenfositik lösemi tespit edildi</Text>
      </GameDBLocalizedString>
      <GameDBLocalizedString>
        <LocID>SYM_ONCO_BLC01_2_DETECTED_DESC</LocID>
        <Text>Yapılan test akut formda T hücreli lenfositik lösemi varlığını gösterdi.</Text>
      </GameDBLocalizedString>
      <GameDBLocalizedString>
        <LocID>SYM_ONCO_BLC01_3_DETECTED</LocID>
        <Text>T hücreli akut lenfositik lösemi tespit edildi</Text>
      </GameDBLocalizedString>
      <GameDBLocalizedString>
        <LocID>SYM_ONCO_BLC01_3_DETECTED_DESC</LocID>
        <Text>Yapılan test akut formda T hücreli lenfositik lösemi varlığını gösterdi.</Text>
      </GameDBLocalizedString>
      <GameDBLocalizedString>
        <LocID>SYM_ONCO_BLC03_0_DETECTED</LocID>
        <Text>T hücreli LGL lösemi tespit edildi</Text>
      </GameDBLocalizedString>
      <GameDBLocalizedString>
        <LocID>SYM_ONCO_BLC03_0_DETECTED_DESC</LocID>
        <Text>Yapılan test T hücreli "large granular" lenfositik (LGL) lösemi varlığını gösterdi.</Text>
      </GameDBLocalizedString>
      <GameDBLocalizedString>
        <LocID>SYM_ONCO_BLC03_1_DETECTED</LocID>
        <Text>NK hücreli LGL lösemi tespit edildi</Text>
      </GameDBLocalizedString>
      <GameDBLocalizedString>
        <LocID>SYM_ONCO_BLC03_1_DETECTED_DESC</LocID>
        <Text>Yapılan test NK hücreli "large granular" lenfositik (LGL) lösemi varlığını gösterdi.</Text>
      </GameDBLocalizedString>
      <GameDBLocalizedString>
        <LocID>SYM_ONCO_BLC03_2_DETECTED</LocID>
        <Text>T hücreli prolenfositik lösemi (T-PLL) tespit edildi</Text>
      </GameDBLocalizedString>
      <GameDBLocalizedString>
        <LocID>SYM_ONCO_BLC03_2_DETECTED_DESC</LocID>
        <Text>Yapılan test T hücreli prolenfositik lösemi (T-PLL) varlığını gösterdi.</Text>
      </GameDBLocalizedString>
      <GameDBLocalizedString>
        <LocID>SYM_ONCO_BLC04_0_DETECTED</LocID>
        <Text>Akut myeloid lösemi (AML) tespit edildi</Text>
      </GameDBLocalizedString>
      <GameDBLocalizedString>
        <LocID>SYM_ONCO_BLC04_0_DETECTED_DESC</LocID>
        <Text>Yapılan test akut formda myeloid lösemi varlığını gösterdi.</Text>
      </GameDBLocalizedString>
      <GameDBLocalizedString>
        <LocID>SYM_ONCO_BLC05_A_DETECTED</LocID>
        <Text>Kronik myeloid lösemi (KML) tespit edildi</Text>
      </GameDBLocalizedString>
      <GameDBLocalizedString>
        <LocID>SYM_ONCO_BLC05_A_DETECTED_DESC</LocID>
        <Text>Yapılan test kronik fazda myeloid lösemi varlığını gösterdi.</Text>
      </GameDBLocalizedString>
      <GameDBLocalizedString>
        <LocID>SYM_ONCO_BLC05_B_DETECTED</LocID>
        <Text>Kronik myeloid lösemi (KML) tespit edildi</Text>
      </GameDBLocalizedString>
      <GameDBLocalizedString>
        <LocID>SYM_ONCO_BLC05_B_DETECTED_DESC</LocID>
        <Text>Yapılan test akselere fazda myeloid lösemi varlığını gösterdi.</Text>
      </GameDBLocalizedString>
      <GameDBLocalizedString>
        <LocID>SYM_ONCO_BLC05_C_DETECTED</LocID>
        <Text>Kronik myeloid lösemi (KML) tespit edildi</Text>
      </GameDBLocalizedString>
      <GameDBLocalizedString>
        <LocID>SYM_ONCO_BLC05_C_DETECTED_DESC</LocID>
        <Text>Yapılan test blast krizi fazında myeloid lösemi varlığını gösterdi.</Text>
      </GameDBLocalizedString>
      <!-- ############### CELL MARKERS ############### -->
      <GameDBLocalizedString>
        <LocID>SYM_SLP_CM_CD10_BRIGHT</LocID>
        <Text>Neprilisin (CD10) parlak ekspresyonu</Text>
      </GameDBLocalizedString>
      <GameDBLocalizedString>
        <LocID>SYM_SLP_CM_CD10_BRIGHT_DESC</LocID>
        <Text>Membran metaloendopeptidazı, nötr endopeptidaz, diferansiyasyon 10 kümesi ve ortak akut lenfoblastik lösemi antijeni olarak da bilinen neprilisin, insanlarda MME geni tarafından kodlanan bir enzimdir. Akut lenfoblastik lösemide kanser spesifik antijen olarak tespit edilmiştir, farklı tipteki hücrelerde yüzey ektoenzimi olarak eksprese edilir.</Text>
      </GameDBLocalizedString>
      <GameDBLocalizedString>
        <LocID>SYM_SLP_CM_CD10_NEG</LocID>
        <Text>Neprilisin (CD10) negatif ekspresyonu</Text>
      </GameDBLocalizedString>
      <GameDBLocalizedString>
        <LocID>SYM_SLP_CM_CD10_NEG_DESC</LocID>
        <Text>Membran metaloendopeptidazı, nötr endopeptidaz, diferansiyasyon 10 kümesi ve ortak akut lenfoblastik lösemi antijeni olarak da bilinen neprilisin, insanlarda MME geni tarafından kodlanan bir enzimdir. Akut lenfoblastik lösemide kanser spesifik antijen olarak tespit edilmiştir, farklı tipteki hücrelerde yüzey ektoenzimi olarak eksprese edilir.</Text>
      </GameDBLocalizedString>
      <GameDBLocalizedString>
        <LocID>SYM_SLP_CM_CD19_BRIGHT</LocID>
        <Text>CD19 antijeni parlak ekspresyonu</Text>
      </GameDBLocalizedString>
      <GameDBLocalizedString>
        <LocID>SYM_SLP_CM_CD19_BRIGHT_DESC</LocID>
        <Text>CD19 molekülü, B lenfositi yüzey antijeni B4, T hücresi yüzey antijeni Leu-12 ve CVID3 olarak da bilinen B lenfositi antijeni CD19, insanlarda CD19 geni tarafından kodlanan bir transmembran proteindir. İnsanlarda CD19 tüm B dizisine ait hücrelerde eksprese edilir, plazma hücreleri ve foliküler dendritik hücreler istisnadır.</Text>
      </GameDBLocalizedString>
      <GameDBLocalizedString>
        <LocID>SYM_SLP_CM_CD19_NEG</LocID>
        <Text>CD19 antijeni negatif ekspresyonu</Text>
      </GameDBLocalizedString>
      <GameDBLocalizedString>
        <LocID>SYM_SLP_CM_CD19_NEG_DESC</LocID>
        <Text>CD19 molekülü, B lenfositi yüzey antijeni B4, T hücresi yüzey antijeni Leu-12 ve CVID3 olarak da bilinen B lenfositi antijeni CD19, insanlarda CD19 geni tarafından kodlanan bir transmembran proteindir. İnsanlarda CD19 tüm B dizisine ait hücrelerde eksprese edilir, plazma hücreleri ve foliküler dendritik hücreler istisnadır.</Text>
      </GameDBLocalizedString>
      <GameDBLocalizedString>
        <LocID>SYM_SLP_CM_CD20_DIM</LocID>
        <Text>CD20 antijeni sönük ekspresyonu</Text>
      </GameDBLocalizedString>
      <GameDBLocalizedString>
        <LocID>SYM_SLP_CM_CD20_DIM_DESC</LocID>
        <Text>B lenfosit antijeni CD20 veya CD20, tüm B hücrelerinin yüzeyinde pro-B fazından başlayarak eksprese edilir, matüriteye kadar progresif olarak ekspresyonu artar. CD20 membrana gömülü bir yüzey molekülüdür, B hücrelerinin plazma hücrelerine farklılaşmasında rol oynar.</Text>
      </GameDBLocalizedString>
      <GameDBLocalizedString>
        <LocID>SYM_SLP_CM_CD20_BRIGHT</LocID>
        <Text>CD20 antijeni parlak ekspresyonu</Text>
      </GameDBLocalizedString>
      <GameDBLocalizedString>
        <LocID>SYM_SLP_CM_CD20_BRIGHT_DESC</LocID>
        <Text>B lenfosit antijeni CD20 veya CD20, tüm B hücrelerinin yüzeyinde pro-B fazından başlayarak eksprese edilir, matüriteye kadar progresif olarak ekspresyonu artar. CD20 membrana gömülü bir yüzey molekülüdür, B hücrelerinin plazma hücrelerine farklılaşmasında rol oynar.</Text>
      </GameDBLocalizedString>
      <GameDBLocalizedString>
        <LocID>SYM_SLP_CM_TDT_BRIGHT</LocID>
        <Text>TdT antijeni parlak ekspresyonu</Text>
      </GameDBLocalizedString>
      <GameDBLocalizedString>
        <LocID>SYM_SLP_CM_TDT_BRIGHT_DESC</LocID>
        <Text>DNA nükleotidileksotransferaz (DNTT) ve terminal transferaz olarak da bilinen terminal deoksinükleotidil transferaz (TdT), immatür pre-B, pre-T lenfoid hücrelerinde ve akut lenfoblastik lösemi hücrelerinde eksprese edilen özelleşmiş bir DNA polimeraz'dır.</Text>
      </GameDBLocalizedString>
      <GameDBLocalizedString>
        <LocID>SYM_SLP_CM_TDT_NEG</LocID>
        <Text>TdT antijeni negatif ekspresyonu</Text>
      </GameDBLocalizedString>
      <GameDBLocalizedString>
        <LocID>SYM_SLP_CM_TDT_NEG_DESC</LocID>
        <Text>DNA nükleotidileksotransferaz (DNTT) ve terminal transferaz olarak da bilinen terminal deoksinükleotidil transferaz (TdT), immatür pre-B, pre-T lenfoid hücrelerinde ve akut lenfoblastik lösemi hücrelerinde eksprese edilen özelleşmiş bir DNA polimeraz'dır.</Text>
      </GameDBLocalizedString>
      <GameDBLocalizedString>
        <LocID>SYM_SLP_CM_CD22_DIM</LocID>
        <Text>CD22 antijeni sönük ekspresyonu</Text>
      </GameDBLocalizedString>
      <GameDBLocalizedString>
        <LocID>SYM_SLP_CM_CD22_DIM_DESC</LocID>
        <Text>Diferansiyasyon kümesi 22 olarak da bilinen CD22, lektinlerin SIGLEC ailesine ait bir moleküldür. Matür B hücrelerinin ve daha az olarak bazı immatür B hücrelerinin yüzeyinde bulunur. CD22 şeker bağlayan transmembran bir proteindir, spesifik olarak siyalik asiti N terminalindeki Ig domainine bağlar. Ig domaininin varlığı CD22'yi immünoglobülin süperfamilyasının bir üyesi yapar. CD22, B hücre reseptörü sinyalizasyonunda inhibitör reseptör olarak işlev görür.</Text>
      </GameDBLocalizedString>
      <GameDBLocalizedString>
        <LocID>SYM_SLP_CM_CD22_BRIGHT</LocID>
        <Text>CD22 antijeni parlak ekspresyonu</Text>
      </GameDBLocalizedString>
      <GameDBLocalizedString>
        <LocID>SYM_SLP_CM_CD22_BRIGHT_DESC</LocID>
        <Text>Diferansiyasyon kümesi 22 olarak da bilinen CD22, lektinlerin SIGLEC ailesine ait bir moleküldür. Matür B hücrelerinin ve daha az olarak bazı immatür B hücrelerinin yüzeyinde bulunur. CD22 şeker bağlayan transmembran bir proteindir, spesifik olarak siyalik asiti N terminalindeki Ig domainine bağlar. Ig domaininin varlığı CD22'yi immünoglobülin süperfamilyasının bir üyesi yapar. CD22, B hücre reseptörü sinyalizasyonunda inhibitör reseptör olarak işlev görür.</Text>
      </GameDBLocalizedString>
      <GameDBLocalizedString>
        <LocID>SYM_SLP_CM_CD23_BRIGHT</LocID>
        <Text>Fc epsilon RII (CD23) parlak ekspresyonu</Text>
      </GameDBLocalizedString>
      <GameDBLocalizedString>
        <LocID>SYM_SLP_CM_CD23_BRIGHT_DESC</LocID>
        <Text>Fc epsilon RII veya FcεRII olarak da bilinen CD23, allerji ve parazitlere dirençte rol oynayan bir antikor izotopu olan IgE'nin düşük affiniteli bir reseptörüdür, IgE düzeylerinin regülasyonunda etkilidir. Diğer pek çok antikor reseptörünün aksine CD23, bir C-tip lektin'dir. CD23 antijeni, kronik lenfositik lösemi diferansiyasyonunda önemli olduğu düşünülen bir hücre yüzey proteinidir.</Text>
      </GameDBLocalizedString>
      <GameDBLocalizedString>
        <LocID>SYM_SLP_CM_CD34_BRIGHT</LocID>
        <Text>CD34 antijeni parlak ekspresyonu</Text>
      </GameDBLocalizedString>
      <GameDBLocalizedString>
        <LocID>SYM_SLP_CM_CD34_BRIGHT_DESC</LocID>
        <Text>CD34 proteini, erken hematopoietik dokuda ve vasküler-irtibatlı dokuda eksprese olan single-pass transmembran sialomüsin proteinleri ailesi mensubudur. CD34 ayrıca önemli bir adezyon molekülüdür ve T hücrelerinin lenf nodlarına girebilmeleri için gereklidir. Lenf nodu endotelinde eksprese edilir, kendisine bağlanan L-selektin ise T hücresi üzerindedir.</Text>
      </GameDBLocalizedString>
      <GameDBLocalizedString>
        <LocID>SYM_SLP_CM_CD79a_BRIGHT</LocID>
        <Text>CD79a antijeni parlak ekspresyonu</Text>
      </GameDBLocalizedString>
      <GameDBLocalizedString>
        <LocID>SYM_SLP_CM_CD79a_BRIGHT_DESC</LocID>
        <Text>B hücresi antijen reseptör kompleksi-irtibatlı protein alfa zinciri ve MB-1 membran glikoproteini olarak da bilinen diferansiyasyon kümesi CD79A, insanlarda CD79A geni tarafından kodlanan bir proteindir. CD79a, B hücre gelişiminde ve fonksiyonunda çok sayıda ve farklı işlev gösterir. CD79a/b heterodimer'i, non-kovalent şekilde immünoglobulin ağır zincir ile transmembran bölgesi üzerinden irtibat kurar, böylelikle immünoglobulin hafif zincir ve BCR formasyonunu sağlar, gelişmekte olan B hücrelerindeki vekil hafif zincirlerle irtibat kurduğunda ise pre-BCR formasyonunu temin eder.</Text>
      </GameDBLocalizedString>
      <GameDBLocalizedString>
        <LocID>SYM_SLP_CM_CD79b_NEG</LocID>
        <Text>CD79b antijeni parlak ekspresyonu</Text>
      </GameDBLocalizedString>
      <GameDBLocalizedString>
        <LocID>SYM_SLP_CM_CD79b_NEG_DESC</LocID>
        <Text>Diferansiyasyon kümesi 79B olarak da bilinen CD79b molekülü bir insan genidir. CD79a/b heterodimer'i, non-kovalent şekilde immünoglobulin ağır zincir ile transmembran bölgesi üzerinden irtibat kurar, böylelikle immünoglobulin hafif zincir ve BCR formasyonunu sağlar, gelişmekte olan B hücrelerindeki vekil hafif zincirlerle irtibat kurduğunda ise pre-BCR formasyonunu temin eder.</Text>
      </GameDBLocalizedString>
      <GameDBLocalizedString>
        <LocID>SYM_SLP_CM_CD11c_BRIGHT</LocID>
        <Text>Integrin alpha X (CD11c) parlak ekspresyonu</Text>
      </GameDBLocalizedString>
      <GameDBLocalizedString>
        <LocID>SYM_SLP_CM_CD11c_BRIGHT_DESC</LocID>
        <Text>Integrin, alfa X (kompleman komponenti 3 reseptör 4 alt birimi) (ITGAX) olarak da bilinen CD11c, CD11c'yi kodlayan bir gendir. CD11c monositlerde, granülositlerde, B hücrelerinin bir alt tipinde, dendritik hücrelerde ve makrofajlarda eksprese olan bir tip I transmembran proteinidir; B hücreli kronik lenfositik lösemide, marjinal zon lenfomalarında ve "hairy cell" lösemide mevcut olabilir.</Text>
      </GameDBLocalizedString>
      <GameDBLocalizedString>
        <LocID>SYM_SLP_CM_CD25_BRIGHT</LocID>
        <Text>IL2RA (CD25) parlak ekspresyonu</Text>
      </GameDBLocalizedString>
      <GameDBLocalizedString>
        <LocID>SYM_SLP_CM_CD25_BRIGHT_DESC</LocID>
        <Text>İnterlökin-2 reseptör alfa zinciri (CD25) insanlarda IL2RA geni tarafından kodlanan bir proteindir. İnterlökin 2 reseptör alfa ve beta zincirleri, ortak gama zinciri ile birlikte yüksek affiniteli IL2 reseptörünü oluştururlar. IL2RA pek çok B hücre neoplazisinde, bazı akut nonlenfositik lösemilerde, nöroblastomlarda, mastositozlarda ve tümör infiltre edici lensositlerde eksprese edilir. HTLV-1 reseptörü olarak işlev görür, buna bağlı yetişkin T hücre lenfoma/lösemisi neoplastik hücrelerinde eksprese edilir.</Text>
      </GameDBLocalizedString>
      <GameDBLocalizedString>
        <LocID>SYM_SLP_CM_CD25_NEG</LocID>
        <Text>IL2RA (CD25) negatif ekspresyonu</Text>
      </GameDBLocalizedString>
      <GameDBLocalizedString>
        <LocID>SYM_SLP_CM_CD25_NEG_DESC</LocID>
        <Text>İnterlökin-2 reseptör alfa zinciri (CD25) insanlarda IL2RA geni tarafından kodlanan bir proteindir. İnterlökin 2 reseptör alfa ve beta zincirleri, ortak gama zinciri ile birlikte yüksek affiniteli IL2 reseptörünü oluştururlar. IL2RA pek çok B hücre neoplazisinde, bazı akut nonlenfositik lösemilerde, nöroblastomlarda, mastositozlarda ve tümör infiltre edici lensositlerde eksprese edilir. HTLV-1 reseptörü olarak işlev görür, buna bağlı yetişkin T hücre lenfoma/lösemisi neoplastik hücrelerinde eksprese edilir.</Text>
      </GameDBLocalizedString>
      <GameDBLocalizedString>
        <LocID>SYM_SLP_CM_CD103_BRIGHT</LocID>
        <Text>ITGAE (CD103) parlak ekspresyonu</Text>
      </GameDBLocalizedString>
      <GameDBLocalizedString>
        <LocID>SYM_SLP_CM_CD103_BRIGHT_DESC</LocID>
        <Text>C103 olarak da bilinen integrin, alfa E insanlarda ITGAE geni tarafından kodlanan bir integrin proteinidir. CD103 intraepitelyal lenfositlerde (IEL), T hücrelerinde (αβ T hücreleri ve γδ T hücrelerinde) ve bazı periferal regülatör T hücrelerinde (Treg) eksprese edilir. "Hairy cell" löseminin tespitinde kullanışlıdır, zira bahsi geçen hastalık diğer hematolojik malignitelerin aksine (enteropati-irtibatlı T hücre lenfoması hariç) CD103 pozitifliği gösterir.</Text>
      </GameDBLocalizedString>
      <GameDBLocalizedString>
        <LocID>SYM_SLP_CM_CD123_DIM</LocID>
        <Text>İnterlökin-3 reseptörü (CD123) sönük ekspresyonu</Text>
      </GameDBLocalizedString>
      <GameDBLocalizedString>
        <LocID>SYM_SLP_CM_CD123_DIM_DESC</LocID>
        <Text>İnterlökin-3 reseptörü (CD123), immün sistemde önemli işlev gösteren bir çözünebilir sitokin olan interlökin-3'ün iletiminde rol oynayan, hücrelerde yerleşim gösteren bir moleküldür. Pluripotent progenitör hücrelerde bulunan reseptör, hücre içinde tirozin fosforilasyonunu indükler, proliferasyonu ve hematopoietik hücre dizilerindeki diferansiyasyonu arttırır. CD123, akut myeloid lösemi (AML) alt tiplerinde lösemik kök hücreler dahil olmak üzere eksprese edilir.</Text>
      </GameDBLocalizedString>
      <GameDBLocalizedString>
        <LocID>SYM_SLP_CM_CD123_BRIGHT</LocID>
        <Text>İnterlökin-3 reseptörü (CD123) parlak ekspresyonu</Text>
      </GameDBLocalizedString>
      <GameDBLocalizedString>
        <LocID>SYM_SLP_CM_CD123_BRIGHT_DESC</LocID>
        <Text>İnterlökin-3 reseptörü (CD123), immün sistemde önemli işlev gösteren bir çözünebilir sitokin olan interlökin-3'ün iletiminde rol oynayan, hücrelerde yerleşim gösteren bir moleküldür. Pluripotent progenitör hücrelerde bulunan reseptör, hücre içinde tirozin fosforilasyonunu indükler, proliferasyonu ve hematopoietik hücre dizilerindeki diferansiyasyonu arttırır. CD123, akut myeloid lösemi (AML) alt tiplerinde lösemik kök hücreler dahil olmak üzere eksprese edilir.</Text>
      </GameDBLocalizedString>
      <GameDBLocalizedString>
        <LocID>SYM_SLP_CM_CD123_NEG</LocID>
        <Text>İnterlökin-3 reseptörü (CD123) negatif ekspresyonu</Text>
      </GameDBLocalizedString>
      <GameDBLocalizedString>
        <LocID>SYM_SLP_CM_CD123_NEG_DESC</LocID>
        <Text>İnterlökin-3 reseptörü (CD123), immün sistemde önemli işlev gösteren bir çözünebilir sitokin olan interlökin-3'ün iletiminde rol oynayan, hücrelerde yerleşim gösteren bir moleküldür. Pluripotent progenitör hücrelerde bulunan reseptör, hücre içinde tirozin fosforilasyonunu indükler, proliferasyonu ve hematopoietik hücre dizilerindeki diferansiyasyonu arttırır. CD123, akut myeloid lösemi (AML) alt tiplerinde lösemik kök hücreler dahil olmak üzere eksprese edilir.</Text>
      </GameDBLocalizedString>
      <GameDBLocalizedString>
        <LocID>SYM_SLP_CM_CD1a_BRIGHT</LocID>
        <Text>CD1a antijeni parlak ekspresyonu</Text>
      </GameDBLocalizedString>
      <GameDBLocalizedString>
        <LocID>SYM_SLP_CM_CD1a_BRIGHT_DESC</LocID>
        <Text>CD1a (diferansiyasyon kümesi 1a) insanlarda CD1A geni tarafından kodlanan bir proteindir. Bu gen, yapısal olarak majör histokompatibilite kompleksi (MHC) proteinleri ile irtibatlı olan ve beta-2-mikroglobulinler ile birlikte heterodimerleri teşkil eden CD1 transmembran glikoprotein ailesinin bir üyesini kodlar. CD1 proteinleri, lipit ve glikolipit antijenlerin T hücrelerine sunulmasına aracılık eder.</Text>
      </GameDBLocalizedString>
      <GameDBLocalizedString>
        <LocID>SYM_SLP_CM_CD1a_NEG</LocID>
        <Text>CD1a antijeni negatif ekspresyonu</Text>
      </GameDBLocalizedString>
      <GameDBLocalizedString>
        <LocID>SYM_SLP_CM_CD1a_NEG_DESC</LocID>
        <Text>CD1a (diferansiyasyon kümesi 1a) insanlarda CD1A geni tarafından kodlanan bir proteindir. Bu gen, yapısal olarak majör histokompatibilite kompleksi (MHC) proteinleri ile irtibatlı olan ve beta-2-mikroglobulinler ile birlikte heterodimerleri teşkil eden CD1 transmembran glikoprotein ailesinin bir üyesini kodlar. CD1 proteinleri, lipit ve glikolipit antijenlerin T hücrelerine sunulmasına aracılık eder.</Text>
      </GameDBLocalizedString>
      <GameDBLocalizedString>
        <LocID>SYM_SLP_CM_CD5_BRIGHT</LocID>
        <Text>CD5 antijeni parlak ekspresyonu</Text>
      </GameDBLocalizedString>
      <GameDBLocalizedString>
        <LocID>SYM_SLP_CM_CD5_BRIGHT_DESC</LocID>
        <Text>CD5, T hücrelerinin ve murin B hücrelerinin bir alt tipi olan B-1a'nın yüzeyinde eksprese olan bir diferansiyasyon kümesidir. Bu reseptörlerin insan B hücrelerinde ekspresyonu tartışmalı bir konudur, bir marker olarak kullanılmaları konusunda bir görüş birliği mevcut değildir. CD5, T hücreleri için iyi bir immünohistokimyasal marker'dır, bununla beraber CD3 kadar sensitif değildir. T hücre neoplazilerinin %76'sının CD5'i eksprese ettiği bildirilmiştir, CD3 eksprese etmeyen kronik lenfositik lösemi ve "mantle cell" lenfomalarda da (ikisi de B hücre malignitesidir) bulunması dikkate değerdir. Kutanöz T hücre lenfomasında eksprese edilmez, bu nedenle yokluğu malignite belirteci olarak kullanılabilir.</Text>
      </GameDBLocalizedString>
      <GameDBLocalizedString>
        <LocID>SYM_SLP_CM_CD7_BRIGHT</LocID>
        <Text>CD7 antijeni parlak ekspresyonu</Text>
      </GameDBLocalizedString>
      <GameDBLocalizedString>
        <LocID>SYM_SLP_CM_CD7_BRIGHT_DESC</LocID>
        <Text>CD7 (diferansiyasyon kümesi 7) insanlarda CD7 geni tarafından kodlanan bir proteindir. Bu gen, immünoglobulin süperfamilyasının bir üyesi olan bir transmembran proteini kodlar. CD7, timosit ve matür T hücrelerinde bulunur. T hücre etkileşimlerinde ve erken lenfoid gelişimdeki T hücresi-B hücresi etkileşimlerinde önemli bir rol oynar. </Text>
      </GameDBLocalizedString>
      <GameDBLocalizedString>
        <LocID>SYM_SLP_CM_CD13_BRIGHT</LocID>
        <Text>Aminopeptidaz N (CD13) parlak ekspresyonu</Text>
      </GameDBLocalizedString>
      <GameDBLocalizedString>
        <LocID>SYM_SLP_CM_CD13_BRIGHT_DESC</LocID>
        <Text>Alanil aminopeptidaz (AAP) veya aminopeptidaz N (AP-N) olarak da bilinen membran alanil aminopeptidaz (EC 3.4.11.2) insanlarda ANPEP geni tarafından kodlanan bir enzimdir. Aminopeptidaz N, ince bağırsak ve renal mikrovillus membranında bulunur, ayrıca diğer plazma membranlarında da bulunabilir. İnce bağırsakta bulunan aminopeptidaz N, gastrik ve pankreatik proteazların gerçekleştirdiği hidroliz sonucu oluşan peptitlerin sindiriminde rol oynar. Proksimal tübüler epitel hücrelerindeki ve diğer hücre tiplerindeki fonksiyonu belirsizdir. Bu gendeki defektler çeşitli lösemi ve lenfoma tiplerinin nedeni olarak görülmektedir.</Text>
      </GameDBLocalizedString>
      <GameDBLocalizedString>
        <LocID>SYM_SLP_CM_CD15_BRIGHT</LocID>
        <Text>Sialyl-Lewis X (CD15) parlak ekspresyonu</Text>
      </GameDBLocalizedString>
      <GameDBLocalizedString>
        <LocID>SYM_SLP_CM_CD15_BRIGHT_DESC</LocID>
        <Text>Diferansiyasyon kümesi 15s (CD15s) veya evre-spesifik embriyonik antijen 1 (SSEA-1) olarak da bilinen Sialyl LewisX (sLeX), hücre yüzeyinde O-glikanlara bağlı bulunan bir tetrasakkarit karbonhidrattır. Hücreler arası tanıma süreçlerinde önemli bir rol oynadığı bilinmektedir. Yumurtanın spermi çekiminde işlev gösterir. Sialyl-Lewisx fagositoz ve kemotaksiste görev alır, nötrofillerde bulunur; Hodgkin hastalığı, bazı B hücreli kronik lenfositik lösemi, akut lenfoblastik lösemi ve çoğu akut nonlenfositik lösemi hastalarında eksprese edilir. CD15 neredeyse tüm Reed-Sternberg hücrelerinde bulunur, biyopsilerde immünohistokimyasal marker olarak kullanılabilir.</Text>
      </GameDBLocalizedString>
      <GameDBLocalizedString>
        <LocID>SYM_SLP_CM_CD33_BRIGHT</LocID>
        <Text>Siglec-3 (CD33) parlak ekspresyonu</Text>
      </GameDBLocalizedString>
      <GameDBLocalizedString>
        <LocID>SYM_SLP_CM_CD33_BRIGHT_DESC</LocID>
        <Text>CD33 veya Siglec-3 (siyalik asit bağlayıcı Ig-benzeri lektin 3, SIGLEC3, SIGLEC-3, gp67, p67) myeloid seri hücrelerinde eksprese edilen bir transmembran reseptördür. Genelde myeloid spesifik olarak kabul edilir, ancak bazı lenfoid hücrelerde de bulunabilir. CD33, glikoproteinler ve glikolipitler gibi herhangi bir siyalik asit rezidüsüne sahip molekül tarafından uyarılabilir. Bağlanmayla birlikte proteinin sitozolik porsiyonunda bulunan CD33 immünoreseptör tirozin-bazlı inhibisyon motifi (ITIM) fosforile olur ve SHP fosfatazları gibi Src homolog 2 (SH2) domain-içeren proteinler için bağlanma yeri işlevi görür. Neticede hücrenin fagositozunu engelleyen bir kaskad gelişir.</Text>
      </GameDBLocalizedString>
      <GameDBLocalizedString>
        <LocID>SYM_SLP_CM_CD117_BRIGHT</LocID>
        <Text>Proto-O c-KIT (CD117) parlak ekspresyonu</Text>
      </GameDBLocalizedString>
      <GameDBLocalizedString>
        <LocID>SYM_SLP_CM_CD117_BRIGHT_DESC</LocID>
        <Text>Tirozin-protein kinaz KIT, CD117 veya mast/kök hücre büyüme faktörü reseptörü olarak da bilinen proto-onkogen c-KIT, insanlarda KIT geni tarafından kodlanan bir reseptör kinaz proteinidir. KIT, kemik iliğindeki bazı hematopoietik progenitörlerin tespitinde kullanılan önemli bir hücresel yüzey marker'ıdır. Hematopoietik kök hücreler (HSC), multipotent progenitörler (MPP) ve ortak myeloid progenitörler (CMP) yüksek düzeyde KIT eksprese ederler. Ortak lenfoid progenitörler (CLP) düşük düzeyde KIT eksprese eder. KIT antikorları immünohistokimyada doku kesitlerindeki farklı tümör tiplerini ayırmada kullanılır. Esasen KIT'e pozitiflik gösteren ama desmin ve S-100 gibi marker'lara negatiflik gösteren GİST'lerin tanısında kullanılır. Desmin ve S-100, benzer bir görünüme sahip düz kas ve nöral tümörlerde pozitiftir.</Text>
      </GameDBLocalizedString>
      <GameDBLocalizedString>
        <LocID>SYM_SLP_CM_CD117_NEG</LocID>
        <Text>Proto-O c-KIT (CD117) negatif ekspresyonu</Text>
      </GameDBLocalizedString>
      <GameDBLocalizedString>
        <LocID>SYM_SLP_CM_CD117_NEG_DESC</LocID>
        <Text>Tirozin-protein kinaz KIT, CD117 veya mast/kök hücre büyüme faktörü reseptörü olarak da bilinen proto-onkogen c-KIT, insanlarda KIT geni tarafından kodlanan bir reseptör kinaz proteinidir. KIT, kemik iliğindeki bazı hematopoietik progenitörlerin tespitinde kullanılan önemli bir hücresel yüzey marker'ıdır. Hematopoietik kök hücreler (HSC), multipotent progenitörler (MPP) ve ortak myeloid progenitörler (CMP) yüksek düzeyde KIT eksprese ederler. Ortak lenfoid progenitörler (CLP) düşük düzeyde KIT eksprese eder. KIT antikorları immünohistokimyada doku kesitlerindeki farklı tümör tiplerini ayırmada kullanılır. Esasen KIT'e pozitiflik gösteren ama desmin ve S-100 gibi marker'lara negatiflik gösteren GİST'lerin tanısında kullanılır. Desmin ve S-100, benzer bir görünüme sahip düz kas ve nöral tümörlerde pozitiftir.</Text>
      </GameDBLocalizedString>
      <GameDBLocalizedString>
        <LocID>SYM_SLP_CM_CD38_BRIGHT</LocID>
        <Text>Siklik ADP RH (CD38) parlak ekspresyonu</Text>
      </GameDBLocalizedString>
      <GameDBLocalizedString>
        <LocID>SYM_SLP_CM_CD38_BRIGHT_DESC</LocID>
        <Text>Siklik ADP riboz hidrolaz olarak da bilinen CD38; CD4+, CD8+, B lenfositleri ve NK hücreleri dahil pek çok immün hücrenin yüzeyinde bulunan bir glikoproteindir. CD38 hücre adezyonunda, sinyal iletiminde ve kalsiyum sinyal sisteminde rol oynar. CD38 işlev kaybı bozulmuş immün yanıtla, metabolik bozukluklarla ve sosyal amnezi gibi davranışsal modifikasyonlarla irtibatlıdır. CD38 proteini hücre aktivasyonunda marker olarak kullanılır. HIV enfeksiyonuyla, lösemilerle, myelomlarla, solit tümörlerle, tip II diyabetle, kemik metabolizmasıyla ve bazı genetik hastalıklarla irtibatlıdır.</Text>
      </GameDBLocalizedString>
      <GameDBLocalizedString>
        <LocID>SYM_SLP_CM_CD38_DIM</LocID>
        <Text>Siklik ADP RH (CD38) sönük ekspresyonu</Text>
      </GameDBLocalizedString>
      <GameDBLocalizedString>
        <LocID>SYM_SLP_CM_CD38_DIM_DESC</LocID>
        <Text>Siklik ADP riboz hidrolaz olarak da bilinen CD38; CD4+, CD8+, B lenfositleri ve NK hücreleri dahil pek çok immün hücrenin yüzeyinde bulunan bir glikoproteindir. CD38 hücre adezyonunda, sinyal iletiminde ve kalsiyum sinyal sisteminde rol oynar. CD38 işlev kaybı bozulmuş immün yanıtla, metabolik bozukluklarla ve sosyal amnezi gibi davranışsal modifikasyonlarla irtibatlıdır. CD38 proteini hücre aktivasyonunda marker olarak kullanılır. HIV enfeksiyonuyla, lösemilerle, myelomlarla, solit tümörlerle, tip II diyabetle, kemik metabolizmasıyla ve bazı genetik hastalıklarla irtibatlıdır.</Text>
      </GameDBLocalizedString>
      <GameDBLocalizedString>
        <LocID>SYM_SLP_CM_CD43_BRIGHT</LocID>
        <Text>Lökosialin (CD43) parlak ekspresyonu</Text>
      </GameDBLocalizedString>
      <GameDBLocalizedString>
        <LocID>SYM_SLP_CM_CD43_BRIGHT_DESC</LocID>
        <Text>Sialoforin veya CD43 (diferansiyasyon kümesi 43) olarak da bilinen lökosialin, insanlarda SPN (sialoforin) geni tarafından kodlanan bir transmembran hücre yüzey proteinidir. CD43 molekülündeki defektler Wiskott-Aldrich sendromu gelişimiyle irtibatlıdır. İmmünohistokimyasal yöntemlerle CD43, sağlıklı lenf nodları ve tonsillerdeki parakortikal T hücrelerinde gösterilebilir, ayrıca bazı lenfoid ve myeloid tümörlerde de pozitiftir. T hücre lenfomalarının %90'ından fazlasında bulunmasına rağmen CD3 antijenine kıyasla hastalığı göstermede daha az etkilidir. Ancak B hücreli lenfoblastik lenfomaları göstermede kullanışlı olabilir, zira bu kanserin hücreleri çoğunlukla CD43 pozitiftir ve diğer antikorlarla boyanmayabilir.</Text>
      </GameDBLocalizedString>
      <GameDBLocalizedString>
        <LocID>SYM_SLP_CM_CD8_BRIGHT</LocID>
        <Text>CD8 antijeni parlak ekspresyonu</Text>
      </GameDBLocalizedString>
      <GameDBLocalizedString>
        <LocID>SYM_SLP_CM_CD8_BRIGHT_DESC</LocID>
        <Text>CD8 (diferansiyasyon kümesi 8) T hücre reseptörü (TCR) için bir ko-reseptör işlevi gören bir transmembran glikoproteindir. TCR gibi majör histokompatibilite kompleksi (MHC) molekülüne bağlanır, ancak MHC sınıf I proteinine spesifiktir. CD8 ko-reseptörü ekseriyetle sitotoksik T hücrelerinin yüzeyinde eksprese edilir, bununla beraber NK hücrelerinde, kortikal timositlerde ve dendritik hücrelerde de bulunabilr. CD8 molekülü sitotoksik T hücresi popülasyonu için marker olarak kullanılır. T hücreli lenfoblastik lenfoma ve hipo-pigmente mycosis fungoides'te eksprese edilir.</Text>
      </GameDBLocalizedString>
      <GameDBLocalizedString>
        <LocID>SYM_SLP_CM_CD3_BRIGHT</LocID>
        <Text>CD3 antijeni parlak ekspresyonu</Text>
      </GameDBLocalizedString>
      <GameDBLocalizedString>
        <LocID>SYM_SLP_CM_CD3_BRIGHT_DESC</LocID>
        <Text>CD3 (diferansiyasyon kümesi 3) T hücre ko-reseptörleri, sitotoksik T hücrelerinin (CD8+ naif T hücreleri) ve T helper hücrelerin (CD4+ naif T hücreleri) aktivasyonunu sağlar. CD3 başlarda T hücrelerinin öncülü olan pro-timositlerin sitoplazmasında eksprese edilir. Pro-timosit ortak timositlere, daha sonra medüller timositlere dönüşür, bu evrede CD3 antijeni hücre membranına taşınır. Bu antijen tüm matür T hücrelerinde membranda bulunurken diğer hücrelerde bulunmaz, bununla beraber Purkinje hücrelerinde az miktarda da olsa mevcut oldukları tespit edilmiştir. Bu yüksek spesifisite, CD3'ü doku kesitlerinde T hücreleri için kullanışlı bir immünohistokimyasal marker yapar. CD3 neredeyse tüm T hücreli lenfoma ve lösemilerde mevcudiyetini sürdürür, bu özellik benzer B hücreli ve myeloid neoplazilerden ayırdında önem kazanır.</Text>
      </GameDBLocalizedString>
      <GameDBLocalizedString>
        <LocID>SYM_SLP_CM_CD3_NEG</LocID>
        <Text>CD3 antijeni negatif ekspresyonu</Text>
      </GameDBLocalizedString>
      <GameDBLocalizedString>
        <LocID>SYM_SLP_CM_CD3_NEG_DESC</LocID>
        <Text>CD3 (diferansiyasyon kümesi 3) T hücre ko-reseptörleri, sitotoksik T hücrelerinin (CD8+ naif T hücreleri) ve T helper hücrelerin (CD4+ naif T hücreleri) aktivasyonunu sağlar. CD3 başlarda T hücrelerinin öncülü olan pro-timositlerin sitoplazmasında eksprese edilir. Pro-timosit ortak timositlere, daha sonra medüller timositlere dönüşür, bu evrede CD3 antijeni hücre membranına taşınır. Bu antijen tüm matür T hücrelerinde membranda bulunurken diğer hücrelerde bulunmaz, bununla beraber Purkinje hücrelerinde az miktarda da olsa mevcut oldukları tespit edilmiştir. Bu yüksek spesifisite, CD3'ü doku kesitlerinde T hücreleri için kullanışlı bir immünohistokimyasal marker yapar. CD3 neredeyse tüm T hücreli lenfoma ve lösemilerde mevcudiyetini sürdürür, bu özellik benzer B hücreli ve myeloid neoplazilerden ayırdında önem kazanır.</Text>
      </GameDBLocalizedString>
      <GameDBLocalizedString>
        <LocID>SYM_SLP_CM_CD16_BRIGHT</LocID>
        <Text>FcγRIII (CD16) parlak ekspresyonu</Text>
      </GameDBLocalizedString>
      <GameDBLocalizedString>
        <LocID>SYM_SLP_CM_CD16_BRIGHT_DESC</LocID>
        <Text>FcγRIII olarak da bilinen CD16; NK hücreleri, nötrofiller, monositler ve makrofajların yüzeyinde bulunan bir diferansiyasyon kümesi molekülüdür. CD16, FcγRIIIa ve FcγRIIIb Fc reseptörleri olarak gösterilmiştir, bunlar sinyal iletiminde görev alır. Bu reseptörler IgG antikorlarının Fc porsiyonuna bağlanır, böylelikle insan NK hücrelerindeki antikor bağımlı hücre-aracılıklı sitotoksisite (ADCC) aktive olur. CD16, insan monositlerinde gerçekleşen ADCC süreçleri için gereklidir. İnsanlarda CD16 eksprese eden monositler, spesifik antikor varlığında çeşitli ADCC kabiliyetlerine sahiptir; primer lösemik hücreleri, kanser hücre dizilerini ve hepatit B virüsü ile enfekte hücreleri öldürebilirler. Buna ilaveten CD16 antikor olmaksızın bazı viral enfekte hücreleri ve kanser hücrelerini doğrudan öldürebilir.</Text>
      </GameDBLocalizedString>
      <GameDBLocalizedString>
        <LocID>SYM_SLP_CM_CD56_BRIGHT</LocID>
        <Text>NC adezyon molekülü (CD56) parlak ekspresyonu</Text>
      </GameDBLocalizedString>
      <GameDBLocalizedString>
        <LocID>SYM_SLP_CM_CD56_BRIGHT_DESC</LocID>
        <Text>CD56 olarak da bilinen nöral hücre adezyon molekülü (NCAM) nöronların, glial hücrelerin ve iskelet kası hücrelerinin yüzeyinde eksprese edilen homofilik binding glikoproteinidir. CD56, genellikle keşfedildiği yer dolayısıyla nöral dizi marker'ı olarak kabul edilse de aynı zamanda hematopoietik sistemde de eksprese edilir. Özellikle NK hücreleri ile irtibatlıdır. Anatomik patolojide patologlar CD56'yı bazı tümörleri tespit etmek için kullanır. CD56 pozitif olan tümörler myelom, myeloid lösemi, nöroendokrin tümörler, Wilms tümörü, nöroblastom, ekstranodal NK-T hücreli lenfoma nazal tip, pankreatik asiner hücreli karsinoma, feokromositoma, paraganglioma, küçük hücreli akciğer kanseri ve Ewing sarkoma tümörüdür.</Text>
      </GameDBLocalizedString>
      <GameDBLocalizedString>
        <LocID>SYM_SLP_CM_HLADR_BRIGHT</LocID>
        <Text>HLA-DR parlak ekspresyonu</Text>
      </GameDBLocalizedString>
      <GameDBLocalizedString>
        <LocID>SYM_SLP_CM_HLADR_BRIGHT_DESC</LocID>
        <Text>HLA-DR, 6. kromozomda 6p21.31 yerleşimli insan lökosit antijen kompleksi tarafından kodlanan bir MHC II sınıfı hücre yüzey reseptörüdür. Genellikle 9 ile 30 amino asit uzunluğunda olan HLA-DR ve peptit kompleksi, T hücre reseptörü için bir ligand teşkil eder.</Text>
      </GameDBLocalizedString>
      <!-- ############### NORMAL STRINGS ############### -->
      <GameDBLocalizedString>
        <LocID>SYM_SLP_PANCYTOPENIA</LocID>
        <Text>Pansitopeni</Text>
      </GameDBLocalizedString>
      <GameDBLocalizedString>
        <LocID>SYM_SLP_PANCYTOPENIA_DESC</LocID>
        <Text>Kan hücrelerinin üç türünde de sayıca azalmayla karakterizedir: eritrositler, lökositler ve plateletler. Pansitopeni genellikle kan hücrelerini üreten kemik iliğindeki bir problemden kaynaklanır. Bununla beraber farklı nedenler etken olabilir.</Text>
      </GameDBLocalizedString>
      <GameDBLocalizedString>
        <LocID>SYM_SLP_HAIRYCELL</LocID>
        <Text>"Hairy cell"</Text>
      </GameDBLocalizedString>
      <GameDBLocalizedString>
        <LocID>SYM_SLP_HAIRYCELL_DESC</LocID>
        <Text>Sitoplazmasında tüye benzer çıkıntılara sahip anormal lökositlere "hairy cell" adı verilir. "Hairy cell" löseminin temel bulgularındandır.</Text>
      </GameDBLocalizedString>
      <GameDBLocalizedString>
        <LocID>SYM_SLP_SM_P_003</LocID>
        <Text>TRAP enzimi tespit edildi</Text>
      </GameDBLocalizedString>
      <GameDBLocalizedString>
        <LocID>SYM_SLP_SM_P_003_DESC</LocID>
        <Text>Asit fosfataz 5 olarak da bilinen tartrat dirençli asit fosfataz (TRAP veya TRAPaz), memelilerde eksprese olan glikozillenmiş monomerik metaloprotein bir enzimdir. 35 kDa civarında bir moleküler ağırlığa, bazik bir izoelektrik noktaya (7.6-9.5) ve asidik ortamda optimal aktiviteye sahiptir.</Text>
      </GameDBLocalizedString>
      <GameDBLocalizedString>
        <LocID>SYM_SLP_CDF_T_08</LocID>
        <Text>BRAF V600E mutasyonu tespit edildi</Text>
      </GameDBLocalizedString>
      <GameDBLocalizedString>
        <LocID>SYM_SLP_CDF_T_08_DESC</LocID>
        <Text>B-Raf proto-onkogen (BRAF), mitojen-aktive protein kinaz sinyal iletim yolağında önemli role sahip bir sitoplazmik serin/treonin kinaz'ı kodlar. BRAF geninin kodon 600'ünde ekson 15'teki (V600E) aktive edici missense mutasyon melanom, kolorektal karsinom, papiller tiroid karsinoma, "hairy cell" lösemi ve Langerhans hücre histiositozu gibi neoplazilerde tespit edilmiştir.</Text>
      </GameDBLocalizedString>
      <GameDBLocalizedString>
        <LocID>SYM_SLP_CDF_T_09</LocID>
        <Text>IGHV hipermutasyonu tespit edildi</Text>
      </GameDBLocalizedString>
      <GameDBLocalizedString>
        <LocID>SYM_SLP_CDF_T_09_DESC</LocID>
        <Text>Ig ağır zincir V-III bölge VH26, insanlarda IGHV@ geni tarafından kodlanan bir proteindir. IGHV, immünoglobulin ağır zincir variable bölge genleridir, kronik lenfositik lösemi gibi B hücre neoplazilerinde IGHV mutasyonları tedaviye daha iyi yanıt ve daha uzun sağkalım ile irtibatlıdır. HCL hastalarının %80-90'ında immünoglobulin ağır zincir variable geninde hipermutasyon bulunmaktadır.</Text>
      </GameDBLocalizedString>
      <GameDBLocalizedString>
        <LocID>SYM_ONCO_BLC06_0_DETECTED</LocID>
        <Text>"Hairy cell" lösemi (HCL) tespit edildi</Text>
      </GameDBLocalizedString>
      <GameDBLocalizedString>
        <LocID>SYM_ONCO_BLC06_0_DETECTED_DESC</LocID>
        <Text>Yapılan test "hairy cell" lösemi varlığını gösterdi.</Text>
      </GameDBLocalizedString>
      <GameDBLocalizedString>
        <LocID>SYM_ONCO_BLC06_1_DETECTED</LocID>
        <Text>"Hairy cell" lösemi varyantı (HCL-V) tespit edildi</Text>
      </GameDBLocalizedString>
      <GameDBLocalizedString>
        <LocID>SYM_ONCO_BLC06_1_DETECTED_DESC</LocID>
        <Text>Yapılan test "hairy cell" lösemi varyantı varlığını gösterdi.</Text>
      </GameDBLocalizedString>
      <GameDBLocalizedString>
        <LocID>SYM_SLP_CDF_T_10</LocID>
        <Text>17p13 delesyonu tespit edildi</Text>
      </GameDBLocalizedString>
      <GameDBLocalizedString>
        <LocID>SYM_SLP_CDF_T_10_DESC</LocID>
        <Text>Hastanın hücrelerinde yapılan tetkikte 17p13 delesyonu tespit edildi.</Text>
      </GameDBLocalizedString>
      <GameDBLocalizedString>
        <LocID>SYM_SLP_NECROSIS</LocID>
        <Text>Nekroz</Text>
      </GameDBLocalizedString>
      <GameDBLocalizedString>
        <LocID>SYM_SLP_NECROSIS_DESC</LocID>
        <Text>Canlı dokudaki hücrelerin otoliz sonucu prematür ölümüyle sonuçlanan hücre hasarı çeşidine nekroz denir.</Text>
      </GameDBLocalizedString>
      <GameDBLocalizedString>
        <LocID>SYM_SLP_LPT1</LocID>
        <Text>Büyük primer tümör tespit edildi</Text>
      </GameDBLocalizedString>
      <GameDBLocalizedString>
        <LocID>SYM_SLP_LPT1_DESC</LocID>
        <Text>Yapılan testte hastada büyük bir primer tümör tespit edildi, bu kanserin ileri bir evrede olduğuna işaret edebilir.</Text>
      </GameDBLocalizedString>
    </LocalizedStrings>
  </GameDBStringTable>
</Database>