﻿<?xml version="1.0" encoding="utf-8"?>
<Database>
  <GameDBStringTable ID="LOC_EN_ADDON_ONCOLOGYSL_TREATMENTS">
    <LanguageCode>tr</LanguageCode>
    <LanguageNameLocalized>Türkçe</LanguageNameLocalized>
    <Contributors>
      <Name>gokustan</Name>
    </Contributors>
    <LocalizedStrings>
      <GameDBLocalizedString>
        <LocID>TRT_SLP_IMIQUIMOD_CREAM</LocID>
        <Text>Imiquimod krem</Text>
      </GameDBLocalizedString>
      <GameDBLocalizedString>
        <LocID>TRT_SLP_IMIQUIMOD_CREAM_DESC</LocID>
        <Text>Imiquimod krem, yüzeyel bazal hücre karsinomu ve aktinik keratoz'u tedavi etmede kullanılan bir immünomodülatör ilaçtır. \n\nGerekli oda: Herhangi bir ofis</Text>
      </GameDBLocalizedString>
      <GameDBLocalizedString>
        <LocID>TRT_SLP_PHOTODYNAMIC_THERAPY</LocID>
        <Text>Fotodinamik terapi</Text>
      </GameDBLocalizedString>
      <GameDBLocalizedString>
        <LocID>TRT_SLP_PHOTODYNAMIC_THERAPY_DESC</LocID>
        <Text>Fotodinamik terapi, özel bir ışık ve fotosensitizan ajan adı verilen bazı ilaçları kullanarak kanser hücrelerini öldüren bir tedavi şeklidir. \n\nGerekli oda: Herhangi bir ofis</Text>
      </GameDBLocalizedString>
      <GameDBLocalizedString>
        <LocID>TRT_SLP_MOHS_MICROGRAPHIC_SURGERY</LocID>
        <Text>Geniş lokal eksizyon (GLE)</Text>
      </GameDBLocalizedString>
      <GameDBLocalizedString>
        <LocID>TRT_SLP_MOHS_MICROGRAPHIC_SURGERY_DESC</LocID>
        <Text>Geniş lokal eksizyon (GLE) küçük bir alanda yerleşen hastalıklı dokuyu bir miktar sağlıklı dokuyu da alacak şekilde çıkarmayı ifade eden bir cerrahi prosedürdür. Sıklıkla meme ve deri lezyonlarında uygulanmakla beraber vücudun her yerinde icra edilebilir. \n\nGerekli oda: Onkoloji ameliyathanesi</Text>
      </GameDBLocalizedString>
      <GameDBLocalizedString>
        <LocID>TRT_SL_DOCTORS_ADVICE</LocID>
        <Text>Onkolojik hasta tavsiyesi</Text>
      </GameDBLocalizedString>
      <GameDBLocalizedString>
        <LocID>TRT_SL_DOCTORS_ADVICE_DESC</LocID>
        <Text>Hekim hastayı hastalıkla nasıl mücadele edeceği ve sahip olduğu tedavi seçenekleri konusunda bilgilendirir. \n\nGerekli oda: Herhangi bir ofis</Text>
      </GameDBLocalizedString>
      <GameDBLocalizedString>
        <LocID>TRT_SLP_TARGETED_THERAPY</LocID>
        <Text>Hedefe yönelik terapi</Text>
      </GameDBLocalizedString>
      <GameDBLocalizedString>
        <LocID>TRT_SLP_TARGETED_THERAPY_DESC</LocID>
        <Text>Hedefe yönelik terapi, kansere spesifik genleri, proteinleri veya kanserin büyümesine ve sağkalımına katkıda bulunan çevre dokuyu etkiler. \n\nGerekli oda: Herhangi bir ofis</Text>
      </GameDBLocalizedString>
      <GameDBLocalizedString>
        <LocID>TRT_SLP_CHEMOTHERAPY</LocID>
        <Text>Kemoterapi</Text>
      </GameDBLocalizedString>
      <GameDBLocalizedString>
        <LocID>TRT_SLP_CHEMOTHERAPY_DESC</LocID>
        <Text>Kemoterapi, bir veya birden fazla kanser ilacını standardize bir kemoterapi rejiminin parçası olarak kullanmaya dayanan bir kanser tedavisi seçeneğidir. Küratif amaçla verilebildiği gibi semptomları azaltmak veya yaşam süresini uzatmak için de kullanılabilir. \n\nGerekli oda: Onkoloji bölümü servisi</Text>
      </GameDBLocalizedString>
      <GameDBLocalizedString>
        <LocID>TRT_SLP_LAPAROSCOPIC_SURGERY</LocID>
        <Text>Laparoskopik cerrahi</Text>
      </GameDBLocalizedString>
      <GameDBLocalizedString>
        <LocID>TRT_SLP_LAPAROSCOPIC_SURGERY_DESC</LocID>
        <Text>Laparoskopik veya "minimal invaziv" cerrahi, özel bir cerrahi tekniğidir. Küçük insizyonlar gerektiren düşük riskli ve minimal invaziv bir prosedürdür. Laparoskop adı verilen bir cihaz abdominal organları görmek için kullanılır. \n\nGerekli oda: Onkoloji ameliyathanesi</Text>
      </GameDBLocalizedString>
      <GameDBLocalizedString>
        <LocID>TRT_SLP_LOBECTOMY_SURGERY</LocID>
        <Text>Pulmoner lobektomi</Text>
      </GameDBLocalizedString>
      <GameDBLocalizedString>
        <LocID>TRT_SLP_LOBECTOMY_SURGERY_DESC</LocID>
        <Text>Pulmoner lobektomi, akciğerin bir lobunun alındığı bir cerrahi operasyondur. Hastalıklı akciğerin bir kısmını çıkarmak için uygulanır. \n\nGerekli oda: Onkoloji ameliyathanesi</Text>
      </GameDBLocalizedString>
      <GameDBLocalizedString>
        <LocID>TRT_SLP_ENDOVASCULAR_EMBOLISATION</LocID>
        <Text>Endovasküler embolizasyon</Text>
      </GameDBLocalizedString>
      <GameDBLocalizedString>
        <LocID>TRT_SLP_ENDOVASCULAR_EMBOLISATION_DESC</LocID>
        <Text>Endovasküler embolizasyon (EE) invaziv bir cerrahi prosedürdür. Beyinde veya vücudun diğer kısımlarında bulunan anormal kan damarlarını tedavi etmek için kullanılır. Açık cerrahiye alternatif teşkil eder. Etkilenmiş bölgeye kan akımını kesmek üzere kan damarının bloke edilmesi temeline dayanır. \n\nGerekli oda: Onkoloji ameliyathanesi</Text>
      </GameDBLocalizedString>
      <GameDBLocalizedString>
        <LocID>TRT_SLP_IMMUNOTHERAPY_DRUGS</LocID>
        <Text>İmmünoterapi</Text>
      </GameDBLocalizedString>
      <GameDBLocalizedString>
        <LocID>TRT_SLP_IMMUNOTHERAPY_DRUGS_DESC</LocID>
        <Text>İmmünoterapi, kanserle savaşmakta olan vücudun immün sistemini desteklemeyi temel alan bir kanser tedavisi seçeneğidir. \n\nGerekli oda: Herhangi bir ofis</Text>
      </GameDBLocalizedString>
      <GameDBLocalizedString>
        <LocID>TRT_SLP_NERVE_DECOM_SURGERY</LocID>
        <Text>Sinir rekonstrüktif cerrahi</Text>
      </GameDBLocalizedString>
      <GameDBLocalizedString>
        <LocID>TRT_SLP_NERVE_DECOM_SURGERY_DESC</LocID>
        <Text>Cerrahi sinir tamiri, hasarlı sinirin eksplorasyonunu ve hasarlı dokunun veya skarın sinir uçlarından çıkarılmasını kapsar. Daha sonra sinir eğer gerginlik oluşturmayacak şekilde iyi kalitede bir tamire olanak veren yeterli bir uzunluktaysa, uç uca bağlantısı sağlanır. \n\nGerekli oda: Onkoloji ameliyathanesi</Text>
      </GameDBLocalizedString>
      <GameDBLocalizedString>
        <LocID>TRT_SLP_EPIPEN</LocID>
        <Text>Epinefrin otoenjektörü</Text>
      </GameDBLocalizedString>
      <GameDBLocalizedString>
        <LocID>TRT_SLP_EPIPEN_DESC</LocID>
        <Text>Epinefrin otoenjektörü, otoenjektör teknolojisi vasıtasıyla ölçülü bir şekilde doz enjekte etmeye yarayan tıbbi bir cihazdır. Sıklıkla anaflaksi tedavisi için kullanılır. \n\nGerekli oda: Herhangi bir ofis</Text>
      </GameDBLocalizedString>
      <GameDBLocalizedString>
        <LocID>TRT_SLP_POLYPECTOMY</LocID>
        <Text>Polipektomi</Text>
      </GameDBLocalizedString>
      <GameDBLocalizedString>
        <LocID>TRT_SLP_POLYPECTOMY_DESC</LocID>
        <Text>Polipektomi, kolon içerisindeki polipleri çıkarma prosedürüdür. Anormal doku yığınına polip denir. Nispeten noninvaziv mahiyettedir. \n\nGerekli oda: Onkoloji ameliyathanesi</Text>
      </GameDBLocalizedString>
      <GameDBLocalizedString>
        <LocID>TRT_SLP_PARTIAL_COLECTOMY</LocID>
        <Text>Kolektomi</Text>
      </GameDBLocalizedString>
      <GameDBLocalizedString>
        <LocID>TRT_SLP_PARTIAL_COLECTOMY_DESC</LocID>
        <Text>Kolektomi, kolonun rezeksiyonudur. Kolonun bir kısmının veya tamamının (çoğunlukla segmental) cerrahi olarak çıkarılması işlemidir. İleri vakalarda total kolektomi endike olabilir. \n\nGerekli oda: Onkoloji ameliyathanesi</Text>
      </GameDBLocalizedString>
      <GameDBLocalizedString>
        <LocID>TRT_SLP_ADRENALECTOMY</LocID>
        <Text>Adrenalektomi</Text>
      </GameDBLocalizedString>
      <GameDBLocalizedString>
        <LocID>TRT_SLP_ADRENALECTOMY_DESC</LocID>
        <Text>Adrenalektomi, adrenal bezlerin birinin veya ikisinin birden cerrahi olarak çıkarılması işlemidir. Genellikle adrenal bezinde tümör olan hastalarda uygulanır. Bu prosedür açık teknikle veya laparoskopik olarak icra edilebilir. \n\nGerekli oda: Onkoloji ameliyathanesi</Text>
      </GameDBLocalizedString>
      <GameDBLocalizedString>
        <LocID>TRT_SLP_MITOTANE</LocID>
        <Text>Mitotan</Text>
      </GameDBLocalizedString>
      <GameDBLocalizedString>
        <LocID>TRT_SLP_MITOTANE_DESC</LocID>
        <Text>Lysodren müstahzar adıyla satılan mitotan, adrenokortikal karsinomada ve Cushing sendromu'nda kullanılan bir steroidogenez inhibitörü ve sitostatik antineoplastik bir ilaçtır. \n\nGerekli oda: Herhangi bir ofis</Text>
      </GameDBLocalizedString>
      <GameDBLocalizedString>
        <LocID>TRT_SLP_SPIRONOLACTONE</LocID>
        <Text>Spironolakton</Text>
      </GameDBLocalizedString>
      <GameDBLocalizedString>
        <LocID>TRT_SLP_SPIRONOLACTONE_DESC</LocID>
        <Text>Spironolakton, vücudun fazla tuz absorbe etmesini engelleyip potasyum düzeylerinin aşırı düşmesini engelleyen bir diüretiktir. Kalp yetmezliğinde, yüksek kan basıncında (hipertansiyon) veya hipokalemide (kanda düşük düzeyde potasyum bulunması) tedavi amaçlı kullanılabilir. \n\nGerekli oda: Herhangi bir ofis</Text>
      </GameDBLocalizedString>
      <GameDBLocalizedString>
        <LocID>TRT_SLP_OCTREOTIDE_INJECTION</LocID>
        <Text>Oktreotid enjeksiyonu</Text>
      </GameDBLocalizedString>
      <GameDBLocalizedString>
        <LocID>TRT_SLP_OCTREOTIDE_INJECTION_DESC</LocID>
        <Text>Oktreotid, büyüme hormonu üreten tümörlerin (akromegali ve gigantizm) tedavisinde kullanılır ve karsinoid kriz geçiren bir hastanın stabilize edilmesine yardımcı olabilir. \n\nGerekli oda: Herhangi bir ofis</Text>
      </GameDBLocalizedString>
      <GameDBLocalizedString>
        <LocID>TRT_SL_ACTIVE_MONITOR</LocID>
        <Text>Aktif izlem</Text>
      </GameDBLocalizedString>
      <GameDBLocalizedString>
        <LocID>TRT_SL_ACTIVE_MONITOR_DESC</LocID>
        <Text>Aktif izlem, onkoloji uzmanının herhangi bir tedavi önermeyip hastanın sağlığını düzenli kontrollerle ve kan testleriyle takip etmesi anlamına gelir. \n\nGerekli oda: Herhangi bir ofis</Text>
      </GameDBLocalizedString>
      <GameDBLocalizedString>
        <LocID>TRT_SLP_HYPER_CVAD</LocID>
        <Text>İntensif hiper-CVAD terapisi</Text>
      </GameDBLocalizedString>
      <GameDBLocalizedString>
        <LocID>TRT_SLP_HYPER_CVAD_DESC</LocID>
        <Text>"Hiper" ifadesi, yan etkileri minimize etmek için küçük dozlarda ve sık aralıklarla verilen kemoterapinin hiperfraksiyone yönünü ifade eder. "CVAD" kullanılan ilaçların baş harflerinden oluşturulmuştur: Siklofosfamid, vinkristin, doksorubisin (müstahzar adı adriamycin) ve deksametazon. Kısa süreli intensif terapiler iyi sonuç verir. \n\nGerekli oda: Onkoloji bölümünde ara yoğun bakım ünitesi</Text>
      </GameDBLocalizedString>
      <GameDBLocalizedString>
        <LocID>TRT_SLP_SPLENECTOMY</LocID>
        <Text>Splenektomi</Text>
      </GameDBLocalizedString>
      <GameDBLocalizedString>
        <LocID>TRT_SLP_SPLENECTOMY_DESC</LocID>
        <Text>Splenektomi, dalağın cerrahi olarak alınması işlemidir. Dalak göğüs kafesinin altında, abdomenin sol üst kısmında yerleşir. Enfeksiyonla savaşta, yaşlı veya hasarlı kan hücreleri gibi ihtiyaç duyulmayan maddelerin kandan temizlenmesinde rol oynar. Splenektominin en sık endikasyonu rüptüre dalaktır, genelde abdominal yaralanma sonucu gelişir. Bununla beraber splenomegali, bazı kan hastalıkları, bazı kanserler, enfeksiyonlar ve nonkanseröz kistlerde de endike olabilir. \n\nGerekli oda: Onkoloji ameliyathanesi</Text>
      </GameDBLocalizedString>
      <GameDBLocalizedString>
        <LocID>TRT_SLP_G_CSF</LocID>
        <Text>G-CSF ilaçları</Text>
      </GameDBLocalizedString>
      <GameDBLocalizedString>
        <LocID>TRT_SLP_G_CSF_DESC</LocID>
        <Text>Koloni stimülan faktör 3 olarak da bilinen granülosit-koloni stimülan faktörleri ilaçları; kemik iliğini granülosit ve kök hücreleri üretmek ve kana salmak üzere uyaran bir glikoproteindir. \n\nGerekli oda: Herhangi bir ofis</Text>
      </GameDBLocalizedString>
      <GameDBLocalizedString>
        <LocID>TRT_SLP_METHOTREXATE</LocID>
        <Text>IV Metotreksat</Text>
      </GameDBLocalizedString>
      <GameDBLocalizedString>
        <LocID>TRT_SLP_METHOTREXATE_DESC</LocID>
        <Text>Metotreksat, eski adıyla ametopterin, bir kemoterapi ajanı ve immün sistem baskılayıcısıdır. Kanser, otoimmün hastalık, ektopik gebelik tedavilerinde ve tıbbi küretajda kullanılır. Tedavi ajanı olarak kullanıldığı kanserlere meme kanseri, lösemi, akciğer kanseri, lenfoma ve osteosarkom dahildir. \n\nGerekli oda: Onkoloji bölümü servisi</Text>
      </GameDBLocalizedString>
      <GameDBLocalizedString>
        <LocID>TRT_SLP_ALEMTUZUMAB</LocID>
        <Text>IV Alemtuzumab</Text>
      </GameDBLocalizedString>
      <GameDBLocalizedString>
        <LocID>TRT_SLP_ALEMTUZUMAB_DESC</LocID>
        <Text>Alemtuzumab, kronik lenfositik lösemi ve multiple skleroz tedavisinde kullanılan bir ilaçtır. KLL'de alemtuzumab hem birinci hem de ikinci basamak tedavisinde kullanılmaktadır. MS'de diğer tedaviler işe yaramadıysa önerilir. Vene enjekte edilerek uygulanır. \n\nGerekli oda: Onkoloji bölümü servisi</Text>
      </GameDBLocalizedString>
      <GameDBLocalizedString>
        <LocID>TRT_SLP_BRAF_INH</LocID>
        <Text>BRAF inhibitörleri</Text>
      </GameDBLocalizedString>
      <GameDBLocalizedString>
        <LocID>TRT_SLP_BRAF_INH_DESC</LocID>
        <Text>BRAH inhibitörleri BRAF-V600E gen mutasyonunu bloke eder. Yapılan klinik denemelerde metastatik melanom hastalarının sağkalımını arttırdığı gözlemlenmiştir. İlacın yüksek efikasitesine rağmen tümörlerin %20'si ilaca direnç gösterir. \n\nGerekli oda: Herhangi bir ofis</Text>
      </GameDBLocalizedString>
    </LocalizedStrings>
  </GameDBStringTable>
</Database>