﻿<?xml version="1.0" encoding="utf-8"?>
<Database>
  <GameDBStringTable ID="LOC_EN_ADDON_ONCOLOGYSL_EXAMINATIONS">
    <LanguageCode>tr</LanguageCode>
    <LanguageNameLocalized>Türkçe</LanguageNameLocalized>
    <Contributors>
      <Name>gokustan</Name>
    </Contributors>
    <LocalizedStrings>
      <!-- Examinations -->
      <GameDBLocalizedString>
        <LocID>EXM_SLP_CCBT</LocID>
        <Text>Katekolamin kan örneklemesi</Text>
      </GameDBLocalizedString>
      <GameDBLocalizedString>
        <LocID>EXM_SLP_CCBT_DESC</LocID>
        <Text>Katekolamin kan testi vücutta bulunan katekolamin miktarını ölçer. Katekolamin ifadesi dopamin, epinefrin ve norepinefrin hormonlarını kapsar.</Text>
      </GameDBLocalizedString>
      <GameDBLocalizedString>
        <LocID>EXM_SLP_CCBT_TEST</LocID>
        <Text>Katekolamin kan testi</Text>
      </GameDBLocalizedString>
      <GameDBLocalizedString>
        <LocID>EXM_SLP_CCBT_TEST_DESC</LocID>
        <Text>Katekolamin kan testi vücutta bulunan katekolamin miktarını ölçer. Katekolamin ifadesi dopamin, epinefrin ve norepinefrin hormonlarını kapsar.</Text>
      </GameDBLocalizedString>
      <GameDBLocalizedString>
        <LocID>EXM_SLP_CEA</LocID>
        <Text>CEA kan örneklemesi</Text>
      </GameDBLocalizedString>
      <GameDBLocalizedString>
        <LocID>EXM_SLP_CEA_DESC</LocID>
        <Text>Karsinoembriyonik antijen (CEA) testi, bazı kanser tiplerinin tanısında ve takibinde kullanılan bir kan tetkikidir. Özellikle kolon ve rektum kanserleri için kullanılır. CEA testi kanda bulunan CEA miktarını ölçer. Kanser tedavisi veya cerrahisinden sonra yüksek miktarda tespit edilen CEA, kanserin yok olmadığını gösterir. Aynı zamanda kanserin vücudun başka bölgelerine yayıldığı anlamına da gelebilir.</Text>
      </GameDBLocalizedString>
      <GameDBLocalizedString>
        <LocID>EXM_SLP_CEA_TEST</LocID>
        <Text>CEA kan testi</Text>
      </GameDBLocalizedString>
      <GameDBLocalizedString>
        <LocID>EXM_SLP_CEA_TEST_DESC</LocID>
        <Text>Karsinoembriyonik antijen (CEA) testi, bazı kanser tiplerinin tanısında ve takibinde kullanılan bir kan tetkikidir. Özellikle kolon ve rektum kanserleri için kullanılır. CEA testi kanda bulunan CEA miktarını ölçer. Kanser tedavisi veya cerrahisinden sonra yüksek miktarda tespit edilen CEA, kanserin yok olmadığını gösterir. Aynı zamanda kanserin vücudun başka bölgelerine yayıldığı anlamına da gelebilir.</Text>
      </GameDBLocalizedString>
      <GameDBLocalizedString>
        <LocID>EXM_SLP_COLONOSCOPY</LocID>
        <Text>Kolonoskopi</Text>
      </GameDBLocalizedString>
      <GameDBLocalizedString>
        <LocID>EXM_SLP_COLONOSCOPY_DESC</LocID>
        <Text>Kolonoskopi; kanser, kolon polipi ve diğer kolonda bulunan anormallikleri tespit etmek için uygulanan bir tıbbi prosedürdür. Kolonoskop adında (bir çeşit endoskop) bir alet kullanılır; uzun, ince ve esnek bir tüp şeklindedir, üzerinde kamera ve ışık kaynağı bulunur.</Text>
      </GameDBLocalizedString>
      <GameDBLocalizedString>
        <LocID>EXM_SLP_5HIAA</LocID>
        <Text>5-HIAA idrar örneklemesi</Text>
      </GameDBLocalizedString>
      <GameDBLocalizedString>
        <LocID>EXM_SLP_5HIAA_DESC</LocID>
        <Text>İdrarda bulunan ve serotonin yıkım ürünü olan 5-HIAA (5-hidroksiindolasetik asit) miktarını ölçmek için kullanılır. Serotonin davranış ve depresyonda rol oynayan bir nörotransmitterdir, bazı NET'ler tarafından üretilir.</Text>
      </GameDBLocalizedString>
      <GameDBLocalizedString>
        <LocID>EXM_SLP_5HIAA_TEST</LocID>
        <Text>5-HIAA idrar testi</Text>
      </GameDBLocalizedString>
      <GameDBLocalizedString>
        <LocID>EXM_SLP_5HIAA_TEST_DESC</LocID>
        <Text>İdrarda bulunan ve serotonin yıkım ürünü olan 5-HIAA (5-hidroksiindolasetik asit) miktarını ölçmek için kullanılır. Serotonin davranış ve depresyonda rol oynayan bir nörotransmitterdir, bazı NET'ler tarafından üretilir.</Text>
      </GameDBLocalizedString>
      <GameDBLocalizedString>
        <LocID>EXM_SLP_CHRAB</LocID>
        <Text>Kromogranin-A kan örneklemesi</Text>
      </GameDBLocalizedString>
      <GameDBLocalizedString>
        <LocID>EXM_SLP_CHRAB_DESC</LocID>
        <Text>Kromogranin A testi karsinoid tümörleri teşhis etmek için kullanılan bir tümör marker'ıdır. Nöroendokrin hücrelerden köken alan diğer tümörleri tespit etmek için de kullanılabilir.</Text>
      </GameDBLocalizedString>
      <GameDBLocalizedString>
        <LocID>EXM_SLP_CHRAB_TEST</LocID>
        <Text>Kromogranin-A kan testi</Text>
      </GameDBLocalizedString>
      <GameDBLocalizedString>
        <LocID>EXM_SLP_CHRAB_TEST_DESC</LocID>
        <Text>Kromogranin A testi karsinoid tümörleri teşhis etmek için kullanılan bir tümör marker'ıdır. Nöroendokrin hücrelerden köken alan diğer tümörleri tespit etmek için de kullanılabilir.</Text>
      </GameDBLocalizedString>
      <GameDBLocalizedString>
        <LocID>EXM_SLP_BONEBIOPSY_SAMPLE</LocID>
        <Text>Kemik iliği biyopsi örneklemesi</Text>
      </GameDBLocalizedString>
      <GameDBLocalizedString>
        <LocID>EXM_SLP_BONEBIOPSY_SAMPLE_DESC</LocID>
        <Text>Kemik iliği biyopsisi, iliğin yapısının korunduğu silindirik bir kor alınması şeklinde yapılır. Biyopsi örneğinin bir uzman tarafından sellüleritesi, mevcut hücrelerin kemik iliğinde bulunan diğer komponentlere kıyasla volümü, anormal infiltrat mevcudiyeti ve farklı hücre dizilerinin yeterli sayıda olup olmadığı değerlendirilir.</Text>
      </GameDBLocalizedString>
      <GameDBLocalizedString>
        <LocID>EXM_SLP_BONEBIOPSY_TEST</LocID>
        <Text>Kemik iliği biyopsi testi</Text>
      </GameDBLocalizedString>
      <GameDBLocalizedString>
        <LocID>EXM_SLP_BONEBIOPSY_TEST_DESC</LocID>
        <Text>Kemik iliği biyopsisi, iliğin yapısının korunduğu silindirik bir kor alınması şeklinde yapılır. Biyopsi örneğinin bir uzman tarafından sellüleritesi, mevcut hücrelerin kemik iliğinde bulunan diğer komponentlere kıyasla volümü, anormal infiltrat mevcudiyeti ve farklı hücre dizilerinin yeterli sayıda olup olmadığı değerlendirilir.</Text>
      </GameDBLocalizedString>
      <GameDBLocalizedString>
        <LocID>EXM_SLP_FLOWCYT</LocID>
        <Text>Akım sitometri örneklemesi</Text>
      </GameDBLocalizedString>
      <GameDBLocalizedString>
        <LocID>EXM_SLP_FLOWCYT_DESC</LocID>
        <Text>Akım sitometrisi, bir hücre veya partikül popülasyonunun fiziksel ve kimyasal özelliklerini tespit etmeye yarayan bir tekniktir. Hücreleri veya partikülleri içeren örnek, bir sıvı içerisinde süspansiyon haline getirilir, daha sonra akım sitometri cihazına enjekte edilir.</Text>
      </GameDBLocalizedString>
      <GameDBLocalizedString>
        <LocID>EXM_SLP_FLOWCYT_TEST</LocID>
        <Text>Akım sitometri testi</Text>
      </GameDBLocalizedString>
      <GameDBLocalizedString>
        <LocID>EXM_SLP_FLOWCYT_TEST_DESC</LocID>
        <Text>Akım sitometrisi, bir hücre veya partikül popülasyonunun fiziksel ve kimyasal özelliklerini tespit etmeye yarayan bir tekniktir. Hücreleri veya partikülleri içeren örnek, bir sıvı içerisinde süspansiyon haline getirilir, daha sonra akım sitometri cihazına enjekte edilir.</Text>
      </GameDBLocalizedString>
      <GameDBLocalizedString>
        <LocID>EXM_SLP_CBC_SAMPLING</LocID>
        <Text>(Onkoloji) Tam Kan Sayımı - örnek al</Text>
      </GameDBLocalizedString>
      <GameDBLocalizedString>
        <LocID>EXM_SLP_BLOOD_SMEAR_SAMPLE</LocID>
        <Text>Periferik yayma örneği</Text>
      </GameDBLocalizedString>
      <GameDBLocalizedString>
        <LocID>EXM_SLP_BLOOD_SMEAR_SAMPLE_DESC</LocID>
        <Text>Periferik kan yayması, kanın ince bir katman olacak şekilde lam üzerine yayılması, daha sonra çeşitli kan hücrelerinin mikroskopik olarak incelenmesine olanak tanıyacak şekilde boyanması işlemidir.</Text>
      </GameDBLocalizedString>
      <GameDBLocalizedString>
        <LocID>EXM_SLP_BLOOD_SMEAR_TEST</LocID>
        <Text>Periferik yayma testi</Text>
      </GameDBLocalizedString>
      <GameDBLocalizedString>
        <LocID>EXM_SLP_BLOOD_SMEAR_TEST_DESC</LocID>
        <Text>Periferik kan yayması, kanın ince bir katman olacak şekilde lam üzerine yayılması, daha sonra çeşitli kan hücrelerinin mikroskopik olarak incelenmesine olanak tanıyacak şekilde boyanması işlemidir.</Text>
      </GameDBLocalizedString>
      <GameDBLocalizedString>
        <LocID>EXM_SLP_LIVER_FT_SAMPLING</LocID>
        <Text>Karaciğer fonksiyon testi örneklemesi</Text>
      </GameDBLocalizedString>
      <GameDBLocalizedString>
        <LocID>EXM_SLP_LIVER_FT_SAMPLING_DESC</LocID>
        <Text>Karaciğer fonksiyon testi (KFT) karaciğerin işlevi hakkında bilgi veren kan testleridir. Karaciğer hücreleri tarafından üretilen veya tahrip olan karaciğer hücrelerinden kana salınan protein ve enzim miktarını ölçerler.</Text>
      </GameDBLocalizedString>
      <GameDBLocalizedString>
        <LocID>EXM_SLP_LIVER_FT_TEST</LocID>
        <Text>Karaciğer fonksiyon testi</Text>
      </GameDBLocalizedString>
      <GameDBLocalizedString>
        <LocID>EXM_SLP_LIVER_FT_TEST_DESC</LocID>
        <Text>Karaciğer fonksiyon testi (KFT) karaciğerin işlevi hakkında bilgi veren kan testleridir. Karaciğer hücreleri tarafından üretilen veya tahrip olan karaciğer hücrelerinden kana salınan protein ve enzim miktarını ölçerler.</Text>
      </GameDBLocalizedString>
      <GameDBLocalizedString>
        <LocID>EXM_SLP_FISH_SAMPLE</LocID>
        <Text>FISH örneklemesi</Text>
      </GameDBLocalizedString>
      <GameDBLocalizedString>
        <LocID>EXM_SLP_FISH_SAMPLE_DESC</LocID>
        <Text>Floresan in situ hibridizasyon (FISH) sadece yüksek derecede sekans komplemanlığı gösteren nükleik asit sekansları kısımlarına bağlanan floresan problarının kullanılması prensibine dayanan moleküler sitogenetik bir tekniktir. 1980'lerde kromozomlarda bulunan spesifik DNA dizilerinin varlığını veya yokluğunu tespit ve lokalize etmek üzere biyomedikal araştırmacılarca geliştirilmiştir. Floresan mikroskopi, kromozomlara bağlanan floresan probları tespit etmek için kullanılır. FISH genellikle genetik danışmanlıkta, tıpta ve tür identifikasyonunda DNA'nın spesifik özelliklerini tespit etmek için kullanılır. FISH aynı zamanda spesifik RNA hedeflerinin (mRNA, lncRNA ve miRNA) tespitinde ve lokalizasyonunda da kullanılabilir.</Text>
      </GameDBLocalizedString>
      <GameDBLocalizedString>
        <LocID>EXM_SLP_FISH_TEST</LocID>
        <Text>FISH testi</Text>
      </GameDBLocalizedString>
      <GameDBLocalizedString>
        <LocID>EXM_SLP_FISH_TEST_DESC</LocID>
        <Text>Floresan in situ hibridizasyon (FISH) sadece yüksek derecede sekans komplemanlığı gösteren nükleik asit sekansları kısımlarına bağlanan floresan problarının kullanılması prensibine dayanan moleküler sitogenetik bir tekniktir. 1980'lerde kromozomlarda bulunan spesifik DNA dizilerinin varlığını veya yokluğunu tespit ve lokalize etmek üzere biyomedikal araştırmacılarca geliştirilmiştir. Floresan mikroskopi, kromozomlara bağlanan floresan probları tespit etmek için kullanılır. FISH genellikle genetik danışmanlıkta, tıpta ve tür identifikasyonunda DNA'nın spesifik özelliklerini tespit etmek için kullanılır. FISH aynı zamanda spesifik RNA hedeflerinin (mRNA, lncRNA ve miRNA) tespitinde ve lokalizasyonunda da kullanılabilir.</Text>
      </GameDBLocalizedString>
      <GameDBLocalizedString>
        <LocID>EXM_SLP_IV_STAINING_SAMPLE</LocID>
        <Text>In vitro boyama örneklemesi</Text>
      </GameDBLocalizedString>
      <GameDBLocalizedString>
        <LocID>EXM_SLP_IV_STAINING_SAMPLE_DESC</LocID>
        <Text>Boyama, alınan örneklerde mikroskopik düzeyde kontrastı arttırmak için kullanılan bir tekniktir. Boyalar sıklıkla mikroskopik düzeyde çalışan ve tanı koyan bilim dalları olan histolojide (mikroskop altında doku incelemeye dayanan bilim dalı), histopatoloji, hematoloji ve sitopatolojide kullanılır. Boyalar biyolojik dokuları tanımlamada (örneğin kas liflerini veya bağ dokuyu ön plana çıkararak), hücre popülasyonlarını tanımlamada (farklı kan hücrelerini sınıflandırarak) veya hücrelerin içinde bulunan organelleri tanımlamada kullanılabilir.</Text>
      </GameDBLocalizedString>
      <GameDBLocalizedString>
        <LocID>EXM_SLP_IV_STAINING_TEST</LocID>
        <Text>In vitro boyama testi</Text>
      </GameDBLocalizedString>
      <GameDBLocalizedString>
        <LocID>EXM_SLP_IV_STAINING_TEST_DESC</LocID>
        <Text>Boyama, alınan örneklerde mikroskopik düzeyde kontrastı arttırmak için kullanılan bir tekniktir. Boyalar sıklıkla mikroskopik düzeyde çalışan ve tanı koyan bilim dalları olan histolojide (mikroskop altında doku incelemeye dayanan bilim dalı), histopatoloji, hematoloji ve sitopatolojide kullanılır. Boyalar biyolojik dokuları tanımlamada (örneğin kas liflerini veya bağ dokuyu ön plana çıkararak), hücre popülasyonlarını tanımlamada (farklı kan hücrelerini sınıflandırarak) veya hücrelerin içinde bulunan organelleri tanımlamada kullanılabilir.</Text>
      </GameDBLocalizedString>
    </LocalizedStrings>
  </GameDBStringTable>
</Database>