﻿<?xml version="1.0" encoding="utf-8"?>
<Database>
  <GameDBStringTable ID="LOC_EN_ADDON_ONCOLOGYSL_DIAGNOSES">
    <LanguageCode>tr</LanguageCode>
    <LanguageNameLocalized>Türkçe</LanguageNameLocalized>
    <Contributors>
      <Name>gokustan</Name>
    </Contributors>
    <LocalizedStrings>
      <!-- Diagnoses - Skin Cancer -->
      <GameDBLocalizedString>
        <LocID>DIA_ONCO_SC1_1</LocID>
        <Text>Bazal hücreli karsinom (Evre I)</Text>
      </GameDBLocalizedString>
      <GameDBLocalizedString>
        <LocID>DIA_ONCO_SC1_1_DESC</LocID>
        <Text>Bazal hücreli karsinom, insanlarda en sık görülen kanser türüdür. Epidermis'in bazal hücre tabakasından köken alan bir çeşit non-melanom deri kanseridir, yavaş büyür ve nadiren metastaz yapar.\n\nEvre I'de tümör 0-2 cm büyüklüğündedir, dermis'e yayılmış olabilir.</Text>
      </GameDBLocalizedString>
      <GameDBLocalizedString>
        <LocID>DIA_ONCO_SC1_2</LocID>
        <Text>Bazal hücreli karsinom (Evre II)</Text>
      </GameDBLocalizedString>
      <GameDBLocalizedString>
        <LocID>DIA_ONCO_SC1_2_DESC</LocID>
        <Text>Bazal hücreli karsinom, insanlarda en sık görülen kanser türüdür. Epidermis'in bazal hücre tabakasından köken alan bir çeşit non-melanom deri kanseridir, yavaş büyür ve nadiren metastaz yapar.\n\nEvre II'de tümör 2 cm'den daha büyüktür, dermis'e yayılmış olabilir ve perinöral invazyon gibi yüksek risk faktörlerine sahiptir.</Text>
      </GameDBLocalizedString>
      <GameDBLocalizedString>
        <LocID>DIA_ONCO_SC1_3</LocID>
        <Text>Bazal hücreli karsinom (Evre III)</Text>
      </GameDBLocalizedString>
      <GameDBLocalizedString>
        <LocID>DIA_ONCO_SC1_3_DESC</LocID>
        <Text>Bazal hücreli karsinom, insanlarda en sık görülen kanser türüdür. Epidermis'in bazal hücre tabakasından köken alan bir çeşit non-melanom deri kanseridir, yavaş büyür ve nadiren metastaz yapar.\n\nEvre III'te tümör derinin altına (kas, kemik, kıkırdak veya lenf nodu) yayılmıştır, ancak yayıldığı kısımlar tümöre yakın yerleşimlidir.</Text>
      </GameDBLocalizedString>
      <GameDBLocalizedString>
        <LocID>DIA_ONCO_SC1_4</LocID>
        <Text>Bazal hücreli karsinom (Evre IV)</Text>
      </GameDBLocalizedString>
      <GameDBLocalizedString>
        <LocID>DIA_ONCO_SC1_4_DESC</LocID>
        <Text>Bazal hücreli karsinom, insanlarda en sık görülen kanser türüdür. Epidermis'in bazal hücre tabakasından köken alan bir çeşit non-melanom deri kanseridir, yavaş büyür ve nadiren metastaz yapar.\n\nEvre IV'te tümör derinin dışında uzak organlara (beyin, akciğerler, iskelet) yayılım göstermiştir.</Text>
      </GameDBLocalizedString>
      <GameDBLocalizedString>
        <LocID>DIA_ONCO_SC2_1</LocID>
        <Text>Skuamöz hücreli karsinom (Evre I)</Text>
      </GameDBLocalizedString>
      <GameDBLocalizedString>
        <LocID>DIA_ONCO_SC2_1_DESC</LocID>
        <Text>Skuamöz hücreli karsinom, derinin orta ve dış katmanlarını oluşturan skuamöz hücrelerden köken alan, sık görülen bir deri kanseri türüdür.\n\nEvre I'de tümör 0-2 cm büyüklüğündedir, dermis'e yayılmış olabilir.</Text>
      </GameDBLocalizedString>
      <GameDBLocalizedString>
        <LocID>DIA_ONCO_SC2_2</LocID>
        <Text>Skuamöz hücreli karsinom (Evre II)</Text>
      </GameDBLocalizedString>
      <GameDBLocalizedString>
        <LocID>DIA_ONCO_SC2_2_DESC</LocID>
        <Text>Skuamöz hücreli karsinom, derinin orta ve dış katmanlarını oluşturan skuamöz hücrelerden köken alan, sık görülen bir deri kanseri türüdür.\n\nEvre II'de tümör 2 cm'den daha büyüktür, dermis'e yayılmış olabilir ve perinöral invazyon gibi yüksek risk faktörlerine sahiptir.</Text>
      </GameDBLocalizedString>
      <GameDBLocalizedString>
        <LocID>DIA_ONCO_SC2_3</LocID>
        <Text>Skuamöz hücreli karsinom (Evre III)</Text>
      </GameDBLocalizedString>
      <GameDBLocalizedString>
        <LocID>DIA_ONCO_SC2_3_DESC</LocID>
        <Text>Skuamöz hücreli karsinom, derinin orta ve dış katmanlarını oluşturan skuamöz hücrelerden köken alan, sık görülen bir deri kanseri türüdür.\n\nEvre III'te tümör derinin altına (kas, kemik, kıkırdak veya lenf nodu) yayılmıştır, ancak yayıldığı kısımlar tümöre yakın yerleşimlidir.</Text>
      </GameDBLocalizedString>
      <GameDBLocalizedString>
        <LocID>DIA_ONCO_SC2_4</LocID>
        <Text>Skuamöz hücreli karsinom (Evre IV)</Text>
      </GameDBLocalizedString>
      <GameDBLocalizedString>
        <LocID>DIA_ONCO_SC2_4_DESC</LocID>
        <Text>Skuamöz hücreli karsinom, derinin orta ve dış katmanlarını oluşturan skuamöz hücrelerden köken alan, sık görülen bir deri kanseri türüdür.\n\nEvre IV'te tümör derinin dışında uzak organlara (beyin, akciğerler, iskelet) yayılım göstermiştir.</Text>
      </GameDBLocalizedString>
      <GameDBLocalizedString>
        <LocID>DIA_ONCO_SC3_1</LocID>
        <Text>Melanom (Evre I)</Text>
      </GameDBLocalizedString>
      <GameDBLocalizedString>
        <LocID>DIA_ONCO_SC3_1_DESC</LocID>
        <Text>Melanom, derideki pigment hücreleri (melanositler) mutasyona uğrayıp kontrolsüz çoğaldıkları zaman ortaya çıkar.\n\nEvre I'de tümör derinin derin tabakalarına yayılmıştır ancak lenf nodları veya vücudun diğer kısımları tutulmamıştır.</Text>
      </GameDBLocalizedString>
      <GameDBLocalizedString>
        <LocID>DIA_ONCO_SC3_2</LocID>
        <Text>Melanom (Evre II)</Text>
      </GameDBLocalizedString>
      <GameDBLocalizedString>
        <LocID>DIA_ONCO_SC3_2_DESC</LocID>
        <Text>Melanom, derideki pigment hücreleri (melanositler) mutasyona uğrayıp kontrolsüz çoğaldıkları zaman ortaya çıkar.\n\nEvre II'de melanom daha kalındır, epidermis'i geçerek derinin sıkı iç tabakası olan dermis'e kadar uzanmıştır. Tümörün yayılma riski yüksektir.</Text>
      </GameDBLocalizedString>
      <GameDBLocalizedString>
        <LocID>DIA_ONCO_SC3_3</LocID>
        <Text>Melanom (Evre III)</Text>
      </GameDBLocalizedString>
      <GameDBLocalizedString>
        <LocID>DIA_ONCO_SC3_3_DESC</LocID>
        <Text>Melanom, derideki pigment hücreleri (melanositler) mutasyona uğrayıp kontrolsüz çoğaldıkları zaman ortaya çıkar.\n\nEvre III'te melanom lokal olarak veya lenfatik sistem vasıtasıyla bölgesel lenf nodlarına yayılmıştır, ancak uzak lenf nodları veya organ tutulumu yoktur.</Text>
      </GameDBLocalizedString>
      <GameDBLocalizedString>
        <LocID>DIA_ONCO_SC3_4</LocID>
        <Text>Melanom (Evre IV)</Text>
      </GameDBLocalizedString>
      <GameDBLocalizedString>
        <LocID>DIA_ONCO_SC3_4_DESC</LocID>
        <Text>Melanom, derideki pigment hücreleri (melanositler) mutasyona uğrayıp kontrolsüz çoğaldıkları zaman ortaya çıkar.\n\nEvre IV'te melanom hematojen yolla vücudun diğer kısımlarına (deride veya yumuşak dokuda uzak noktalara, uzak lenf nodlarına veya diğer organlara) yayılım göstermiştir.</Text>
      </GameDBLocalizedString>
      <!-- Diagnoses - Adrenal Gland Cancer -->
      <GameDBLocalizedString>
        <LocID>DIA_ONCO_AGC1_0</LocID>
        <Text>Feokromositoma (Lokalize)</Text>
      </GameDBLocalizedString>
      <GameDBLocalizedString>
        <LocID>DIA_ONCO_AGC1_0_DESC</LocID>
        <Text>Feokromositoma adrenal bezin nadir görülen bir tümörüdür. Kalp atım hızını, metabolizmayı ve kan basıncını kontrol eden epinefrin ve norepinefrin hormonlarının aşırı miktarda salınımına neden olur. Lokalize feokromositomada tümör erken evrede tespit edilmiştir, adrenal bezlerin bir veya ikisinde adrenal medulla ile sınırlıdır.</Text>
      </GameDBLocalizedString>
      <GameDBLocalizedString>
        <LocID>DIA_ONCO_AGC1_1</LocID>
        <Text>Feokromositoma (Bölgesel)</Text>
      </GameDBLocalizedString>
      <GameDBLocalizedString>
        <LocID>DIA_ONCO_AGC1_1_DESC</LocID>
        <Text>Feokromositoma adrenal bezin nadir görülen bir tümörüdür. Kalp atım hızını, metabolizmayı ve kan basıncını kontrol eden epinefrin ve norepinefrin hormonlarının aşırı miktarda salınımına neden olur. Bölgesel feokromositomada tümör köken aldığı yerden çevre dokulara ve/veya lenf nodlarına doğru yayılım göstermiştir.</Text>
      </GameDBLocalizedString>
      <GameDBLocalizedString>
        <LocID>DIA_ONCO_AGC1_2</LocID>
        <Text>Feokromositoma (Metastatik)</Text>
      </GameDBLocalizedString>
      <GameDBLocalizedString>
        <LocID>DIA_ONCO_AGC1_2_DESC</LocID>
        <Text>Feokromositoma adrenal bezin nadir görülen bir tümörüdür. Kalp atım hızını, metabolizmayı ve kan basıncını kontrol eden epinefrin ve norepinefrin hormonlarının aşırı miktarda salınımına neden olur. Metastatik feokromositomada tümör köken aldığı yerden uzak organlara doğru yayılım göstermiştir. Metastaz ihtimalini tahmin edebilmek için histopatoloji veya klinik veriyi temel alan çeşitli skorlama sistemleri ve kriterler geliştirilmiştir, ancak hiçbiri yeterli güvenilirlikte değildir.</Text>
      </GameDBLocalizedString>
      <!-- Diagnoses - Lung Cancer -->
      <GameDBLocalizedString>
        <LocID>DIA_ONCO_LC_0</LocID>
        <Text>KHD akciğer kanseri (Lokalize)</Text>
      </GameDBLocalizedString>
      <GameDBLocalizedString>
        <LocID>DIA_ONCO_LC_0_DESC</LocID>
        <Text>Küçük hücreli dışı akciğer kanseri (KHDAK) akciğerde bulunan sağlıklı hücrelerin kontrolsüz bir şekilde çoğalmaları ve tümör, lezyon veya nodül adı verilen bir kitle oluşturmaları ile başlar. Akciğer tümörü akciğerin herhangi bir yerinden köken alabilir. Lokalize kanserde tümör akciğerde tespit edilmiş ancak lenf nodlarına veya uzak organlara yayılım göstermemiştir.</Text>
      </GameDBLocalizedString>
      <GameDBLocalizedString>
        <LocID>DIA_ONCO_LC_1</LocID>
        <Text>KHD akciğer kanseri (Bölgesel)</Text>
      </GameDBLocalizedString>
      <GameDBLocalizedString>
        <LocID>DIA_ONCO_LC_1_DESC</LocID>
        <Text>Küçük hücreli dışı akciğer kanseri (KHDAK) akciğerde bulunan sağlıklı hücrelerin kontrolsüz bir şekilde çoğalmaları ve tümör, lezyon veya nodül adı verilen bir kitle oluşturmaları ile başlar. Akciğer tümörü akciğerin herhangi bir yerinden köken alabilir. Bölgesel kanserde tümör akciğerlerden yakın yerleşimli lenf nodlarına yayılım göstermiştir.</Text>
      </GameDBLocalizedString>
      <GameDBLocalizedString>
        <LocID>DIA_ONCO_LC_2</LocID>
        <Text>KHD akciğer kanseri (Metastatik)</Text>
      </GameDBLocalizedString>
      <GameDBLocalizedString>
        <LocID>DIA_ONCO_LC_2_DESC</LocID>
        <Text>Küçük hücreli dışı akciğer kanseri (KHDAK) akciğerde bulunan sağlıklı hücrelerin kontrolsüz bir şekilde çoğalmaları ve tümör, lezyon veya nodül adı verilen bir kitle oluşturmaları ile başlar. Akciğer tümörü akciğerin herhangi bir yerinden köken alabilir. Metastatik kanserde tümör vücudun diğer kısımlarına hematojen veya lenfatik yolla yayılım göstermiştir.</Text>
      </GameDBLocalizedString>
      <GameDBLocalizedString>
        <LocID>DIA_ONCO_LC1_0</LocID>
        <Text>KH akciğer kanseri (Sınırlı evre)</Text>
      </GameDBLocalizedString>
      <GameDBLocalizedString>
        <LocID>DIA_ONCO_LC1_0_DESC</LocID>
        <Text>Küçük hücreli akciğer kanseri (KHAK) akciğerde bulunan sağlıklı hücrelerin kontrolsüz bir şekilde çoğalmaları ve tümör, lezyon veya nodül adı verilen bir kitle oluşturmaları ile başlar. KHAK sinir hücrelerinden veya akciğerin hormon üreten hücrelerinden köken alır. "Küçük hücre" ifadesi mikroskop altında gözlemlenen kanser hücrelerinin boyut ve şekline atıfta bulunmaktadır. Sınırlı evre, tümörün tek bir akciğeri tuttuğu ve radyoterapi ile tedavi edilebileceği anlamına gelir. KHAK hastası üç kişiden biri tanı sırasında sınırlı evrededir.</Text>
      </GameDBLocalizedString>
      <GameDBLocalizedString>
        <LocID>DIA_ONCO_LC1_1</LocID>
        <Text>KH akciğer kanseri (İleri evre)</Text>
      </GameDBLocalizedString>
      <GameDBLocalizedString>
        <LocID>DIA_ONCO_LC1_1_DESC</LocID>
        <Text>Küçük hücreli akciğer kanseri (KHAK) akciğerde bulunan sağlıklı hücrelerin kontrolsüz bir şekilde çoğalmaları ve tümör, lezyon veya nodül adı verilen bir kitle oluşturmaları ile başlar. KHAK sinir hücrelerinden veya akciğerin hormon üreten hücrelerinden köken alır. "Küçük hücre" ifadesi mikroskop altında gözlemlenen kanser hücrelerinin boyut ve şekline atıfta bulunmaktadır. İleri evre, KHAK vücudun diğer kısımlarına (diğer akciğer, kemik, beyin veya kemik iliği) yayıldığını belirtir. Pek çok hekim KHAK'nin akciğer çevresindeki sıvıya (plevra) yayılmasını da ileri evre olarak kabul eder. KHAK hastası üç kişiden ikisi tanı sırasında ileri evrededir.</Text>
      </GameDBLocalizedString>
      <!-- -->
      <GameDBLocalizedString>
        <LocID>DIA_ONCO_BC1_0</LocID>
        <Text>Kolorektal adenokarsinom (Lokalize)</Text>
      </GameDBLocalizedString>
      <GameDBLocalizedString>
        <LocID>DIA_ONCO_BC1_0_DESC</LocID>
        <Text>Kolon ve rektum'un adenokarsinomları tüm kolorektal kanserlerin %95'ini teşkil eder. Kolorektal adenokarsinomlar, gastrointestinal kanalda kolonu döşeyen hücrelerden köken alır. Tipik olarak polip denilen çoğalmış doku yığınları şeklinde başlar. Adenom adı verilen polip çeşidi kansere dönüşebilir. Lokalize kanserde tümör bağırsak duvarı ile sınırlıdır veya bağırsak duvarının dış yüzeyine yayılmış olabilir.</Text>
      </GameDBLocalizedString>
      <GameDBLocalizedString>
        <LocID>DIA_ONCO_BC1_1</LocID>
        <Text>Kolorektal adenokarsinom (Bölgesel)</Text>
      </GameDBLocalizedString>
      <GameDBLocalizedString>
        <LocID>DIA_ONCO_BC1_1_DESC</LocID>
        <Text>Kolon ve rektum'un adenokarsinomları tüm kolorektal kanserlerin %95'ini teşkil eder. Kolorektal adenokarsinomlar, gastrointestinal kanalda kolonu döşeyen hücrelerden köken alır. Tipik olarak polip denilen çoğalmış doku yığınları şeklinde başlar. Adenom adı verilen polip çeşidi kansere dönüşebilir. Bölgesel kanserde tümör bağırsağa yakın yerleşimli lenf nodlarına yayılmıştır.</Text>
      </GameDBLocalizedString>
      <GameDBLocalizedString>
        <LocID>DIA_ONCO_BC1_2</LocID>
        <Text>Kolorektal adenokarsinom (Metastatik)</Text>
      </GameDBLocalizedString>
      <GameDBLocalizedString>
        <LocID>DIA_ONCO_BC1_2_DESC</LocID>
        <Text>Kolon ve rektum'un adenokarsinomları tüm kolorektal kanserlerin %95'ini teşkil eder. Kolorektal adenokarsinomlar, gastrointestinal kanalda kolonu döşeyen hücrelerden köken alır. Tipik olarak polip denilen çoğalmış doku yığınları şeklinde başlar. Adenom adı verilen polip çeşidi kansere dönüşebilir. Metastatik kanserde tümör uzak dokulara yayılım göstermiştir.</Text>
      </GameDBLocalizedString>
      <GameDBLocalizedString>
        <LocID>DIA_ONCO_AGC2_0</LocID>
        <Text>Adrenokortikal karsinom (Lokalize)</Text>
      </GameDBLocalizedString>
      <GameDBLocalizedString>
        <LocID>DIA_ONCO_AGC2_0_DESC</LocID>
        <Text>Adrenokortikal karsinom, adrenal bezin dış katmanındaki hücrelerden köken alan, nadir görülen bir hastalıktır. Lokalize kanserde tümör 0-5 cm boyutundadır ve yalnızca adrenal bezde bulunur.</Text>
      </GameDBLocalizedString>
      <GameDBLocalizedString>
        <LocID>DIA_ONCO_AGC2_1</LocID>
        <Text>Adrenokortikal karsinom (Bölgesel)</Text>
      </GameDBLocalizedString>
      <GameDBLocalizedString>
        <LocID>DIA_ONCO_AGC2_1_DESC</LocID>
        <Text>Adrenokortikal karsinom, adrenal bezin dış katmanındaki hücrelerden köken alan, nadir görülen bir hastalıktır. Bölgesel kanserde tümör herhangi bir boyutta olabilir; bununla beraber yakın yerleşimli lenf nodlarına, yakın yerleşimli doku ve organlara (böbrek, diyafram, pankreas, dalak veya karaciğer) veya büyük kan damarlarına (renal ven veya vena kava) yayılım göstermiştir.</Text>
      </GameDBLocalizedString>
      <GameDBLocalizedString>
        <LocID>DIA_ONCO_AGC2_2</LocID>
        <Text>Adrenokortikal karsinom (Metastatik)</Text>
      </GameDBLocalizedString>
      <GameDBLocalizedString>
        <LocID>DIA_ONCO_AGC2_2_DESC</LocID>
        <Text>Adrenokortikal karsinom, adrenal bezin dış katmanındaki hücrelerden köken alan, nadir görülen bir hastalıktır. Metastatik kanserde tümör herhangi bir boyutta olabilir, yakın yerleşimli lenf nodlarına yayılmış olabilir; bununla beraber akciğer, kemik veya periton gibi vücudun uzak kısımlarına yayılım göstermiştir.</Text>
      </GameDBLocalizedString>
      <GameDBLocalizedString>
        <LocID>DIA_ONCO_MC001_0</LocID>
        <Text>Gastrointestinal NET (SE)</Text>
      </GameDBLocalizedString>
      <GameDBLocalizedString>
        <LocID>DIA_ONCO_MC001_0_DESC</LocID>
        <Text>Nöroendokrin tümörler (NET) endokrin (hormonal) ve sinir sistemindeki hücrelerden köken alan neoplazilerdir. Pek çoğu benign mahiyettedir, bununla beraber bazıları malign olabilir. En sık olarak bağırsaklarda ortaya çıkarlar, bu durumda karsinoid tümör adını alır; ayrıca pankreasta, akciğerlerde ve vücudun diğer kısımlarında gelişebilirler. Sınırlı evrede tümör 4 cm'den küçüktür ve appendiks'i karın ön duvarına bağlayan membrana yaklaşacak kadar büyümüştür.</Text>
      </GameDBLocalizedString>
      <GameDBLocalizedString>
        <LocID>DIA_ONCO_MC001_1</LocID>
        <Text>Gastrointestinal NET (İE)</Text>
      </GameDBLocalizedString>
      <GameDBLocalizedString>
        <LocID>DIA_ONCO_MC001_1_DESC</LocID>
        <Text>Nöroendokrin tümörler (NET) endokrin (hormonal) ve sinir sistemindeki hücrelerden köken alan neoplazilerdir. Pek çoğu benign mahiyettedir, bununla beraber bazıları malign olabilir. En sık olarak bağırsaklarda ortaya çıkarlar, bu durumda karsinoid tümör adını alır; ayrıca pankreasta, akciğerlerde ve vücudun diğer kısımlarında gelişebilirler. İleri evrede tümör peritonu geçmiş veya yakın yerleşimli organ ve yapıları tutmuştur.</Text>
      </GameDBLocalizedString>
      <GameDBLocalizedString>
        <LocID>DIA_ONCO_BLC01_0</LocID>
        <Text>ALL (Pre-B hücreli)</Text>
      </GameDBLocalizedString>
      <GameDBLocalizedString>
        <LocID>DIA_ONCO_BLC01_0_DESC</LocID>
        <Text>Pre-B hücreli akut lenfositik lösemi (ALL) (akut lenfoblastik lösemi olarak da bilinir) kemik ve kemik iliğini etkileyen bir kanser çeşididir. ALL, lenfoblast veya lösemik blast adı verilen immatür lökositlerin aşırı üretimi ile karakterizedir. Kemik iliği yeterli sayıda eritrosit, normal lökosit ve platelet üretemediği için ALL hastaları anemiye, nüks eden enfeksiyonlara, kolay berelenme ve kanamaya meyillidir. Yetişkin vakaların %75-80'inde ALL, gelişiminin erken evrelerindeki B lenfositlerinden köken alır. Bu nedenle hastalığa prekürsör B hücreli ALL veya pre-B hücreli ALL adı verilir.</Text>
      </GameDBLocalizedString>
      <GameDBLocalizedString>
        <LocID>DIA_ONCO_BLC01_1</LocID>
        <Text>ALL (B hücreli)</Text>
      </GameDBLocalizedString>
      <GameDBLocalizedString>
        <LocID>DIA_ONCO_BLC01_1_DESC</LocID>
        <Text>B hücreli akut lenfositik lösemi (ALL) (Burkitt tipi akut lenfoblastik lösemi veya matür B hücreli akut lenfoblastik lösemi olarak da bilinir) kemik iliğinde üretilen bir çeşit lökosit olan B lenfositlerini etkileyen bir kanser türüdür. Bu ALL tipi daha az sıklıkta görülür, yetişkin vakaların %3-5'ini teşkil eder. Matür B hücreli ALL'nin alametifarikası lenfoblastlarda yüzey immünoglobulin'i bulunmasıdır. Konvansiyonel tedavi rejimlerine tabi olan hastaların yalnız %30-40'ı tam remisyona girer, az sayıda hastada uzun dönem sağkalım temin edilir.</Text>
      </GameDBLocalizedString>
      <GameDBLocalizedString>
        <LocID>DIA_ONCO_BLC01_2</LocID>
        <Text>ALL (T hücreli)</Text>
      </GameDBLocalizedString>
      <GameDBLocalizedString>
        <LocID>DIA_ONCO_BLC01_2_DESC</LocID>
        <Text>T hücreli akut lenfositik lösemi (ALL) agresif ve çabuk progrese olan bir akut lösemi tipidir. Daha çok B lenfositlerini etkileyen akut lenfoblastik lösemilerin aksine bir çeşit lökosit olan T lenfositlerini üreten kök hücreleri etkiler.</Text>
      </GameDBLocalizedString>
      <GameDBLocalizedString>
        <LocID>DIA_ONCO_BLC02_A</LocID>
        <Text>KLL (Stabil)</Text>
      </GameDBLocalizedString>
      <GameDBLocalizedString>
        <LocID>DIA_ONCO_BLC02_A_DESC</LocID>
        <Text>Kronik lenfositik lösemi (KLL)(Stabil) B lenfositlerini etkileyen, yavaş gelişen bir çeşit lösemidir. B lenfositleri özelleşmiş lökositlerdir. Normal koşullarda immünoglobulin adı verilen (antikor da denir) vücudu enfeksiyon ve hastalıklara karşı koruyan bir madde üretirler. KLL hastalarında lenfositler malign (kanseröz) bir değişim geçirerek lösemik hücrelere dönüşür. Pek çok KLL hastasının aylar ve hatta yıllar boyunca stabil kaldığını ve hayat kalitelerinin çok az değiştiğini belirtmek gerekir. KLL hastalarının %30-50'si hiç tedavi görmeden uzun seneler yaşayabilir. KLL yavaş geliştiği için pek çok kişide özellikle de erken evrelerde semptom vermez, hastalığın tanısını rutin kan testleriyle insidental konur.</Text>
      </GameDBLocalizedString>
      <GameDBLocalizedString>
        <LocID>DIA_ONCO_BLC02_B</LocID>
        <Text>KLL (İleri evre)</Text>
      </GameDBLocalizedString>
      <GameDBLocalizedString>
        <LocID>DIA_ONCO_BLC02_B_DESC</LocID>
        <Text>Kronik lenfositik lösemi (KLL)(İleri evre)(Nadir) B lenfositlerini etkileyen, yavaş gelişen bir çeşit lösemidir. B lenfositleri özelleşmiş lökositlerdir. Normal koşullarda immünoglobulin adı verilen (antikor da denir) vücudu enfeksiyon ve hastalıklara karşı koruyan bir madde üretirler. KLL hastalarında lenfositler malign (kanseröz) bir değişim geçirerek lösemik hücrelere dönüşür. Pek çok KLL hastasının aylar ve hatta yıllar boyunca stabil kaldığını ve hayat kalitelerinin çok az değiştiğini belirtmek gerekir. KLL hastalarının %30-50'si hiç tedavi görmeden uzun seneler yaşayabilir. KLL yavaş geliştiği için pek çok kişide özellikle de erken evrelerde semptom vermez, hastalığın tanısını rutin kan testleriyle insidental konur.</Text>
      </GameDBLocalizedString>
      <GameDBLocalizedString>
        <LocID>DIA_ONCO_BLC03_0</LocID>
        <Text>T hücreli LGL lösemi</Text>
      </GameDBLocalizedString>
      <GameDBLocalizedString>
        <LocID>DIA_ONCO_BLC03_0_DESC</LocID>
        <Text>T hücreli "large granular" lenfositik (LGL) lösemi, bir çeşit lökosit olan lenfositleri etkileyen bir kronik lösemi tipidir. Lenfositler vücudun immün sisteminin bir parçasıdır ve enfeksiyonla savaşta rol oynarlar. LGL lösemi, mikroskop altında incelendiğinde görülebilen belirgin granüller taşıyan büyümüş lenfositlerle karakterizedir. İki çeşit LGL lösemi bulunmaktadır: T hücreli (T-LGL) ve natural killer hücreli (doğal katil hücresi)(NK-LGL). T hücreli ve NK hücreli LGL lösemi sıklığı %2-5 arasında değişir. T hücreli "large granular" lenfositik (LGL) lösemi, sitotoksik T hücrelerinin klonal proliferasyonundan oluşur; sonuçta nötropeni, anemi ve/veya trombositopeni gelişir. Bu hastalık sıklıkla otoimmün hastalıklarla irtibatlıdır, bilhassa romatoid artrit, ilaveten lenfoproliferatif bozukluklarla ilişkisi bulunmaktadır.</Text>
      </GameDBLocalizedString>
      <GameDBLocalizedString>
        <LocID>DIA_ONCO_BLC03_1</LocID>
        <Text>NK hücreli LGL lösemi</Text>
      </GameDBLocalizedString>
      <GameDBLocalizedString>
        <LocID>DIA_ONCO_BLC03_1_DESC</LocID>
        <Text>NK hücreli "large granular" lenfositik (LGL) lösemi, bir çeşit lökosit olan lenfositleri etkileyen bir kronik lösemi tipidir. Lenfositler vücudun immün sisteminin bir parçasıdır ve enfeksiyonla savaşta rol oynarlar. LGL lösemi, mikroskop altında incelendiğinde görülebilen belirgin granüller taşıyan büyümüş lenfositlerle karakterizedir. İki çeşit LGL lösemi bulunmaktadır: T hücreli (T-LGL) ve natural killer hücreli (doğal katil hücresi)(NK-LGL). T hücreli ve NK hücreli LGL lösemi sıklığı %2-5 arasında değişir. NK hücreli lösemi hastalarının çoğunluğu asemptomatiktir, ancak hastalığın agresif seyirli varyasyonuna sahip hastalarda hepatomegali, splenomegali ve sıklıkla B semptomları görülebilir. Hastaların yaklaşık üçte birinde lenfadenopati ve ekstranodal tutulum ayrıca görülebilir. Ortalama olarak T hücreli LGL lösemi hastalarına nazaran daha genç yaşta görülür.</Text>
      </GameDBLocalizedString>
      <GameDBLocalizedString>
        <LocID>DIA_ONCO_BLC03_2</LocID>
        <Text>T hücreli prolenfositik lösemi</Text>
      </GameDBLocalizedString>
      <GameDBLocalizedString>
        <LocID>DIA_ONCO_BLC03_2_DESC</LocID>
        <Text>T hücreli prolenfositik lösemi (T-PLL) oldukça nadir görülen ve tipik olarak agresif olan bir malignitedir, matür T hücrelerinin (T lenfositi) kontrolsüz çoğalmasıyla karakterizedir. T hücreleri vücudu enfeksiyonlardan koruyan bir çeşit lökosittir. T-PLL ileri yaştaki erişkinleri (ortalama 61 yaş) etkiler ve kadınlara nispeten erkeklerde daha sık görülür. T hücresi genlerindeki anormal değişimler normal, sağlıklı bir T hücresinin kanser hücresine dönüşmesine neden olabilir. Mutasyona uğramış T hücresindeki bu genetik hatalar hücrenin büyümeye ve bölünmeye devam etmesini temin eder, oysaki sağlıklı hücreler belli bir noktada bölünmeyi keserek nihayetinde ölmektedir. Başta teşekkül etmiş lösemi hücresinden oluşmuş her hücrede aynı mutasyona uğramış DNA mevcuttur. Sonuç olarak zamanla lösemi hücrelerinin sayısı artar ve hematojen yolla kemik iliğine, dalağa, karaciğere, lenf nodlarına ve bazen de deriye yayılabilirler.</Text>
      </GameDBLocalizedString>
      <GameDBLocalizedString>
        <LocID>DIA_ONCO_BLC04_0</LocID>
        <Text>Akut myeloid lösemi</Text>
      </GameDBLocalizedString>
      <GameDBLocalizedString>
        <LocID>DIA_ONCO_BLC04_0_DESC</LocID>
        <Text>Akut myeloid lösemi, myeloid blast hücresi veya myeloblast olarak bilinen immatür lökositlerin vücut tarafından aşırı sayıda üretilmesi sonucu gelişir. Myeloblastlar kontrolsüz çoğalırlar ve bölünmeye devam ederler ancak hiçbir zaman matür normal hücreye dönüşmezler. Anormal blast hücrelerine lösemi hücresi de denir. Lösemi hücreleri immatür ve anormal olduğu için normal lökositlerin sahip olduğu enfeksiyonla savaş kabiliyetlerine sahip değildir. Aynı zamanda normal lökositlere yer bırakmayarak onların doğru çalışmalarına engel olurlar. Bu durum enfeksiyon riskini arttırır.</Text>
      </GameDBLocalizedString>
      <GameDBLocalizedString>
        <LocID>DIA_ONCO_BLC05_A</LocID>
        <Text>KML (Kronik faz)</Text>
      </GameDBLocalizedString>
      <GameDBLocalizedString>
        <LocID>DIA_ONCO_BLC05_A_DESC</LocID>
        <Text>Kronik myeloid lösemi (KML)(Kronik faz) kan ve kemik iliğini etkileyen bir kanser türüdür. KML hastalığında kemik iliği, granülosit adı verilen çok sayıda lökosit üretir. Bu hücreler (blast veya lösemik blast da denir) zamanla kemik iliğini doldurarak normal kan hücresi üretimini sekteye uğratırlar. Ayrıca kemik iliğinden sızarak hematojen yolla vücuda yayılabilirler. Matür olmadıkları için enfeksiyonla muntazam mücadele edemezler. Zamanla eritrosit ve platelet eksikliği anemiye, kolay berelenme ve kanamaya neden olabilir. KML nadir görülen bir hastalıktır, tanısı konan tüm kanserlerin %0,03'üne tekabül eder. KML hastalarının çoğunluğu asemptomatiktir. Kronik fazda lökosit sayısı artmıştır ve blast hücresi denen immatür hücreler düşük seviyelerde kan ve kemik iliğinde tespit edilmiştir.</Text>
      </GameDBLocalizedString>
      <GameDBLocalizedString>
        <LocID>DIA_ONCO_BLC05_B</LocID>
        <Text>KML (Akselere faz)</Text>
      </GameDBLocalizedString>
      <GameDBLocalizedString>
        <LocID>DIA_ONCO_BLC05_B_DESC</LocID>
        <Text>Kronik myeloid lösemi (KML)(Akselere faz) kan ve kemik iliğini etkileyen bir kanser türüdür. KML hastalığında kemik iliği, granülosit adı verilen çok sayıda lökosit üretir. Bu hücreler (blast veya lösemik blast da denir) zamanla kemik iliğini doldurarak normal kan hücresi üretimini sekteye uğratırlar. Ayrıca kemik iliğinden sızarak hematojen yolla vücuda yayılabilirler. Matür olmadıkları için enfeksiyonla muntazam mücadele edemezler. Zamanla eritrosit ve platelet eksikliği anemiye, kolay berelenme ve kanamaya neden olabilir. KML nadir görülen bir hastalıktır, tanısı konan tüm kanserlerin %0,03'üne tekabül eder. KML hastalarının çoğunluğu asemptomatiktir. Akselere fazda immatür blast hücrelerinin sayısı artmıştır ve bazen Ph kromozomuna ilaveten yeni kromozomal değişiklikler gerçekleşebilir.</Text>
      </GameDBLocalizedString>
      <GameDBLocalizedString>
        <LocID>DIA_ONCO_BLC05_C</LocID>
        <Text>KML (Blast fazı)</Text>
      </GameDBLocalizedString>
      <GameDBLocalizedString>
        <LocID>DIA_ONCO_BLC05_C_DESC</LocID>
        <Text>Kronik myeloid lösemi (KML)(Blast fazı) kan ve kemik iliğini etkileyen bir kanser türüdür. KML hastalığında kemik iliği, granülosit adı verilen çok sayıda lökosit üretir. Bu hücreler (blast veya lösemik blast da denir) zamanla kemik iliğini doldurarak normal kan hücresi üretimini sekteye uğratırlar. Ayrıca kemik iliğinden sızarak hematojen yolla vücuda yayılabilirler. Matür olmadıkları için enfeksiyonla muntazam mücadele edemezler. Zamanla eritrosit ve platelet eksikliği anemiye, kolay berelenme ve kanamaya neden olabilir. KML nadir görülen bir hastalıktır, tanısı konan tüm kanserlerin %0,03'üne tekabül eder. KML hastalarının çoğunluğu asemptomatiktir. Blast fazı (blast krizi fazı da denir) myeloid löseminin akut formunu andırır.</Text>
      </GameDBLocalizedString>
      <GameDBLocalizedString>
        <LocID>DIA_ONCO_BLC06_0</LocID>
        <Text>"Hairy cell" lösemi</Text>
      </GameDBLocalizedString>
      <GameDBLocalizedString>
        <LocID>DIA_ONCO_BLC06_0_DESC</LocID>
        <Text>"Hairy cell" lösemi (HCL) lenfoid sistemin kronik lösemisinin nadir bir tipidir, anormal B lenfositleri kemik iliğinde, karaciğerde ve dalakta birikir. Mikroskop altında bu hücrelerin yüzeyinde kıla benzer küçük çıkıntılar gözlemlenir, ismini buradan alır.</Text>
      </GameDBLocalizedString>
      <GameDBLocalizedString>
        <LocID>DIA_ONCO_BLC06_1</LocID>
        <Text>"Hairy cell" lösemi varyantı</Text>
      </GameDBLocalizedString>
      <GameDBLocalizedString>
        <LocID>DIA_ONCO_BLC06_1_DESC</LocID>
        <Text>"Hairy cell" lösemi varyantı (HCL-V) küçük, matür B hücreli löseminin nadir görülen, ağrısız seyreden bir formudur; splenomegali, lökositoz ve hipersellüler kemik iliği ile karakterizedir. HCL-V, klasik HCL'ye nazaran daha agresiftir ve terapiye daha dirençlidir. HCL varyantı önceleri HCL'nin bir alt tipi olarak kabul edilmekteydi, ancak 2008'de Dünya Sağlık Örgütü bu hastalığın HCL'den ayrı ve biyolojik olarak müstakil bir antite olduğuna karar verdi. HCL varyantı, HCL'den daha nadir görülür ve farklı bir klinik seyir izler.</Text>
      </GameDBLocalizedString>
    </LocalizedStrings>
  </GameDBStringTable>
</Database>