<Database>
<!-- Oncology Mod by Sleepy068 -->

<!-- =========================================== -->
<!-- ============= Diagnosis Icons ============= -->
<!-- =========================================== -->
<GameDBAsset ID="ASSET_ONC_CRP_DIA_ICON_0001">   
	<Type>TEXTURE_CUSTOM_SPRITE</Type>               
	<File>MOD_ROOT/dia_slp_vag01a.png</File> 
</GameDBAsset>

<GameDBAsset ID="ASSET_ONC_CRP_DIA_ICON_0002">   
	<Type>TEXTURE_CUSTOM_SPRITE</Type>               
	<File>MOD_ROOT/dia_slp_vag01b.png</File> 
</GameDBAsset>

<GameDBAsset ID="ASSET_ONC_CRP_DIA_ICON_0003">   
	<Type>TEXTURE_CUSTOM_SPRITE</Type>               
	<File>MOD_ROOT/dia_slp_vag02a.png</File> 
</GameDBAsset>

<GameDBAsset ID="ASSET_ONC_CRP_DIA_ICON_0004">   
	<Type>TEXTURE_CUSTOM_SPRITE</Type>               
	<File>MOD_ROOT/dia_slp_vag02b.png</File> 
</GameDBAsset>

<GameDBAsset ID="ASSET_ONC_CRP_DIA_ICON_0005">   
	<Type>TEXTURE_CUSTOM_SPRITE</Type>               
	<File>MOD_ROOT/dia_slp_vscc1a.png</File> 
</GameDBAsset>

<GameDBAsset ID="ASSET_ONC_CRP_DIA_ICON_0006">   
	<Type>TEXTURE_CUSTOM_SPRITE</Type>               
	<File>MOD_ROOT/dia_slp_vscc1b.png</File> 
</GameDBAsset>

<GameDBAsset ID="ASSET_ONC_CRP_DIA_ICON_0007">   
	<Type>TEXTURE_CUSTOM_SPRITE</Type>               
	<File>MOD_ROOT/dia_slp_vscc2a.png</File> 
</GameDBAsset>

<GameDBAsset ID="ASSET_ONC_CRP_DIA_ICON_0008">   
	<Type>TEXTURE_CUSTOM_SPRITE</Type>               
	<File>MOD_ROOT/dia_slp_vscc2b.png</File> 
</GameDBAsset>

<GameDBAsset ID="ASSET_ONC_CRP_DIA_ICON_0009">   
	<Type>TEXTURE_CUSTOM_SPRITE</Type>               
	<File>MOD_ROOT/dia_slp_vscc3a.png</File> 
</GameDBAsset>

<GameDBAsset ID="ASSET_ONC_CRP_DIA_ICON_0010">   
	<Type>TEXTURE_CUSTOM_SPRITE</Type>               
	<File>MOD_ROOT/dia_slp_vscc3b.png</File> 
</GameDBAsset>

<GameDBAsset ID="ASSET_ONC_CRP_DIA_ICON_0011">   
	<Type>TEXTURE_CUSTOM_SPRITE</Type>               
	<File>MOD_ROOT/dia_slp_salvcc1a.png</File> 
</GameDBAsset>

<GameDBAsset ID="ASSET_ONC_CRP_DIA_ICON_0012">   
	<Type>TEXTURE_CUSTOM_SPRITE</Type>               
	<File>MOD_ROOT/dia_slp_salvcc1b.png</File> 
</GameDBAsset>

<!-- ============================================== -->
<!-- ============= Main Symptom Icons ============= -->
<!-- ============================================== -->
<GameDBAsset ID="ASSET_ONC_CRP_MAIN_ICON_0001">   
	<Type>TEXTURE_CUSTOM_SPRITE</Type>               
	<File>MOD_ROOT/sym_main_slp_vag01a.png</File> 
</GameDBAsset>

<GameDBAsset ID="ASSET_ONC_CRP_MAIN_ICON_0002">   
	<Type>TEXTURE_CUSTOM_SPRITE</Type>               
	<File>MOD_ROOT/sym_main_slp_vag01b.png</File> 
</GameDBAsset>

<GameDBAsset ID="ASSET_ONC_CRP_MAIN_ICON_0003">   
	<Type>TEXTURE_CUSTOM_SPRITE</Type>               
	<File>MOD_ROOT/sym_main_slp_vscca.png</File> 
</GameDBAsset>

<GameDBAsset ID="ASSET_ONC_CRP_MAIN_ICON_0004">   
	<Type>TEXTURE_CUSTOM_SPRITE</Type>               
	<File>MOD_ROOT/sym_main_slp_vsccb.png</File> 
</GameDBAsset>

<GameDBAsset ID="ASSET_ONC_CRP_MAIN_ICON_0005">   
	<Type>TEXTURE_CUSTOM_SPRITE</Type>               
	<File>MOD_ROOT/sym_main_slp_salvcc1a.png</File> 
</GameDBAsset>

<GameDBAsset ID="ASSET_ONC_CRP_MAIN_ICON_0006">   
	<Type>TEXTURE_CUSTOM_SPRITE</Type>               
	<File>MOD_ROOT/sym_main_slp_salvcc1b.png</File> 
</GameDBAsset>

<!-- ========================================= -->
<!-- ============= Surgery Icons ============= -->
<!-- ========================================= -->
<GameDBAsset ID="ASSET_ONC_CRP_SUR_ICON_0001">   
	<Type>TEXTURE_CUSTOM_SPRITE</Type>               
	<File>MOD_ROOT/sur_slp_vag1a.png</File> 
</GameDBAsset>

<GameDBAsset ID="ASSET_ONC_CRP_SUR_ICON_0002">   
	<Type>TEXTURE_CUSTOM_SPRITE</Type>               
	<File>MOD_ROOT/sur_slp_vag1b.png</File> 
</GameDBAsset>

<GameDBAsset ID="ASSET_ONC_CRP_SUR_ICON_0003">   
	<Type>TEXTURE_CUSTOM_SPRITE</Type>               
	<File>MOD_ROOT/sur_slp_radi1a.png</File> 
</GameDBAsset>

<GameDBAsset ID="ASSET_ONC_CRP_SUR_ICON_0004">   
	<Type>TEXTURE_CUSTOM_SPRITE</Type>               
	<File>MOD_ROOT/sur_slp_radi1b.png</File> 
</GameDBAsset>



<!-- ============================================== -->
<!-- ============= CRP Export Icons =============== -->
<!-- ============================================== -->

<!-- ^^^^^^^^^^^^^^ Oncology Symptoms ^^^^^^^^^^^^^^ -->
<GameDBAsset ID="ASSET_ONC_CRP_SYM_ICON_0001">   
	<Type>TEXTURE_CUSTOM_SPRITE</Type>               
	<File>MOD_ROOT/CRP_sym_slp_p16a.png</File> 
</GameDBAsset>

<GameDBAsset ID="ASSET_ONC_CRP_SYM_ICON_0002">   
	<Type>TEXTURE_CUSTOM_SPRITE</Type>               
	<File>MOD_ROOT/CRP_sym_slp_p16b.png</File> 
</GameDBAsset>

<!-- ^^^^^^^^^^^^^^ Oncology Treatments ^^^^^^^^^^^^^^ -->

<!-- ^^^^^^^^^^^^^^ Oncology Examinations ^^^^^^^^^^^^^^ -->
<GameDBAsset ID="ASSET_ONC_CRP_EXM_ICON_0001">   
	<Type>TEXTURE_CUSTOM_SPRITE</Type>               
	<File>MOD_ROOT/CRP_exm_slp_ovarbioS_1a.png</File> 
</GameDBAsset>

<GameDBAsset ID="ASSET_ONC_CRP_EXM_ICON_0002">   
	<Type>TEXTURE_CUSTOM_SPRITE</Type>               
	<File>MOD_ROOT/CRP_exm_slp_ovarbioS_1b.png</File> 
</GameDBAsset>

<GameDBAsset ID="ASSET_ONC_CRP_EXM_ICON_0003">   
	<Type>TEXTURE_CUSTOM_SPRITE</Type>               
	<File>MOD_ROOT/CRP_exm_slp_ovarbioT_1a.png</File> 
</GameDBAsset>

<GameDBAsset ID="ASSET_ONC_CRP_EXM_ICON_0004">   
	<Type>TEXTURE_CUSTOM_SPRITE</Type>               
	<File>MOD_ROOT/CRP_exm_slp_ovarbioT_1b.png</File> 
</GameDBAsset>

<GameDBAsset ID="ASSET_ONC_CRP_EXM_ICON_0005">   
	<Type>TEXTURE_CUSTOM_SPRITE</Type>               
	<File>MOD_ROOT/CRP_exm_slp_vagbioS_1a.png</File> 
</GameDBAsset>

<GameDBAsset ID="ASSET_ONC_CRP_EXM_ICON_0006">   
	<Type>TEXTURE_CUSTOM_SPRITE</Type>               
	<File>MOD_ROOT/CRP_exm_slp_vagbioS_1b.png</File> 
</GameDBAsset>

<GameDBAsset ID="ASSET_ONC_CRP_EXM_ICON_0007">   
	<Type>TEXTURE_CUSTOM_SPRITE</Type>               
	<File>MOD_ROOT/CRP_exm_slp_vagbioT_1a.png</File> 
</GameDBAsset>

<GameDBAsset ID="ASSET_ONC_CRP_EXM_ICON_0008">   
	<Type>TEXTURE_CUSTOM_SPRITE</Type>               
	<File>MOD_ROOT/CRP_exm_slp_vagbioT_1b.png</File> 
</GameDBAsset>

<GameDBAsset ID="ASSET_ONC_CRP_EXM_ICON_0009">   
	<Type>TEXTURE_CUSTOM_SPRITE</Type>               
	<File>MOD_ROOT/CRP_slp_exm_salivaryglandbio1a.png</File> 
</GameDBAsset>

<GameDBAsset ID="ASSET_ONC_CRP_EXM_ICON_0010">   
	<Type>TEXTURE_CUSTOM_SPRITE</Type>               
	<File>MOD_ROOT/CRP_slp_exm_salivaryglandbio1b.png</File> 
</GameDBAsset>

<GameDBAsset ID="ASSET_ONC_CRP_EXM_ICON_0011">   
	<Type>TEXTURE_CUSTOM_SPRITE</Type>               
	<File>MOD_ROOT/CRP_slp_exm_salivaryglandbio2a.png</File> 
</GameDBAsset>

<GameDBAsset ID="ASSET_ONC_CRP_EXM_ICON_0012">   
	<Type>TEXTURE_CUSTOM_SPRITE</Type>               
	<File>MOD_ROOT/CRP_slp_exm_salivaryglandbio2b.png</File> 
</GameDBAsset>


<!-- =========================================== -->
<!-- ============= PRE-CRP STUFF =============== -->
<!-- =========================================== -->
<!-- 
### Asset ### 
This section adds my custom icons, decals, etc to the game. -->

<GameDBAsset ID="ASSET_TEX_ONCO_DECALS">           
<Type>TEXTURE_OBJECTS</Type>      
<File>MOD_ROOT/mod_decals_2048_atlas.png</File> 
</GameDBAsset>

<GameDBAsset ID="ASSET_TEX_ONCO_CUSTOM_ICON001">     
<Type>TEXTURE_CUSTOM_SPRITE</Type>  
<File>MOD_ROOT/decal_sl_001.png</File> 
</GameDBAsset>

<GameDBAsset ID="ASSET_TEX_ONCO_CUSTOM_ICON002">     
<Type>TEXTURE_CUSTOM_SPRITE</Type>  
<File>MOD_ROOT/decal_sl_002.png</File> 
</GameDBAsset>

<GameDBAsset ID="ASSET_TEX_ONCO_CUSTOM_ICON003">     
<Type>TEXTURE_CUSTOM_SPRITE</Type>  
<File>MOD_ROOT/decal_sl_003.png</File> 
</GameDBAsset>

<GameDBAsset ID="ASSET_TEX_ONCO_CUSTOM_ICON004">     
<Type>TEXTURE_CUSTOM_SPRITE</Type>  
<File>MOD_ROOT/decal_sl_004.png</File> 
</GameDBAsset>

<!-- 
### Objects ### 
This section adds my custom objects to the department. -->

<GameDBAsset ID="ASSET_TEX_ONCO_OBJECTS">           
<Type>TEXTURE_OBJECTS</Type>      
<File>MOD_ROOT/mod_objects_tall_atlas.png</File> 
</GameDBAsset>

<GameDBAsset ID="ASSET_TEX_ONCO_OBJECTS_SMALL">           
<Type>TEXTURE_OBJECTS</Type>      
<File>MOD_ROOT/mod_objects_small_atlas.png</File> 
</GameDBAsset>

<GameDBAsset ID="ASSET_TEX_ONCO_OBJECT_PICT1">     
<Type>TEXTURE_CUSTOM_SPRITE</Type>  
<File>MOD_ROOT/object_sl_picture1.png</File> 
</GameDBAsset>

<GameDBAsset ID="ASSET_TEX_ONCO_OBJECT_PICT2">     
<Type>TEXTURE_CUSTOM_SPRITE</Type>  
<File>MOD_ROOT/object_sl_picture2.png</File> 
</GameDBAsset>

<GameDBAsset ID="ASSET_TEX_ONCO_OBJECT_001">     
<Type>TEXTURE_CUSTOM_SPRITE</Type>  
<File>MOD_ROOT/object_sl_cube1.png</File> 
</GameDBAsset>

<GameDBAsset ID="ASSET_TEX_ONCO_OBJECT_002">     
<Type>TEXTURE_CUSTOM_SPRITE</Type>  
<File>MOD_ROOT/object_sl_cube2.png</File> 
</GameDBAsset>

<GameDBAsset ID="ASSET_TEX_ONCO_OBJECT_004">     
<Type>TEXTURE_CUSTOM_SPRITE</Type>  
<File>MOD_ROOT/object_sl_cube3.png</File> 
</GameDBAsset>

<GameDBAsset ID="ASSET_TEX_ONCO_OBJECT_005">     
<Type>TEXTURE_CUSTOM_SPRITE</Type>  
<File>MOD_ROOT/object_sl_cube4.png</File> 
</GameDBAsset>

<GameDBAsset ID="ASSET_TEX_ONCO_OBJECT_003">     
<Type>TEXTURE_CUSTOM_SPRITE</Type>  
<File>MOD_ROOT/object_sl_plant1.png</File> 
</GameDBAsset>

<GameDBAsset ID="ASSET_TEX_ONCO_OBJECT_006">     
<Type>TEXTURE_CUSTOM_SPRITE</Type>  
<File>MOD_ROOT/object_sl_Poster1a.png</File> 
</GameDBAsset>

<GameDBAsset ID="ASSET_TEX_ONCO_OBJECT_007">     
<Type>TEXTURE_CUSTOM_SPRITE</Type>  
<File>MOD_ROOT/object_sl_Poster1b.png</File> 
</GameDBAsset>

<GameDBAsset ID="ASSET_TEX_ONCO_OBJECT_008">     
<Type>TEXTURE_CUSTOM_SPRITE</Type>  
<File>MOD_ROOT/object_sl_Poster1c.png</File> 
</GameDBAsset>

<GameDBAsset ID="ASSET_TEX_ONCO_OBJECT_009">     
<Type>TEXTURE_CUSTOM_SPRITE</Type>  
<File>MOD_ROOT/object_sl_Poster1d.png</File> 
</GameDBAsset>

<GameDBAsset ID="ASSET_TEX_ONCO_OBJECT_010">     
<Type>TEXTURE_CUSTOM_SPRITE</Type>  
<File>MOD_ROOT/object_sl_Poster1e.png</File> 
</GameDBAsset>
<!-- 
### Skills ### 
This section adds my custom logo to the department specific skills. -->

<GameDBAsset ID="ASSET_MOD_ICON_ONCO">   
	<Type>TEXTURE_CUSTOM_SPRITE</Type>               
	<File>MOD_ROOT/mod_skill_icon_onco.png</File> 
</GameDBAsset>

<GameDBAsset ID="ASSET_MOD_ICON_ONCO_DARK">   
	<Type>TEXTURE_CUSTOM_SPRITE</Type>               
	<File>MOD_ROOT/mod_skill_icon_onco_dark.png</File> 
</GameDBAsset>

<!-- 
### Department ### 
This section handles adding my custom department logos to the game. -->

<GameDBAsset ID="ASSET_ONC_DPT_ICON_0">   
	<Type>TEXTURE_CUSTOM_SPRITE</Type>               
	<File>MOD_ROOT/mod_dept_icon_0.png</File> 
</GameDBAsset>

<GameDBAsset ID="ASSET_ONC_DPT_ICON_1">   
	<Type>TEXTURE_CUSTOM_SPRITE</Type>               
	<File>MOD_ROOT/mod_dept_icon_1.png</File> 
</GameDBAsset>

<GameDBAsset ID="ASSET_ONC_DPT_ICON_2">   
	<Type>TEXTURE_CUSTOM_SPRITE</Type>               
	<File>MOD_ROOT/mod_dept_icon_2.png</File> 
</GameDBAsset>

<GameDBAsset ID="ASSET_ONC_DPT_ICON_3">   
	<Type>TEXTURE_CUSTOM_SPRITE</Type>               
	<File>MOD_ROOT/mod_dept_icon_3.png</File> 
</GameDBAsset>

<GameDBAsset ID="ASSET_ONC_DPT_ICON_4">   
	<Type>TEXTURE_CUSTOM_SPRITE</Type>               
	<File>MOD_ROOT/mod_dept_icon_4.png</File> 
</GameDBAsset>

<GameDBAsset ID="ASSET_ONC_DPT_ICON_5">   
	<Type>TEXTURE_CUSTOM_SPRITE</Type>               
	<File>MOD_ROOT/mod_dept_icon_5.png</File> 
</GameDBAsset>

<GameDBAsset ID="ASSET_ONC_DPT_ICON_6">   
	<Type>TEXTURE_CUSTOM_SPRITE</Type>               
	<File>MOD_ROOT/mod_dept_icon_6.png</File> 
</GameDBAsset>

<!-- 
### Diagonsis ### 
This section handles adding my custom diagonsis icons to the game. -->

<GameDBAsset ID="ASSET_ONC_SYM_ICON_001">   
	<Type>TEXTURE_CUSTOM_SPRITE</Type>               
	<File>MOD_ROOT/dia_sl_sc1a.png</File> 
</GameDBAsset>

<GameDBAsset ID="ASSET_ONC_SYM_ICON_002">   
	<Type>TEXTURE_CUSTOM_SPRITE</Type>               
	<File>MOD_ROOT/dia_sl_sc1b.png</File> 
</GameDBAsset>

<GameDBAsset ID="ASSET_ONC_SYM_ICON_003">   
	<Type>TEXTURE_CUSTOM_SPRITE</Type>               
	<File>MOD_ROOT/dia_sl_mea1a.png</File> 
</GameDBAsset>

<GameDBAsset ID="ASSET_ONC_SYM_ICON_004">   
	<Type>TEXTURE_CUSTOM_SPRITE</Type>               
	<File>MOD_ROOT/dia_sl_mea1b.png</File> 
</GameDBAsset>

<GameDBAsset ID="ASSET_ONC_SYM_ICON_005">   
	<Type>TEXTURE_CUSTOM_SPRITE</Type>               
	<File>MOD_ROOT/sym_sl_metasta.png</File> 
</GameDBAsset>

<GameDBAsset ID="ASSET_ONC_SYM_ICON_006">   
	<Type>TEXTURE_CUSTOM_SPRITE</Type>               
	<File>MOD_ROOT/sym_sl_metastb.png</File> 
</GameDBAsset>

<GameDBAsset ID="ASSET_ONC_SYM_ICON_007">   
	<Type>TEXTURE_CUSTOM_SPRITE</Type>               
	<File>MOD_ROOT/sym_sl_nodulea.png</File> 
</GameDBAsset>

<GameDBAsset ID="ASSET_ONC_SYM_ICON_008">   
	<Type>TEXTURE_CUSTOM_SPRITE</Type>               
	<File>MOD_ROOT/sym_sl_noduleb.png</File> 
</GameDBAsset>

<GameDBAsset ID="ASSET_ONC_SYM_ICON_009">   
	<Type>TEXTURE_CUSTOM_SPRITE</Type>               
	<File>MOD_ROOT/sym_sl_PNIa.png</File> 
</GameDBAsset>

<GameDBAsset ID="ASSET_ONC_SYM_ICON_010">   
	<Type>TEXTURE_CUSTOM_SPRITE</Type>               
	<File>MOD_ROOT/sym_sl_PNIb.png</File> 
</GameDBAsset>

<!-- Generic 'High' Level Indicator Icon -->
<GameDBAsset ID="ASSET_ONC_SYM_ICON_011">   
	<Type>TEXTURE_CUSTOM_SPRITE</Type>               
	<File>MOD_ROOT/sym_sl_highlevela.png</File> 
</GameDBAsset>

<GameDBAsset ID="ASSET_ONC_SYM_ICON_012">   
	<Type>TEXTURE_CUSTOM_SPRITE</Type>               
	<File>MOD_ROOT/sym_sl_highlevelb.png</File> 
</GameDBAsset>

<!-- Generic 'Low' Level Indicator Icon -->
<GameDBAsset ID="ASSET_ONC_SYM_ICON_013">   
	<Type>TEXTURE_CUSTOM_SPRITE</Type>               
	<File>MOD_ROOT/sym_sl_lowlevela.png</File> 
</GameDBAsset>

<GameDBAsset ID="ASSET_ONC_SYM_ICON_014">   
	<Type>TEXTURE_CUSTOM_SPRITE</Type>               
	<File>MOD_ROOT/sym_sl_lowlevelb.png</File> 
</GameDBAsset>

<GameDBAsset ID="ASSET_ONC_SYM_ICON_015">   
	<Type>TEXTURE_CUSTOM_SPRITE</Type>               
	<File>MOD_ROOT/dia_sl_ag1a.png</File> 
</GameDBAsset>

<GameDBAsset ID="ASSET_ONC_SYM_ICON_016">   
	<Type>TEXTURE_CUSTOM_SPRITE</Type>               
	<File>MOD_ROOT/dia_sl_ag1b.png</File> 
</GameDBAsset>

<GameDBAsset ID="ASSET_ONC_SYM_ICON_017">   
	<Type>TEXTURE_CUSTOM_SPRITE</Type>               
	<File>MOD_ROOT/dia_sl_lc1a.png</File> 
</GameDBAsset>

<GameDBAsset ID="ASSET_ONC_SYM_ICON_018">   
	<Type>TEXTURE_CUSTOM_SPRITE</Type>               
	<File>MOD_ROOT/dia_sl_lc1b.png</File> 
</GameDBAsset>

<GameDBAsset ID="ASSET_ONC_SYM_ICON_019">   
	<Type>TEXTURE_CUSTOM_SPRITE</Type>               
	<File>MOD_ROOT/dia_sl_lc2a.png</File> 
</GameDBAsset>

<GameDBAsset ID="ASSET_ONC_SYM_ICON_020">   
	<Type>TEXTURE_CUSTOM_SPRITE</Type>               
	<File>MOD_ROOT/dia_sl_lc2b.png</File> 
</GameDBAsset>

<GameDBAsset ID="ASSET_ONC_SYM_ICON_021">   
	<Type>TEXTURE_CUSTOM_SPRITE</Type>               
	<File>MOD_ROOT/sym_sl_hemopta.png</File> 
</GameDBAsset>

<GameDBAsset ID="ASSET_ONC_SYM_ICON_022">   
	<Type>TEXTURE_CUSTOM_SPRITE</Type>               
	<File>MOD_ROOT/sym_sl_hemoptb.png</File> 
</GameDBAsset>

<GameDBAsset ID="ASSET_ONC_SYM_ICON_023">   
	<Type>TEXTURE_CUSTOM_SPRITE</Type>               
	<File>MOD_ROOT/sym_sl_nervea.png</File> 
</GameDBAsset>

<GameDBAsset ID="ASSET_ONC_SYM_ICON_024">   
	<Type>TEXTURE_CUSTOM_SPRITE</Type>               
	<File>MOD_ROOT/sym_sl_nerveb.png</File> 
</GameDBAsset>

<GameDBAsset ID="ASSET_ONC_SYM_ICON_025">   
	<Type>TEXTURE_CUSTOM_SPRITE</Type>               
	<File>MOD_ROOT/sym_sl_aniflexa.png</File> 
</GameDBAsset>

<GameDBAsset ID="ASSET_ONC_SYM_ICON_026">   
	<Type>TEXTURE_CUSTOM_SPRITE</Type>               
	<File>MOD_ROOT/sym_sl_aniflexb.png</File> 
</GameDBAsset>

<!-- Generic 'High' Level Indicator Icon -->
<GameDBAsset ID="ASSET_ONC_SYM_ICON_039">   
	<Type>TEXTURE_CUSTOM_SPRITE</Type>               
	<File>MOD_ROOT/sym_sl_highlevel1a.png</File> 
</GameDBAsset>

<GameDBAsset ID="ASSET_ONC_SYM_ICON_040">   
	<Type>TEXTURE_CUSTOM_SPRITE</Type>               
	<File>MOD_ROOT/sym_sl_highlevel1b.png</File> 
</GameDBAsset>

<!-- Generic 'Low' Level Indicator Icon -->
<GameDBAsset ID="ASSET_ONC_SYM_ICON_041">   
	<Type>TEXTURE_CUSTOM_SPRITE</Type>               
	<File>MOD_ROOT/sym_sl_lowlevel1a.png</File> 
</GameDBAsset>

<GameDBAsset ID="ASSET_ONC_SYM_ICON_042">   
	<Type>TEXTURE_CUSTOM_SPRITE</Type>               
	<File>MOD_ROOT/sym_sl_lowlevel1b.png</File> 
</GameDBAsset>

<!-- Generic 'High' Level Indicator Icon -->
<GameDBAsset ID="ASSET_ONC_SYM_ICON_043">   
	<Type>TEXTURE_CUSTOM_SPRITE</Type>               
	<File>MOD_ROOT/sym_sl_highlevel2a.png</File> 
</GameDBAsset>

<GameDBAsset ID="ASSET_ONC_SYM_ICON_044">   
	<Type>TEXTURE_CUSTOM_SPRITE</Type>               
	<File>MOD_ROOT/sym_sl_highlevel2b.png</File> 
</GameDBAsset>

<!-- Bowel Cancer -->

<GameDBAsset ID="ASSET_ONC_SYM_ICON_027"><!-- used -->   
	<Type>TEXTURE_CUSTOM_SPRITE</Type>               
	<File>MOD_ROOT/dia_sl_coc1a.png</File> 
</GameDBAsset>

<GameDBAsset ID="ASSET_ONC_SYM_ICON_028">   
	<Type>TEXTURE_CUSTOM_SPRITE</Type>               
	<File>MOD_ROOT/dia_sl_coc1b.png</File> 
</GameDBAsset>

<GameDBAsset ID="ASSET_ONC_SYM_ICON_029"><!-- used -->  
	<Type>TEXTURE_CUSTOM_SPRITE</Type>               
	<File>MOD_ROOT/dia_sl_coc2a.png</File> 
</GameDBAsset>

<GameDBAsset ID="ASSET_ONC_SYM_ICON_030">   
	<Type>TEXTURE_CUSTOM_SPRITE</Type>               
	<File>MOD_ROOT/dia_sl_coc2b.png</File> 
</GameDBAsset>

<GameDBAsset ID="ASSET_ONC_SYM_ICON_031">   <!-- used -->  
	<Type>TEXTURE_CUSTOM_SPRITE</Type>               
	<File>MOD_ROOT/dia_sl_coc3a.png</File> 
</GameDBAsset>

<GameDBAsset ID="ASSET_ONC_SYM_ICON_032">   
	<Type>TEXTURE_CUSTOM_SPRITE</Type>               
	<File>MOD_ROOT/dia_sl_coc3b.png</File> 
</GameDBAsset>

<GameDBAsset ID="ASSET_ONC_SYM_ICON_033">   <!-- used -->  
	<Type>TEXTURE_CUSTOM_SPRITE</Type>               
	<File>MOD_ROOT/dia_sl_coc4a.png</File> 
</GameDBAsset>

<GameDBAsset ID="ASSET_ONC_SYM_ICON_034">   
	<Type>TEXTURE_CUSTOM_SPRITE</Type>               
	<File>MOD_ROOT/dia_sl_coc4b.png</File> 
</GameDBAsset>

<GameDBAsset ID="ASSET_ONC_SYM_ICON_035">   
	<Type>TEXTURE_CUSTOM_SPRITE</Type>               
	<File>MOD_ROOT/dia_sl_coc5a.png</File> 
</GameDBAsset>

<GameDBAsset ID="ASSET_ONC_SYM_ICON_036">   
	<Type>TEXTURE_CUSTOM_SPRITE</Type>               
	<File>MOD_ROOT/dia_sl_coc5b.png</File> 
</GameDBAsset>

<GameDBAsset ID="ASSET_ONC_SYM_ICON_037">   
	<Type>TEXTURE_CUSTOM_SPRITE</Type>               
	<File>MOD_ROOT/dia_sl_coc6a.png</File> 
</GameDBAsset>

<GameDBAsset ID="ASSET_ONC_SYM_ICON_038">   
	<Type>TEXTURE_CUSTOM_SPRITE</Type>               
	<File>MOD_ROOT/dia_sl_coc6b.png</File> 
</GameDBAsset>

<GameDBAsset ID="ASSET_ONC_SYM_ICON_045">   
	<Type>TEXTURE_CUSTOM_SPRITE</Type>               
	<File>MOD_ROOT/dia_sl_ag2a.png</File> 
</GameDBAsset>

<GameDBAsset ID="ASSET_ONC_SYM_ICON_046">   
	<Type>TEXTURE_CUSTOM_SPRITE</Type>               
	<File>MOD_ROOT/dia_sl_ag2b.png</File> 
</GameDBAsset>

<GameDBAsset ID="ASSET_ONC_SYM_ICON_047">   
	<Type>TEXTURE_CUSTOM_SPRITE</Type>               
	<File>MOD_ROOT/dia_sl_acc01a.png</File> 
</GameDBAsset>

<GameDBAsset ID="ASSET_ONC_SYM_ICON_048">   
	<Type>TEXTURE_CUSTOM_SPRITE</Type>               
	<File>MOD_ROOT/dia_sl_acc01b.png</File> 
</GameDBAsset>

<GameDBAsset ID="ASSET_ONC_SYM_ICON_049">   
	<Type>TEXTURE_CUSTOM_SPRITE</Type>               
	<File>MOD_ROOT/sym_sl_largelymphNa.png</File> 
</GameDBAsset>

<GameDBAsset ID="ASSET_ONC_SYM_ICON_050">   
	<Type>TEXTURE_CUSTOM_SPRITE</Type>               
	<File>MOD_ROOT/sym_sl_largelymphNb.png</File> 
</GameDBAsset>

<!-- Generic 'High' Level Indicator Icon -->
<GameDBAsset ID="ASSET_ONC_SYM_ICON_051">   
	<Type>TEXTURE_CUSTOM_SPRITE</Type>               
	<File>MOD_ROOT/sym_sl_highlevel3a.png</File> 
</GameDBAsset>

<GameDBAsset ID="ASSET_ONC_SYM_ICON_052">   
	<Type>TEXTURE_CUSTOM_SPRITE</Type>               
	<File>MOD_ROOT/sym_sl_highlevel3b.png</File> 
</GameDBAsset>

<!-- Generic 'High' Level Indicator Icon --><!-- Not currently used 08/01 -->
<GameDBAsset ID="ASSET_ONC_SYM_ICON_053">   
	<Type>TEXTURE_CUSTOM_SPRITE</Type>               
	<File>MOD_ROOT/sym_sl_highlevel4a.png</File> 
</GameDBAsset>

<GameDBAsset ID="ASSET_ONC_SYM_ICON_054">   
	<Type>TEXTURE_CUSTOM_SPRITE</Type>               
	<File>MOD_ROOT/sym_sl_highlevel4b.png</File> 
</GameDBAsset>

<GameDBAsset ID="ASSET_ONC_SYM_ICON_055">   
	<Type>TEXTURE_CUSTOM_SPRITE</Type>               
	<File>MOD_ROOT/sym_sl_crisis1a.png</File> 
</GameDBAsset>

<GameDBAsset ID="ASSET_ONC_SYM_ICON_056">   
	<Type>TEXTURE_CUSTOM_SPRITE</Type>               
	<File>MOD_ROOT/sym_sl_crisis1b.png</File> 
</GameDBAsset>

<!-- Blood Cancer Icons -->
<GameDBAsset ID="ASSET_ONC_SYM_ICON_057">   
	<Type>TEXTURE_CUSTOM_SPRITE</Type>               
	<File>MOD_ROOT/dia_sl_blc01a.png</File> 
</GameDBAsset>

<GameDBAsset ID="ASSET_ONC_SYM_ICON_058">   
	<Type>TEXTURE_CUSTOM_SPRITE</Type>               
	<File>MOD_ROOT/dia_sl_blc01b.png</File> 
</GameDBAsset>

<GameDBAsset ID="ASSET_ONC_SYM_ICON_059">   
	<Type>TEXTURE_CUSTOM_SPRITE</Type>               
	<File>MOD_ROOT/dia_sl_blc02a.png</File> 
</GameDBAsset>

<GameDBAsset ID="ASSET_ONC_SYM_ICON_060">   
	<Type>TEXTURE_CUSTOM_SPRITE</Type>               
	<File>MOD_ROOT/dia_sl_blc02b.png</File> 
</GameDBAsset>

<GameDBAsset ID="ASSET_ONC_SYM_ICON_061">   
	<Type>TEXTURE_CUSTOM_SPRITE</Type>               
	<File>MOD_ROOT/dia_sl_blc03a.png</File> 
</GameDBAsset>

<GameDBAsset ID="ASSET_ONC_SYM_ICON_062">   
	<Type>TEXTURE_CUSTOM_SPRITE</Type>               
	<File>MOD_ROOT/dia_sl_blc03b.png</File> 
</GameDBAsset>

<GameDBAsset ID="ASSET_ONC_SYM_ICON_063">   
	<Type>TEXTURE_CUSTOM_SPRITE</Type>               
	<File>MOD_ROOT/dia_sl_blc04a.png</File> 
</GameDBAsset>

<GameDBAsset ID="ASSET_ONC_SYM_ICON_064">   
	<Type>TEXTURE_CUSTOM_SPRITE</Type>               
	<File>MOD_ROOT/dia_sl_blc04b.png</File> 
</GameDBAsset>

<GameDBAsset ID="ASSET_ONC_SYM_ICON_175">   
	<Type>TEXTURE_CUSTOM_SPRITE</Type>               
	<File>MOD_ROOT/dia_sl_blc05st1a.png</File> 
</GameDBAsset>

<GameDBAsset ID="ASSET_ONC_SYM_ICON_176">   
	<Type>TEXTURE_CUSTOM_SPRITE</Type>               
	<File>MOD_ROOT/dia_sl_blc05st1b.png</File> 
</GameDBAsset>

<GameDBAsset ID="ASSET_ONC_SYM_ICON_177">   
	<Type>TEXTURE_CUSTOM_SPRITE</Type>               
	<File>MOD_ROOT/dia_sl_blc06st1a.png</File> 
</GameDBAsset>

<GameDBAsset ID="ASSET_ONC_SYM_ICON_178">   
	<Type>TEXTURE_CUSTOM_SPRITE</Type>               
	<File>MOD_ROOT/dia_sl_blc06st1b.png</File> 
</GameDBAsset>

<GameDBAsset ID="ASSET_ONC_SYM_ICON_179">   
	<Type>TEXTURE_CUSTOM_SPRITE</Type>               
	<File>MOD_ROOT/dia_sl_blc07st1a.png</File> 
</GameDBAsset>

<GameDBAsset ID="ASSET_ONC_SYM_ICON_180">   
	<Type>TEXTURE_CUSTOM_SPRITE</Type>               
	<File>MOD_ROOT/dia_sl_blc07st1b.png</File> 
</GameDBAsset>

<!-- Cronic Blood Cancer Icons -->
<GameDBAsset ID="ASSET_ONC_SYM_ICON_135">   
	<Type>TEXTURE_CUSTOM_SPRITE</Type>               
	<File>MOD_ROOT/dia_sl_blc01_Ca.png</File> 
</GameDBAsset>

<GameDBAsset ID="ASSET_ONC_SYM_ICON_136">   
	<Type>TEXTURE_CUSTOM_SPRITE</Type>               
	<File>MOD_ROOT/dia_sl_blc01_Cb.png</File> 
</GameDBAsset>

<GameDBAsset ID="ASSET_ONC_SYM_ICON_137">   
	<Type>TEXTURE_CUSTOM_SPRITE</Type>               
	<File>MOD_ROOT/dia_sl_blc02_Ca.png</File> 
</GameDBAsset>

<GameDBAsset ID="ASSET_ONC_SYM_ICON_138">   
	<Type>TEXTURE_CUSTOM_SPRITE</Type>               
	<File>MOD_ROOT/dia_sl_blc02_Cb.png</File> 
</GameDBAsset>

<GameDBAsset ID="ASSET_ONC_SYM_ICON_139">   
	<Type>TEXTURE_CUSTOM_SPRITE</Type>               
	<File>MOD_ROOT/dia_sl_blc03_Ca.png</File> 
</GameDBAsset>

<GameDBAsset ID="ASSET_ONC_SYM_ICON_140">   
	<Type>TEXTURE_CUSTOM_SPRITE</Type>               
	<File>MOD_ROOT/dia_sl_blc03_Cb.png</File> 
</GameDBAsset>

<GameDBAsset ID="ASSET_ONC_SYM_ICON_141">   
	<Type>TEXTURE_CUSTOM_SPRITE</Type>               
	<File>MOD_ROOT/dia_sl_blc04_Ca.png</File> 
</GameDBAsset>

<GameDBAsset ID="ASSET_ONC_SYM_ICON_142">   
	<Type>TEXTURE_CUSTOM_SPRITE</Type>               
	<File>MOD_ROOT/dia_sl_blc04_Cb.png</File> 
</GameDBAsset>

<!-- Frequent Infection -->
<GameDBAsset ID="ASSET_ONC_SYM_ICON_065">   
	<Type>TEXTURE_CUSTOM_SPRITE</Type>               
	<File>MOD_ROOT/sym_sl_infection1a.png</File> 
</GameDBAsset>

<GameDBAsset ID="ASSET_ONC_SYM_ICON_066">   
	<Type>TEXTURE_CUSTOM_SPRITE</Type>               
	<File>MOD_ROOT/sym_sl_infection1b.png</File> 
</GameDBAsset>

<!-- Lymphocytosis  -->
<GameDBAsset ID="ASSET_ONC_SYM_ICON_067">   
	<Type>TEXTURE_CUSTOM_SPRITE</Type>               
	<File>MOD_ROOT/sym_sl_lymphcyc1a.png</File> 
</GameDBAsset>

<GameDBAsset ID="ASSET_ONC_SYM_ICON_068">   
	<Type>TEXTURE_CUSTOM_SPRITE</Type>               
	<File>MOD_ROOT/sym_sl_lymphcyc1b.png</File> 
</GameDBAsset>

<!-- Antigen -->
<GameDBAsset ID="ASSET_ONC_SYM_ICON_069">   
	<Type>TEXTURE_CUSTOM_SPRITE</Type>               
	<File>MOD_ROOT/sym_sl_antigen1a.png</File> 
</GameDBAsset>

<GameDBAsset ID="ASSET_ONC_SYM_ICON_070">   
	<Type>TEXTURE_CUSTOM_SPRITE</Type>               
	<File>MOD_ROOT/sym_sl_antigen1b.png</File> 
</GameDBAsset>

<GameDBAsset ID="ASSET_ONC_SYM_ICON_249">   
	<Type>TEXTURE_CUSTOM_SPRITE</Type>               
	<File>MOD_ROOT/sym_sl_antigen2a.png</File> 
</GameDBAsset>

<GameDBAsset ID="ASSET_ONC_SYM_ICON_250">   
	<Type>TEXTURE_CUSTOM_SPRITE</Type>               
	<File>MOD_ROOT/sym_sl_antigen2b.png</File> 
</GameDBAsset>

<GameDBAsset ID="ASSET_ONC_SYM_ICON_251">   
	<Type>TEXTURE_CUSTOM_SPRITE</Type>               
	<File>MOD_ROOT/sym_sl_antigen3a.png</File> 
</GameDBAsset>

<GameDBAsset ID="ASSET_ONC_SYM_ICON_252">   
	<Type>TEXTURE_CUSTOM_SPRITE</Type>               
	<File>MOD_ROOT/sym_sl_antigen3b.png</File> 
</GameDBAsset>

<GameDBAsset ID="ASSET_ONC_SYM_ICON_253">   
	<Type>TEXTURE_CUSTOM_SPRITE</Type>               
	<File>MOD_ROOT/sym_sl_antigen4a.png</File> 
</GameDBAsset>

<GameDBAsset ID="ASSET_ONC_SYM_ICON_254">   
	<Type>TEXTURE_CUSTOM_SPRITE</Type>               
	<File>MOD_ROOT/sym_sl_antigen4b.png</File> 
</GameDBAsset>


<!-- Bright  -->
<GameDBAsset ID="ASSET_ONC_SYM_ICON_071">   
	<Type>TEXTURE_CUSTOM_SPRITE</Type>               
	<File>MOD_ROOT/sym_sl_BrightMarker1a.png</File> 
</GameDBAsset>

<GameDBAsset ID="ASSET_ONC_SYM_ICON_072">   
	<Type>TEXTURE_CUSTOM_SPRITE</Type>               
	<File>MOD_ROOT/sym_sl_BrightMarker1b.png</File> 
</GameDBAsset>

<GameDBAsset ID="ASSET_ONC_SYM_ICON_077">   
	<Type>TEXTURE_CUSTOM_SPRITE</Type>               
	<File>MOD_ROOT/sym_sl_BrightMarker2a.png</File> 
</GameDBAsset>

<GameDBAsset ID="ASSET_ONC_SYM_ICON_078">   
	<Type>TEXTURE_CUSTOM_SPRITE</Type>               
	<File>MOD_ROOT/sym_sl_BrightMarker2b.png</File> 
</GameDBAsset>

<GameDBAsset ID="ASSET_ONC_SYM_ICON_079">   
	<Type>TEXTURE_CUSTOM_SPRITE</Type>               
	<File>MOD_ROOT/sym_sl_BrightMarker3a.png</File> 
</GameDBAsset>

<GameDBAsset ID="ASSET_ONC_SYM_ICON_080">   
	<Type>TEXTURE_CUSTOM_SPRITE</Type>               
	<File>MOD_ROOT/sym_sl_BrightMarker3b.png</File> 
</GameDBAsset>

<GameDBAsset ID="ASSET_ONC_SYM_ICON_081">   
	<Type>TEXTURE_CUSTOM_SPRITE</Type>               
	<File>MOD_ROOT/sym_sl_BrightMarker4a.png</File> 
</GameDBAsset>

<GameDBAsset ID="ASSET_ONC_SYM_ICON_082">   
	<Type>TEXTURE_CUSTOM_SPRITE</Type>               
	<File>MOD_ROOT/sym_sl_BrightMarker4b.png</File> 
</GameDBAsset>

<GameDBAsset ID="ASSET_ONC_SYM_ICON_083">   
	<Type>TEXTURE_CUSTOM_SPRITE</Type>               
	<File>MOD_ROOT/sym_sl_BrightMarker5a.png</File> 
</GameDBAsset>

<GameDBAsset ID="ASSET_ONC_SYM_ICON_084">   
	<Type>TEXTURE_CUSTOM_SPRITE</Type>               
	<File>MOD_ROOT/sym_sl_BrightMarker5b.png</File> 
</GameDBAsset>

<GameDBAsset ID="ASSET_ONC_SYM_ICON_085">   
	<Type>TEXTURE_CUSTOM_SPRITE</Type>               
	<File>MOD_ROOT/sym_sl_BrightMarker6a.png</File> 
</GameDBAsset>

<GameDBAsset ID="ASSET_ONC_SYM_ICON_086">   
	<Type>TEXTURE_CUSTOM_SPRITE</Type>               
	<File>MOD_ROOT/sym_sl_BrightMarker6b.png</File> 
</GameDBAsset>

<GameDBAsset ID="ASSET_ONC_SYM_ICON_087">   
	<Type>TEXTURE_CUSTOM_SPRITE</Type>               
	<File>MOD_ROOT/sym_sl_BrightMarker7a.png</File> 
</GameDBAsset>

<GameDBAsset ID="ASSET_ONC_SYM_ICON_088">   
	<Type>TEXTURE_CUSTOM_SPRITE</Type>               
	<File>MOD_ROOT/sym_sl_BrightMarker7b.png</File> 
</GameDBAsset>

<GameDBAsset ID="ASSET_ONC_SYM_ICON_089">   
	<Type>TEXTURE_CUSTOM_SPRITE</Type>               
	<File>MOD_ROOT/sym_sl_BrightMarker8a.png</File> 
</GameDBAsset>

<GameDBAsset ID="ASSET_ONC_SYM_ICON_090">   
	<Type>TEXTURE_CUSTOM_SPRITE</Type>               
	<File>MOD_ROOT/sym_sl_BrightMarker8b.png</File> 
</GameDBAsset>

<GameDBAsset ID="ASSET_ONC_SYM_ICON_091">   
	<Type>TEXTURE_CUSTOM_SPRITE</Type>               
	<File>MOD_ROOT/sym_sl_BrightMarker9a.png</File> 
</GameDBAsset>

<GameDBAsset ID="ASSET_ONC_SYM_ICON_092">   
	<Type>TEXTURE_CUSTOM_SPRITE</Type>               
	<File>MOD_ROOT/sym_sl_BrightMarker9b.png</File> 
</GameDBAsset>

<GameDBAsset ID="ASSET_ONC_SYM_ICON_101">   
	<Type>TEXTURE_CUSTOM_SPRITE</Type>               
	<File>MOD_ROOT/sym_sl_BrightMarker10a.png</File> 
</GameDBAsset>

<GameDBAsset ID="ASSET_ONC_SYM_ICON_102">   
	<Type>TEXTURE_CUSTOM_SPRITE</Type>               
	<File>MOD_ROOT/sym_sl_BrightMarker10b.png</File> 
</GameDBAsset>

<GameDBAsset ID="ASSET_ONC_SYM_ICON_103">   
	<Type>TEXTURE_CUSTOM_SPRITE</Type>               
	<File>MOD_ROOT/sym_sl_BrightMarker11a.png</File> 
</GameDBAsset>

<GameDBAsset ID="ASSET_ONC_SYM_ICON_104">   
	<Type>TEXTURE_CUSTOM_SPRITE</Type>               
	<File>MOD_ROOT/sym_sl_BrightMarker11b.png</File> 
</GameDBAsset>

<GameDBAsset ID="ASSET_ONC_SYM_ICON_105">   
	<Type>TEXTURE_CUSTOM_SPRITE</Type>               
	<File>MOD_ROOT/sym_sl_BrightMarker12a.png</File> 
</GameDBAsset>

<GameDBAsset ID="ASSET_ONC_SYM_ICON_106">   
	<Type>TEXTURE_CUSTOM_SPRITE</Type>               
	<File>MOD_ROOT/sym_sl_BrightMarker12b.png</File> 
</GameDBAsset>

<GameDBAsset ID="ASSET_ONC_SYM_ICON_113">   
	<Type>TEXTURE_CUSTOM_SPRITE</Type>               
	<File>MOD_ROOT/sym_sl_BrightMarker13a.png</File> 
</GameDBAsset>

<GameDBAsset ID="ASSET_ONC_SYM_ICON_114">   
	<Type>TEXTURE_CUSTOM_SPRITE</Type>               
	<File>MOD_ROOT/sym_sl_BrightMarker13b.png</File> 
</GameDBAsset>

<GameDBAsset ID="ASSET_ONC_SYM_ICON_115">   
	<Type>TEXTURE_CUSTOM_SPRITE</Type>               
	<File>MOD_ROOT/sym_sl_BrightMarker14a.png</File> 
</GameDBAsset>

<GameDBAsset ID="ASSET_ONC_SYM_ICON_116">   
	<Type>TEXTURE_CUSTOM_SPRITE</Type>               
	<File>MOD_ROOT/sym_sl_BrightMarker14b.png</File> 
</GameDBAsset>

<GameDBAsset ID="ASSET_ONC_SYM_ICON_117">   
	<Type>TEXTURE_CUSTOM_SPRITE</Type>               
	<File>MOD_ROOT/sym_sl_BrightMarker15a.png</File> 
</GameDBAsset>

<GameDBAsset ID="ASSET_ONC_SYM_ICON_118">   
	<Type>TEXTURE_CUSTOM_SPRITE</Type>               
	<File>MOD_ROOT/sym_sl_BrightMarker15b.png</File> 
</GameDBAsset>

<GameDBAsset ID="ASSET_ONC_SYM_ICON_119">   
	<Type>TEXTURE_CUSTOM_SPRITE</Type>               
	<File>MOD_ROOT/sym_sl_BrightMarker16a.png</File> 
</GameDBAsset>

<GameDBAsset ID="ASSET_ONC_SYM_ICON_120">   
	<Type>TEXTURE_CUSTOM_SPRITE</Type>               
	<File>MOD_ROOT/sym_sl_BrightMarker16b.png</File> 
</GameDBAsset>

<GameDBAsset ID="ASSET_ONC_SYM_ICON_121">   
	<Type>TEXTURE_CUSTOM_SPRITE</Type>               
	<File>MOD_ROOT/sym_sl_BrightMarker17a.png</File> 
</GameDBAsset>

<GameDBAsset ID="ASSET_ONC_SYM_ICON_122">   
	<Type>TEXTURE_CUSTOM_SPRITE</Type>               
	<File>MOD_ROOT/sym_sl_BrightMarker17b.png</File> 
</GameDBAsset>

<GameDBAsset ID="ASSET_ONC_SYM_ICON_123">   
	<Type>TEXTURE_CUSTOM_SPRITE</Type>               
	<File>MOD_ROOT/sym_sl_BrightMarker18a.png</File> 
</GameDBAsset>

<GameDBAsset ID="ASSET_ONC_SYM_ICON_124">   
	<Type>TEXTURE_CUSTOM_SPRITE</Type>               
	<File>MOD_ROOT/sym_sl_BrightMarker18b.png</File> 
</GameDBAsset>

<GameDBAsset ID="ASSET_ONC_SYM_ICON_125">   
	<Type>TEXTURE_CUSTOM_SPRITE</Type>               
	<File>MOD_ROOT/sym_sl_BrightMarker19a.png</File> 
</GameDBAsset>

<GameDBAsset ID="ASSET_ONC_SYM_ICON_126">   
	<Type>TEXTURE_CUSTOM_SPRITE</Type>               
	<File>MOD_ROOT/sym_sl_BrightMarker19b.png</File> 
</GameDBAsset>

<GameDBAsset ID="ASSET_ONC_SYM_ICON_129">   
	<Type>TEXTURE_CUSTOM_SPRITE</Type>               
	<File>MOD_ROOT/sym_sl_BrightMarker20a.png</File> 
</GameDBAsset>

<GameDBAsset ID="ASSET_ONC_SYM_ICON_130">   
	<Type>TEXTURE_CUSTOM_SPRITE</Type>               
	<File>MOD_ROOT/sym_sl_BrightMarker20b.png</File> 
</GameDBAsset>

<GameDBAsset ID="ASSET_ONC_SYM_ICON_143">   
	<Type>TEXTURE_CUSTOM_SPRITE</Type>               
	<File>MOD_ROOT/sym_sl_BrightMarker21a.png</File> 
</GameDBAsset>

<GameDBAsset ID="ASSET_ONC_SYM_ICON_144">   
	<Type>TEXTURE_CUSTOM_SPRITE</Type>               
	<File>MOD_ROOT/sym_sl_BrightMarker21b.png</File> 
</GameDBAsset>

<GameDBAsset ID="ASSET_ONC_SYM_ICON_145">   
	<Type>TEXTURE_CUSTOM_SPRITE</Type>               
	<File>MOD_ROOT/sym_sl_BrightMarker22a.png</File> 
</GameDBAsset>

<GameDBAsset ID="ASSET_ONC_SYM_ICON_146">   
	<Type>TEXTURE_CUSTOM_SPRITE</Type>               
	<File>MOD_ROOT/sym_sl_BrightMarker22b.png</File> 
</GameDBAsset>

<GameDBAsset ID="ASSET_ONC_SYM_ICON_163">   
	<Type>TEXTURE_CUSTOM_SPRITE</Type>               
	<File>MOD_ROOT/sym_sl_BrightMarker23a.png</File> 
</GameDBAsset>

<GameDBAsset ID="ASSET_ONC_SYM_ICON_164">   
	<Type>TEXTURE_CUSTOM_SPRITE</Type>               
	<File>MOD_ROOT/sym_sl_BrightMarker23b.png</File> 
</GameDBAsset>

<GameDBAsset ID="ASSET_ONC_SYM_ICON_165">   
	<Type>TEXTURE_CUSTOM_SPRITE</Type>               
	<File>MOD_ROOT/sym_sl_BrightMarker24a.png</File> 
</GameDBAsset>

<GameDBAsset ID="ASSET_ONC_SYM_ICON_166">   
	<Type>TEXTURE_CUSTOM_SPRITE</Type>               
	<File>MOD_ROOT/sym_sl_BrightMarker24b.png</File> 
</GameDBAsset>

<GameDBAsset ID="ASSET_ONC_SYM_ICON_167">   
	<Type>TEXTURE_CUSTOM_SPRITE</Type>               
	<File>MOD_ROOT/sym_sl_BrightMarker25a.png</File> 
</GameDBAsset>

<GameDBAsset ID="ASSET_ONC_SYM_ICON_168">   
	<Type>TEXTURE_CUSTOM_SPRITE</Type>               
	<File>MOD_ROOT/sym_sl_BrightMarker25b.png</File> 
</GameDBAsset>

<GameDBAsset ID="ASSET_ONC_SYM_ICON_169">   
	<Type>TEXTURE_CUSTOM_SPRITE</Type>               
	<File>MOD_ROOT/sym_sl_BrightMarker26a.png</File> 
</GameDBAsset>

<GameDBAsset ID="ASSET_ONC_SYM_ICON_170">   
	<Type>TEXTURE_CUSTOM_SPRITE</Type>               
	<File>MOD_ROOT/sym_sl_BrightMarker26b.png</File> 
</GameDBAsset>

<GameDBAsset ID="ASSET_ONC_SYM_ICON_201">   
	<Type>TEXTURE_CUSTOM_SPRITE</Type>               
	<File>MOD_ROOT/sym_sl_BrightMarker27a.png</File> 
</GameDBAsset>

<GameDBAsset ID="ASSET_ONC_SYM_ICON_202">   
	<Type>TEXTURE_CUSTOM_SPRITE</Type>               
	<File>MOD_ROOT/sym_sl_BrightMarker27b.png</File> 
</GameDBAsset>


<!-- Dim  -->
<GameDBAsset ID="ASSET_ONC_SYM_ICON_073">   
	<Type>TEXTURE_CUSTOM_SPRITE</Type>               
	<File>MOD_ROOT/sym_sl_DimMarker1a.png</File> 
</GameDBAsset>

<GameDBAsset ID="ASSET_ONC_SYM_ICON_074">   
	<Type>TEXTURE_CUSTOM_SPRITE</Type>               
	<File>MOD_ROOT/sym_sl_DimMarker1b.png</File> 
</GameDBAsset>

<GameDBAsset ID="ASSET_ONC_SYM_ICON_095">   
	<Type>TEXTURE_CUSTOM_SPRITE</Type>               
	<File>MOD_ROOT/sym_sl_DimMarker2a.png</File> 
</GameDBAsset>

<GameDBAsset ID="ASSET_ONC_SYM_ICON_096">   
	<Type>TEXTURE_CUSTOM_SPRITE</Type>               
	<File>MOD_ROOT/sym_sl_DimMarker2b.png</File> 
</GameDBAsset>
<GameDBAsset ID="ASSET_ONC_SYM_ICON_097">   
	<Type>TEXTURE_CUSTOM_SPRITE</Type>               
	<File>MOD_ROOT/sym_sl_DimMarker3a.png</File> 
</GameDBAsset>

<GameDBAsset ID="ASSET_ONC_SYM_ICON_098">   
	<Type>TEXTURE_CUSTOM_SPRITE</Type>               
	<File>MOD_ROOT/sym_sl_DimMarker3b.png</File> 
</GameDBAsset>

<GameDBAsset ID="ASSET_ONC_SYM_ICON_099">   
	<Type>TEXTURE_CUSTOM_SPRITE</Type>               
	<File>MOD_ROOT/sym_sl_DimMarker4a.png</File> 
</GameDBAsset>

<GameDBAsset ID="ASSET_ONC_SYM_ICON_100">   
	<Type>TEXTURE_CUSTOM_SPRITE</Type>               
	<File>MOD_ROOT/sym_sl_DimMarker4b.png</File> 
</GameDBAsset>

<GameDBAsset ID="ASSET_ONC_SYM_ICON_107">   
	<Type>TEXTURE_CUSTOM_SPRITE</Type>               
	<File>MOD_ROOT/sym_sl_DimMarker5a.png</File> 
</GameDBAsset>

<GameDBAsset ID="ASSET_ONC_SYM_ICON_108">   
	<Type>TEXTURE_CUSTOM_SPRITE</Type>               
	<File>MOD_ROOT/sym_sl_DimMarker5b.png</File> 
</GameDBAsset>

<GameDBAsset ID="ASSET_ONC_SYM_ICON_109">   
	<Type>TEXTURE_CUSTOM_SPRITE</Type>               
	<File>MOD_ROOT/sym_sl_DimMarker6a.png</File> 
</GameDBAsset>

<GameDBAsset ID="ASSET_ONC_SYM_ICON_110">   
	<Type>TEXTURE_CUSTOM_SPRITE</Type>               
	<File>MOD_ROOT/sym_sl_DimMarker6b.png</File> 
</GameDBAsset>

<GameDBAsset ID="ASSET_ONC_SYM_ICON_111">   
	<Type>TEXTURE_CUSTOM_SPRITE</Type>               
	<File>MOD_ROOT/sym_sl_DimMarker7a.png</File> 
</GameDBAsset>

<GameDBAsset ID="ASSET_ONC_SYM_ICON_112">   
	<Type>TEXTURE_CUSTOM_SPRITE</Type>               
	<File>MOD_ROOT/sym_sl_DimMarker7b.png</File> 
</GameDBAsset>

<GameDBAsset ID="ASSET_ONC_SYM_ICON_127">   
	<Type>TEXTURE_CUSTOM_SPRITE</Type>               
	<File>MOD_ROOT/sym_sl_DimMarker8a.png</File> 
</GameDBAsset>

<GameDBAsset ID="ASSET_ONC_SYM_ICON_128">   
	<Type>TEXTURE_CUSTOM_SPRITE</Type>               
	<File>MOD_ROOT/sym_sl_DimMarker8b.png</File> 
</GameDBAsset>

<GameDBAsset ID="ASSET_ONC_SYM_ICON_147">   
	<Type>TEXTURE_CUSTOM_SPRITE</Type>               
	<File>MOD_ROOT/sym_sl_DimMarker9a.png</File> 
</GameDBAsset>

<GameDBAsset ID="ASSET_ONC_SYM_ICON_148">   
	<Type>TEXTURE_CUSTOM_SPRITE</Type>               
	<File>MOD_ROOT/sym_sl_DimMarker9b.png</File> 
</GameDBAsset>

<GameDBAsset ID="ASSET_ONC_SYM_ICON_149">   
	<Type>TEXTURE_CUSTOM_SPRITE</Type>               
	<File>MOD_ROOT/sym_sl_DimMarker10a.png</File> 
</GameDBAsset>

<GameDBAsset ID="ASSET_ONC_SYM_ICON_150">   
	<Type>TEXTURE_CUSTOM_SPRITE</Type>               
	<File>MOD_ROOT/sym_sl_DimMarker10b.png</File> 
</GameDBAsset>

<GameDBAsset ID="ASSET_ONC_SYM_ICON_171">   
	<Type>TEXTURE_CUSTOM_SPRITE</Type>               
	<File>MOD_ROOT/sym_sl_DimMarker11a.png</File> 
</GameDBAsset>

<GameDBAsset ID="ASSET_ONC_SYM_ICON_172">   
	<Type>TEXTURE_CUSTOM_SPRITE</Type>               
	<File>MOD_ROOT/sym_sl_DimMarker11b.png</File> 
</GameDBAsset>

<GameDBAsset ID="ASSET_ONC_SYM_ICON_181">   
	<Type>TEXTURE_CUSTOM_SPRITE</Type>               
	<File>MOD_ROOT/sym_sl_DimMarker12a.png</File> 
</GameDBAsset>

<GameDBAsset ID="ASSET_ONC_SYM_ICON_182">   
	<Type>TEXTURE_CUSTOM_SPRITE</Type>               
	<File>MOD_ROOT/sym_sl_DimMarker12b.png</File> 
</GameDBAsset>

<GameDBAsset ID="ASSET_ONC_SYM_ICON_183">   
	<Type>TEXTURE_CUSTOM_SPRITE</Type>               
	<File>MOD_ROOT/sym_sl_DimMarker13a.png</File> 
</GameDBAsset>

<GameDBAsset ID="ASSET_ONC_SYM_ICON_184">   
	<Type>TEXTURE_CUSTOM_SPRITE</Type>               
	<File>MOD_ROOT/sym_sl_DimMarker13b.png</File> 
</GameDBAsset>

<!-- Norm  -->
<GameDBAsset ID="ASSET_ONC_SYM_ICON_075">   
	<Type>TEXTURE_CUSTOM_SPRITE</Type>               
	<File>MOD_ROOT/sym_sl_NormMarker1a.png</File> 
</GameDBAsset>

<GameDBAsset ID="ASSET_ONC_SYM_ICON_076">   
	<Type>TEXTURE_CUSTOM_SPRITE</Type>               
	<File>MOD_ROOT/sym_sl_NormMarker1b.png</File> 
</GameDBAsset>

<!-- Gum Bleeding  -->
<GameDBAsset ID="ASSET_ONC_SYM_ICON_093">   
	<Type>TEXTURE_CUSTOM_SPRITE</Type>               
	<File>MOD_ROOT/sym_sl_bleedgum1a.png</File> 
</GameDBAsset>

<GameDBAsset ID="ASSET_ONC_SYM_ICON_094">   
	<Type>TEXTURE_CUSTOM_SPRITE</Type>               
	<File>MOD_ROOT/sym_sl_bleedgum1b.png</File> 
</GameDBAsset>

<!-- CNS Bleeding  -->
<GameDBAsset ID="ASSET_ONC_SYM_ICON_131">   
	<Type>TEXTURE_CUSTOM_SPRITE</Type>               
	<File>MOD_ROOT/sym_sl_cnsL1a.png</File> 
</GameDBAsset>

<GameDBAsset ID="ASSET_ONC_SYM_ICON_132">   
	<Type>TEXTURE_CUSTOM_SPRITE</Type>               
	<File>MOD_ROOT/sym_sl_cnsL1b.png</File> 
</GameDBAsset>

<GameDBAsset ID="ASSET_ONC_SYM_ICON_133">   
	<Type>TEXTURE_CUSTOM_SPRITE</Type>               
	<File>MOD_ROOT/sym_sl_cnsH1a.png</File> 
</GameDBAsset>

<GameDBAsset ID="ASSET_ONC_SYM_ICON_134">   
	<Type>TEXTURE_CUSTOM_SPRITE</Type>               
	<File>MOD_ROOT/sym_sl_cnsH1b.png</File> 
</GameDBAsset>

<!-- High T Cell Count  -->
<GameDBAsset ID="ASSET_ONC_SYM_ICON_151">   
	<Type>TEXTURE_CUSTOM_SPRITE</Type>               
	<File>MOD_ROOT/sym_sl_hightcell1a.png</File> 
</GameDBAsset>

<GameDBAsset ID="ASSET_ONC_SYM_ICON_152">   
	<Type>TEXTURE_CUSTOM_SPRITE</Type>               
	<File>MOD_ROOT/sym_sl_hightcell1b.png</File> 
</GameDBAsset>

<!-- Red cell aplasia  -->
<GameDBAsset ID="ASSET_ONC_SYM_ICON_153">   
	<Type>TEXTURE_CUSTOM_SPRITE</Type>               
	<File>MOD_ROOT/sym_sl_aplasia1a.png</File> 
</GameDBAsset>

<GameDBAsset ID="ASSET_ONC_SYM_ICON_154">   
	<Type>TEXTURE_CUSTOM_SPRITE</Type>               
	<File>MOD_ROOT/sym_sl_aplasia1b.png</File> 
</GameDBAsset>

<GameDBAsset ID="ASSET_ONC_SYM_ICON_155">   
	<Type>TEXTURE_CUSTOM_SPRITE</Type>               
	<File>MOD_ROOT/sym_sl_enlargeLiver1a.png</File> 
</GameDBAsset>

<GameDBAsset ID="ASSET_ONC_SYM_ICON_156">   
	<Type>TEXTURE_CUSTOM_SPRITE</Type>               
	<File>MOD_ROOT/sym_sl_enlargeLiver1b.png</File> 
</GameDBAsset>

<GameDBAsset ID="ASSET_ONC_SYM_ICON_157">   
	<Type>TEXTURE_CUSTOM_SPRITE</Type>               
	<File>MOD_ROOT/sym_sl_enlargeSpleen1a.png</File> 
</GameDBAsset>

<GameDBAsset ID="ASSET_ONC_SYM_ICON_158">   
	<Type>TEXTURE_CUSTOM_SPRITE</Type>               
	<File>MOD_ROOT/sym_sl_enlargeSpleen1b.png</File> 
</GameDBAsset>

<GameDBAsset ID="ASSET_ONC_SYM_ICON_159">   
	<Type>TEXTURE_CUSTOM_SPRITE</Type>               
	<File>MOD_ROOT/sym_sl_lowwbc1a.png</File> 
</GameDBAsset>

<GameDBAsset ID="ASSET_ONC_SYM_ICON_160">   
	<Type>TEXTURE_CUSTOM_SPRITE</Type>               
	<File>MOD_ROOT/sym_sl_lowwbc1b.png</File> 
</GameDBAsset>

<GameDBAsset ID="ASSET_ONC_SYM_ICON_161">   
	<Type>TEXTURE_CUSTOM_SPRITE</Type>               
	<File>MOD_ROOT/sym_sl_rupSpleen1a.png</File> 
</GameDBAsset>

<GameDBAsset ID="ASSET_ONC_SYM_ICON_162">   
	<Type>TEXTURE_CUSTOM_SPRITE</Type>               
	<File>MOD_ROOT/sym_sl_rupSpleen1b.png</File> 
</GameDBAsset>

<GameDBAsset ID="ASSET_ONC_SYM_ICON_173">   
	<Type>TEXTURE_CUSTOM_SPRITE</Type>               
	<File>MOD_ROOT/sym_sl_platlet1a.png</File> 
</GameDBAsset>

<GameDBAsset ID="ASSET_ONC_SYM_ICON_174">   
	<Type>TEXTURE_CUSTOM_SPRITE</Type>               
	<File>MOD_ROOT/sym_sl_platlet1b.png</File> 
</GameDBAsset>

<GameDBAsset ID="ASSET_ONC_SYM_ICON_185">   
	<Type>TEXTURE_CUSTOM_SPRITE</Type>               
	<File>MOD_ROOT/sym_sl_damGene1a.png</File> 
</GameDBAsset>

<GameDBAsset ID="ASSET_ONC_SYM_ICON_186">   
	<Type>TEXTURE_CUSTOM_SPRITE</Type>               
	<File>MOD_ROOT/sym_sl_damGene1b.png</File> 
</GameDBAsset>

<!-- Enzymes  -->
<GameDBAsset ID="ASSET_ONC_SYM_ICON_187">   
	<Type>TEXTURE_CUSTOM_SPRITE</Type>               
	<File>MOD_ROOT/sym_sl_enzyme1a.png</File> 
</GameDBAsset>

<GameDBAsset ID="ASSET_ONC_SYM_ICON_188">   
	<Type>TEXTURE_CUSTOM_SPRITE</Type>               
	<File>MOD_ROOT/sym_sl_enzyme1b.png</File> 
</GameDBAsset>

<GameDBAsset ID="ASSET_ONC_SYM_ICON_189">   
	<Type>TEXTURE_CUSTOM_SPRITE</Type>               
	<File>MOD_ROOT/sym_sl_enzyme2a.png</File> 
</GameDBAsset>

<GameDBAsset ID="ASSET_ONC_SYM_ICON_190">   
	<Type>TEXTURE_CUSTOM_SPRITE</Type>               
	<File>MOD_ROOT/sym_sl_enzyme2b.png</File> 
</GameDBAsset>

<!-- Chromosomes  -->
<GameDBAsset ID="ASSET_ONC_SYM_ICON_193">   
	<Type>TEXTURE_CUSTOM_SPRITE</Type>               
	<File>MOD_ROOT/sym_sl_chromo1a.png</File> 
</GameDBAsset>

<GameDBAsset ID="ASSET_ONC_SYM_ICON_194">   
	<Type>TEXTURE_CUSTOM_SPRITE</Type>               
	<File>MOD_ROOT/sym_sl_chromo1b.png</File> 
</GameDBAsset>

<GameDBAsset ID="ASSET_ONC_SYM_ICON_195">   
	<Type>TEXTURE_CUSTOM_SPRITE</Type>               
	<File>MOD_ROOT/sym_sl_chromo2a.png</File> 
</GameDBAsset>

<GameDBAsset ID="ASSET_ONC_SYM_ICON_196">   
	<Type>TEXTURE_CUSTOM_SPRITE</Type>               
	<File>MOD_ROOT/sym_sl_chromo2b.png</File> 
</GameDBAsset>

<GameDBAsset ID="ASSET_ONC_SYM_ICON_197">   
	<Type>TEXTURE_CUSTOM_SPRITE</Type>               
	<File>MOD_ROOT/sym_sl_chromo3a.png</File> 
</GameDBAsset>

<GameDBAsset ID="ASSET_ONC_SYM_ICON_198">   
	<Type>TEXTURE_CUSTOM_SPRITE</Type>               
	<File>MOD_ROOT/sym_sl_chromo3b.png</File> 
</GameDBAsset>

<GameDBAsset ID="ASSET_ONC_SYM_ICON_199">   
	<Type>TEXTURE_CUSTOM_SPRITE</Type>               
	<File>MOD_ROOT/sym_sl_chromo4a.png</File> 
</GameDBAsset>

<GameDBAsset ID="ASSET_ONC_SYM_ICON_200">   
	<Type>TEXTURE_CUSTOM_SPRITE</Type>               
	<File>MOD_ROOT/sym_sl_chromo4b.png</File> 
</GameDBAsset>

<GameDBAsset ID="ASSET_ONC_SYM_ICON_203">   
	<Type>TEXTURE_CUSTOM_SPRITE</Type>               
	<File>MOD_ROOT/sym_sl_chromo5a.png</File> 
</GameDBAsset>

<GameDBAsset ID="ASSET_ONC_SYM_ICON_204">   
	<Type>TEXTURE_CUSTOM_SPRITE</Type>               
	<File>MOD_ROOT/sym_sl_chromo5b.png</File> 
</GameDBAsset>

<GameDBAsset ID="ASSET_ONC_SYM_ICON_205">   
	<Type>TEXTURE_CUSTOM_SPRITE</Type>               
	<File>MOD_ROOT/sym_sl_chromo6a.png</File> 
</GameDBAsset>

<GameDBAsset ID="ASSET_ONC_SYM_ICON_206">   
	<Type>TEXTURE_CUSTOM_SPRITE</Type>               
	<File>MOD_ROOT/sym_sl_chromo6b.png</File> 
</GameDBAsset>

<GameDBAsset ID="ASSET_ONC_SYM_ICON_207">   
	<Type>TEXTURE_CUSTOM_SPRITE</Type>               
	<File>MOD_ROOT/sym_sl_chromo7a.png</File> 
</GameDBAsset>

<GameDBAsset ID="ASSET_ONC_SYM_ICON_208">   
	<Type>TEXTURE_CUSTOM_SPRITE</Type>               
	<File>MOD_ROOT/sym_sl_chromo7b.png</File> 
</GameDBAsset>

<GameDBAsset ID="ASSET_ONC_SYM_ICON_209">   
	<Type>TEXTURE_CUSTOM_SPRITE</Type>               
	<File>MOD_ROOT/sym_sl_chromo8a.png</File> 
</GameDBAsset>

<GameDBAsset ID="ASSET_ONC_SYM_ICON_210">   
	<Type>TEXTURE_CUSTOM_SPRITE</Type>               
	<File>MOD_ROOT/sym_sl_chromo8b.png</File> 
</GameDBAsset>

<GameDBAsset ID="ASSET_ONC_SYM_ICON_211">   
	<Type>TEXTURE_CUSTOM_SPRITE</Type>               
	<File>MOD_ROOT/sym_sl_chromo9a.png</File> 
</GameDBAsset>

<GameDBAsset ID="ASSET_ONC_SYM_ICON_212">   
	<Type>TEXTURE_CUSTOM_SPRITE</Type>               
	<File>MOD_ROOT/sym_sl_chromo9b.png</File> 
</GameDBAsset>

<GameDBAsset ID="ASSET_ONC_SYM_ICON_213">   
	<Type>TEXTURE_CUSTOM_SPRITE</Type>               
	<File>MOD_ROOT/sym_sl_chromo10a.png</File> 
</GameDBAsset>

<GameDBAsset ID="ASSET_ONC_SYM_ICON_214">   
	<Type>TEXTURE_CUSTOM_SPRITE</Type>               
	<File>MOD_ROOT/sym_sl_chromo10b.png</File> 
</GameDBAsset>

<GameDBAsset ID="ASSET_ONC_SYM_ICON_255">   
	<Type>TEXTURE_CUSTOM_SPRITE</Type>               
	<File>MOD_ROOT/sym_sl_chromo11a.png</File> 
</GameDBAsset>

<GameDBAsset ID="ASSET_ONC_SYM_ICON_256">   
	<Type>TEXTURE_CUSTOM_SPRITE</Type>               
	<File>MOD_ROOT/sym_sl_chromo11b.png</File> 
</GameDBAsset>

<GameDBAsset ID="ASSET_ONC_SYM_ICON_263">   
	<Type>TEXTURE_CUSTOM_SPRITE</Type>               
	<File>MOD_ROOT/sym_sl_chromo12a.png</File> 
</GameDBAsset>

<GameDBAsset ID="ASSET_ONC_SYM_ICON_264">   
	<Type>TEXTURE_CUSTOM_SPRITE</Type>               
	<File>MOD_ROOT/sym_sl_chromo12b.png</File> 
</GameDBAsset>

<GameDBAsset ID="ASSET_ONC_SYM_ICON_301">   
	<Type>TEXTURE_CUSTOM_SPRITE</Type>               
	<File>MOD_ROOT/sym_sl_chromoB5a.png</File> 
</GameDBAsset>

<GameDBAsset ID="ASSET_ONC_SYM_ICON_302">   
	<Type>TEXTURE_CUSTOM_SPRITE</Type>               
	<File>MOD_ROOT/sym_sl_chromoB5b.png</File> 
</GameDBAsset>

<GameDBAsset ID="ASSET_ONC_SYM_ICON_191">   
	<Type>TEXTURE_CUSTOM_SPRITE</Type>               
	<File>MOD_ROOT/sym_sl_hairycell1a.png</File> 
</GameDBAsset>

<GameDBAsset ID="ASSET_ONC_SYM_ICON_192">   
	<Type>TEXTURE_CUSTOM_SPRITE</Type>               
	<File>MOD_ROOT/sym_sl_hairycell1b.png</File> 
</GameDBAsset>

<GameDBAsset ID="ASSET_ONC_SYM_ICON_215">   
	<Type>TEXTURE_CUSTOM_SPRITE</Type>               
	<File>MOD_ROOT/sym_sl_larget1a.png</File> 
</GameDBAsset>

<GameDBAsset ID="ASSET_ONC_SYM_ICON_216">   
	<Type>TEXTURE_CUSTOM_SPRITE</Type>               
	<File>MOD_ROOT/sym_sl_larget1b.png</File> 
</GameDBAsset>

<GameDBAsset ID="ASSET_ONC_SYM_ICON_217">   
	<Type>TEXTURE_CUSTOM_SPRITE</Type>               
	<File>MOD_ROOT/sym_sl_neco1a.png</File> 
</GameDBAsset>

<GameDBAsset ID="ASSET_ONC_SYM_ICON_218">   
	<Type>TEXTURE_CUSTOM_SPRITE</Type>               
	<File>MOD_ROOT/sym_sl_neco1b.png</File> 
</GameDBAsset>

<GameDBAsset ID="ASSET_ONC_SYM_ICON_219">   
	<Type>TEXTURE_CUSTOM_SPRITE</Type>               
	<File>MOD_ROOT/sym_sl_highbl1a.png</File> 
</GameDBAsset>

<GameDBAsset ID="ASSET_ONC_SYM_ICON_220">   
	<Type>TEXTURE_CUSTOM_SPRITE</Type>               
	<File>MOD_ROOT/sym_sl_highbl1b.png</File> 
</GameDBAsset>

<GameDBAsset ID="ASSET_ONC_SYM_ICON_221">   
	<Type>TEXTURE_CUSTOM_SPRITE</Type>               
	<File>MOD_ROOT/sym_sl_highbl2a.png</File> 
</GameDBAsset>

<GameDBAsset ID="ASSET_ONC_SYM_ICON_222">   
	<Type>TEXTURE_CUSTOM_SPRITE</Type>               
	<File>MOD_ROOT/sym_sl_highbl2b.png</File> 
</GameDBAsset>

<GameDBAsset ID="ASSET_ONC_SYM_ICON_223">   
	<Type>TEXTURE_CUSTOM_SPRITE</Type>               
	<File>MOD_ROOT/sym_sl_highbl3a.png</File> 
</GameDBAsset>

<GameDBAsset ID="ASSET_ONC_SYM_ICON_224">   
	<Type>TEXTURE_CUSTOM_SPRITE</Type>               
	<File>MOD_ROOT/sym_sl_highbl3b.png</File> 
</GameDBAsset>

<!-- Breast Specific  -->
<GameDBAsset ID="ASSET_ONC_SYM_ICON_225">   
	<Type>TEXTURE_CUSTOM_SPRITE</Type>               
	<File>MOD_ROOT/sym_sl_breastdimple1a.png</File> 
</GameDBAsset>

<GameDBAsset ID="ASSET_ONC_SYM_ICON_226">   
	<Type>TEXTURE_CUSTOM_SPRITE</Type>               
	<File>MOD_ROOT/sym_sl_breastdimple1b.png</File> 
</GameDBAsset>

<GameDBAsset ID="ASSET_ONC_SYM_ICON_227">   
	<Type>TEXTURE_CUSTOM_SPRITE</Type>               
	<File>MOD_ROOT/sym_sl_breastdischarge1a.png</File> 
</GameDBAsset>

<GameDBAsset ID="ASSET_ONC_SYM_ICON_228">   
	<Type>TEXTURE_CUSTOM_SPRITE</Type>               
	<File>MOD_ROOT/sym_sl_breastdischarge1b.png</File> 
</GameDBAsset>

<GameDBAsset ID="ASSET_ONC_SYM_ICON_229">   
	<Type>TEXTURE_CUSTOM_SPRITE</Type>               
	<File>MOD_ROOT/sym_sl_breastfinding1a.png</File> 
</GameDBAsset>

<GameDBAsset ID="ASSET_ONC_SYM_ICON_230">   
	<Type>TEXTURE_CUSTOM_SPRITE</Type>               
	<File>MOD_ROOT/sym_sl_breastfinding1b.png</File> 
</GameDBAsset>

<GameDBAsset ID="ASSET_ONC_SYM_ICON_231">   
	<Type>TEXTURE_CUSTOM_SPRITE</Type>               
	<File>MOD_ROOT/sym_sl_breastlump1a.png</File> 
</GameDBAsset>

<GameDBAsset ID="ASSET_ONC_SYM_ICON_232">   
	<Type>TEXTURE_CUSTOM_SPRITE</Type>               
	<File>MOD_ROOT/sym_sl_breastlump1b.png</File> 
</GameDBAsset>

<GameDBAsset ID="ASSET_ONC_SYM_ICON_233">   
	<Type>TEXTURE_CUSTOM_SPRITE</Type>               
	<File>MOD_ROOT/sym_sl_breastpain1a.png</File> 
</GameDBAsset>

<GameDBAsset ID="ASSET_ONC_SYM_ICON_234">   
	<Type>TEXTURE_CUSTOM_SPRITE</Type>               
	<File>MOD_ROOT/sym_sl_breastpain1b.png</File> 
</GameDBAsset>

<GameDBAsset ID="ASSET_ONC_SYM_ICON_235">   
	<Type>TEXTURE_CUSTOM_SPRITE</Type>               
	<File>MOD_ROOT/sym_sl_breastSCHNG1a.png</File> 
</GameDBAsset>

<GameDBAsset ID="ASSET_ONC_SYM_ICON_236">   
	<Type>TEXTURE_CUSTOM_SPRITE</Type>               
	<File>MOD_ROOT/sym_sl_breastSCHNG1b.png</File> 
</GameDBAsset>

<GameDBAsset ID="ASSET_ONC_SYM_ICON_245">   
	<Type>TEXTURE_CUSTOM_SPRITE</Type>               
	<File>MOD_ROOT/sym_sl_sorenipple1a.png</File> 
</GameDBAsset>

<GameDBAsset ID="ASSET_ONC_SYM_ICON_246">   
	<Type>TEXTURE_CUSTOM_SPRITE</Type>               
	<File>MOD_ROOT/sym_sl_sorenipple1b.png</File> 
</GameDBAsset>

<GameDBAsset ID="ASSET_ONC_SYM_ICON_247">   
	<Type>TEXTURE_CUSTOM_SPRITE</Type>               
	<File>MOD_ROOT/sym_sl_suscalc1a.png</File> 
</GameDBAsset>

<GameDBAsset ID="ASSET_ONC_SYM_ICON_248">   
	<Type>TEXTURE_CUSTOM_SPRITE</Type>               
	<File>MOD_ROOT/sym_sl_suscalc1b.png</File> 
</GameDBAsset>

<!-- Breast DIA Icons  -->
<GameDBAsset ID="ASSET_ONC_SYM_ICON_237">   
	<Type>TEXTURE_CUSTOM_SPRITE</Type>               
	<File>MOD_ROOT/dia_sl_BRC1a.png</File> 
</GameDBAsset>

<GameDBAsset ID="ASSET_ONC_SYM_ICON_238">   
	<Type>TEXTURE_CUSTOM_SPRITE</Type>               
	<File>MOD_ROOT/dia_sl_BRC1b.png</File> 
</GameDBAsset>

<GameDBAsset ID="ASSET_ONC_SYM_ICON_239">   
	<Type>TEXTURE_CUSTOM_SPRITE</Type>               
	<File>MOD_ROOT/dia_sl_BRC2a.png</File> 
</GameDBAsset>

<GameDBAsset ID="ASSET_ONC_SYM_ICON_240">   
	<Type>TEXTURE_CUSTOM_SPRITE</Type>               
	<File>MOD_ROOT/dia_sl_BRC2b.png</File> 
</GameDBAsset>

<GameDBAsset ID="ASSET_ONC_SYM_ICON_241">   
	<Type>TEXTURE_CUSTOM_SPRITE</Type>               
	<File>MOD_ROOT/dia_sl_BRC3a.png</File> 
</GameDBAsset>

<GameDBAsset ID="ASSET_ONC_SYM_ICON_242">   
	<Type>TEXTURE_CUSTOM_SPRITE</Type>               
	<File>MOD_ROOT/dia_sl_BRC3b.png</File> 
</GameDBAsset>

<GameDBAsset ID="ASSET_ONC_SYM_ICON_243">   
	<Type>TEXTURE_CUSTOM_SPRITE</Type>               
	<File>MOD_ROOT/dia_sl_BRC4a.png</File> 
</GameDBAsset>

<GameDBAsset ID="ASSET_ONC_SYM_ICON_244">   
	<Type>TEXTURE_CUSTOM_SPRITE</Type>               
	<File>MOD_ROOT/dia_sl_BRC4b.png</File> 
</GameDBAsset>

<!-- Hormones -->
<GameDBAsset ID="ASSET_ONC_SYM_ICON_257">   
	<Type>TEXTURE_CUSTOM_SPRITE</Type>               
	<File>MOD_ROOT/sym_sl_estrogen1a.png</File> 
</GameDBAsset>

<GameDBAsset ID="ASSET_ONC_SYM_ICON_258">   
	<Type>TEXTURE_CUSTOM_SPRITE</Type>               
	<File>MOD_ROOT/sym_sl_estrogen1b.png</File> 
</GameDBAsset>

<GameDBAsset ID="ASSET_ONC_SYM_ICON_259">   
	<Type>TEXTURE_CUSTOM_SPRITE</Type>               
	<File>MOD_ROOT/sym_sl_progesterone1a.png</File> 
</GameDBAsset>

<GameDBAsset ID="ASSET_ONC_SYM_ICON_260">   
	<Type>TEXTURE_CUSTOM_SPRITE</Type>               
	<File>MOD_ROOT/sym_sl_progesterone1b.png</File> 
</GameDBAsset>

<GameDBAsset ID="ASSET_ONC_SYM_ICON_261">   
	<Type>TEXTURE_CUSTOM_SPRITE</Type>               
	<File>MOD_ROOT/sym_sl_progesterone1a.png</File> 
</GameDBAsset>

<GameDBAsset ID="ASSET_ONC_SYM_ICON_262">   
	<Type>TEXTURE_CUSTOM_SPRITE</Type>               
	<File>MOD_ROOT/sym_sl_progesterone1b.png</File> 
</GameDBAsset>

<GameDBAsset ID="ASSET_ONC_SYM_ICON_265">   
	<Type>TEXTURE_CUSTOM_SPRITE</Type>               
	<File>MOD_ROOT/sym_sl_incont1a.png</File> 
</GameDBAsset>

<GameDBAsset ID="ASSET_ONC_SYM_ICON_266">   
	<Type>TEXTURE_CUSTOM_SPRITE</Type>               
	<File>MOD_ROOT/sym_sl_incont1b.png</File> 
</GameDBAsset>

<!-- Brain Icons -->
<GameDBAsset ID="ASSET_ONC_SYM_ICON_267">   
	<Type>TEXTURE_CUSTOM_SPRITE</Type>               
	<File>MOD_ROOT/dia_sl_brain1a.png</File> 
</GameDBAsset>

<GameDBAsset ID="ASSET_ONC_SYM_ICON_268">   
	<Type>TEXTURE_CUSTOM_SPRITE</Type>               
	<File>MOD_ROOT/dia_sl_brain1b.png</File> 
</GameDBAsset>

<GameDBAsset ID="ASSET_ONC_SYM_ICON_269">   
	<Type>TEXTURE_CUSTOM_SPRITE</Type>               
	<File>MOD_ROOT/dia_sl_brain2a.png</File> 
</GameDBAsset>

<GameDBAsset ID="ASSET_ONC_SYM_ICON_270">   
	<Type>TEXTURE_CUSTOM_SPRITE</Type>               
	<File>MOD_ROOT/dia_sl_brain2b.png</File> 
</GameDBAsset>

<GameDBAsset ID="ASSET_ONC_SYM_ICON_271">   
	<Type>TEXTURE_CUSTOM_SPRITE</Type>               
	<File>MOD_ROOT/dia_sl_brain3a.png</File> 
</GameDBAsset>

<GameDBAsset ID="ASSET_ONC_SYM_ICON_272">   
	<Type>TEXTURE_CUSTOM_SPRITE</Type>               
	<File>MOD_ROOT/dia_sl_brain3b.png</File> 
</GameDBAsset>

<GameDBAsset ID="ASSET_ONC_SYM_ICON_273">   
	<Type>TEXTURE_CUSTOM_SPRITE</Type>               
	<File>MOD_ROOT/dia_sl_brain4a.png</File> 
</GameDBAsset>

<GameDBAsset ID="ASSET_ONC_SYM_ICON_274">   
	<Type>TEXTURE_CUSTOM_SPRITE</Type>               
	<File>MOD_ROOT/dia_sl_brain4b.png</File> 
</GameDBAsset>

<GameDBAsset ID="ASSET_ONC_SYM_ICON_275">   
	<Type>TEXTURE_CUSTOM_SPRITE</Type>               
	<File>MOD_ROOT/dia_sl_brain5a.png</File> 
</GameDBAsset>

<GameDBAsset ID="ASSET_ONC_SYM_ICON_276">   
	<Type>TEXTURE_CUSTOM_SPRITE</Type>               
	<File>MOD_ROOT/dia_sl_brain5b.png</File> 
</GameDBAsset>

<GameDBAsset ID="ASSET_ONC_SYM_ICON_277">   
	<Type>TEXTURE_CUSTOM_SPRITE</Type>               
	<File>MOD_ROOT/sym_sl_brainPres1a.png</File> 
</GameDBAsset>

<GameDBAsset ID="ASSET_ONC_SYM_ICON_278">   
	<Type>TEXTURE_CUSTOM_SPRITE</Type>               
	<File>MOD_ROOT/sym_sl_brainPres1b.png</File> 
</GameDBAsset>

<GameDBAsset ID="ASSET_ONC_SYM_ICON_279">   
	<Type>TEXTURE_CUSTOM_SPRITE</Type>               
	<File>MOD_ROOT/sym_sl_brainWave1a.png</File> 
</GameDBAsset>

<GameDBAsset ID="ASSET_ONC_SYM_ICON_280">   
	<Type>TEXTURE_CUSTOM_SPRITE</Type>               
	<File>MOD_ROOT/sym_sl_brainWave1b.png</File> 
</GameDBAsset>

<GameDBAsset ID="ASSET_ONC_SYM_ICON_281">   
	<Type>TEXTURE_CUSTOM_SPRITE</Type>               
	<File>MOD_ROOT/sym_sl_chromoB1a.png</File> 
</GameDBAsset>

<GameDBAsset ID="ASSET_ONC_SYM_ICON_282">   
	<Type>TEXTURE_CUSTOM_SPRITE</Type>               
	<File>MOD_ROOT/sym_sl_chromoB1b.png</File> 
</GameDBAsset>

<GameDBAsset ID="ASSET_ONC_SYM_ICON_283">   
	<Type>TEXTURE_CUSTOM_SPRITE</Type>               
	<File>MOD_ROOT/sym_sl_tumour1a.png</File> 
</GameDBAsset>

<GameDBAsset ID="ASSET_ONC_SYM_ICON_284">   
	<Type>TEXTURE_CUSTOM_SPRITE</Type>               
	<File>MOD_ROOT/sym_sl_tumour1b.png</File> 
</GameDBAsset>

<GameDBAsset ID="ASSET_ONC_SYM_ICON_285">   
	<Type>TEXTURE_CUSTOM_SPRITE</Type>               
	<File>MOD_ROOT/sym_sl_cellsB1a.png</File> 
</GameDBAsset>

<GameDBAsset ID="ASSET_ONC_SYM_ICON_286">   
	<Type>TEXTURE_CUSTOM_SPRITE</Type>               
	<File>MOD_ROOT/sym_sl_cellsB1b.png</File> 
</GameDBAsset>

<GameDBAsset ID="ASSET_ONC_SYM_ICON_287">   
	<Type>TEXTURE_CUSTOM_SPRITE</Type>               
	<File>MOD_ROOT/sym_sl_brainDam1a.png</File> 
</GameDBAsset>

<GameDBAsset ID="ASSET_ONC_SYM_ICON_288">   
	<Type>TEXTURE_CUSTOM_SPRITE</Type>               
	<File>MOD_ROOT/sym_sl_brainDam1b.png</File> 
</GameDBAsset>

<GameDBAsset ID="ASSET_ONC_SYM_ICON_289">   
	<Type>TEXTURE_CUSTOM_SPRITE</Type>               
	<File>MOD_ROOT/sym_sl_brainstone1a.png</File> 
</GameDBAsset>

<GameDBAsset ID="ASSET_ONC_SYM_ICON_290">   
	<Type>TEXTURE_CUSTOM_SPRITE</Type>               
	<File>MOD_ROOT/sym_sl_brainstone1b.png</File> 
</GameDBAsset>

<GameDBAsset ID="ASSET_ONC_SYM_ICON_291">   
	<Type>TEXTURE_CUSTOM_SPRITE</Type>               
	<File>MOD_ROOT/sym_sl_speech1a.png</File> 
</GameDBAsset>

<GameDBAsset ID="ASSET_ONC_SYM_ICON_292">   
	<Type>TEXTURE_CUSTOM_SPRITE</Type>               
	<File>MOD_ROOT/sym_sl_speech1b.png</File> 
</GameDBAsset>

<GameDBAsset ID="ASSET_ONC_SYM_ICON_293">   
	<Type>TEXTURE_CUSTOM_SPRITE</Type>               
	<File>MOD_ROOT/sym_sl_microsy1a.png</File> 
</GameDBAsset>

<GameDBAsset ID="ASSET_ONC_SYM_ICON_294">   
	<Type>TEXTURE_CUSTOM_SPRITE</Type>               
	<File>MOD_ROOT/sym_sl_microsy1b.png</File> 
</GameDBAsset>

<GameDBAsset ID="ASSET_ONC_SYM_ICON_295">   
	<Type>TEXTURE_CUSTOM_SPRITE</Type>               
	<File>MOD_ROOT/sym_sl_chromoB2a.png</File> 
</GameDBAsset>

<GameDBAsset ID="ASSET_ONC_SYM_ICON_296">   
	<Type>TEXTURE_CUSTOM_SPRITE</Type>               
	<File>MOD_ROOT/sym_sl_chromoB2b.png</File> 
</GameDBAsset>

<GameDBAsset ID="ASSET_ONC_SYM_ICON_297">   
	<Type>TEXTURE_CUSTOM_SPRITE</Type>               
	<File>MOD_ROOT/sym_sl_chromoB3a.png</File> 
</GameDBAsset>

<GameDBAsset ID="ASSET_ONC_SYM_ICON_298">   
	<Type>TEXTURE_CUSTOM_SPRITE</Type>               
	<File>MOD_ROOT/sym_sl_chromoB3b.png</File> 
</GameDBAsset>

<GameDBAsset ID="ASSET_ONC_SYM_ICON_299">   
	<Type>TEXTURE_CUSTOM_SPRITE</Type>               
	<File>MOD_ROOT/sym_sl_chromoB4a.png</File> 
</GameDBAsset>

<GameDBAsset ID="ASSET_ONC_SYM_ICON_300">   
	<Type>TEXTURE_CUSTOM_SPRITE</Type>               
	<File>MOD_ROOT/sym_sl_chromoB4b.png</File> 
</GameDBAsset>

<GameDBAsset ID="ASSET_ONC_SYM_ICON_303">   
	<Type>TEXTURE_CUSTOM_SPRITE</Type>               
	<File>MOD_ROOT/sym_sl_ICPain1a.png</File> 
</GameDBAsset>

<GameDBAsset ID="ASSET_ONC_SYM_ICON_304">   
	<Type>TEXTURE_CUSTOM_SPRITE</Type>               
	<File>MOD_ROOT/sym_sl_ICPain1b.png</File> 
</GameDBAsset>

<GameDBAsset ID="ASSET_ONC_SYM_ICON_305">   
	<Type>TEXTURE_CUSTOM_SPRITE</Type>               
	<File>MOD_ROOT/sym_sl_antigen5a.png</File> 
</GameDBAsset>

<GameDBAsset ID="ASSET_ONC_SYM_ICON_306">   
	<Type>TEXTURE_CUSTOM_SPRITE</Type>               
	<File>MOD_ROOT/sym_sl_antigen5b.png</File> 
</GameDBAsset>

<!-- Ovarian Icons -->
<GameDBAsset ID="ASSET_ONC_SYM_ICON_307">   
	<Type>TEXTURE_CUSTOM_SPRITE</Type>               
	<File>MOD_ROOT/dia_sl_OVA1a.png</File> 
</GameDBAsset>

<GameDBAsset ID="ASSET_ONC_SYM_ICON_308">   
	<Type>TEXTURE_CUSTOM_SPRITE</Type>               
	<File>MOD_ROOT/dia_sl_OVA1b.png</File> 
</GameDBAsset>

<GameDBAsset ID="ASSET_ONC_SYM_ICON_309">   
	<Type>TEXTURE_CUSTOM_SPRITE</Type>               
	<File>MOD_ROOT/dia_sl_OVA2a.png</File> 
</GameDBAsset>

<GameDBAsset ID="ASSET_ONC_SYM_ICON_310">   
	<Type>TEXTURE_CUSTOM_SPRITE</Type>               
	<File>MOD_ROOT/dia_sl_OVA2b.png</File> 
</GameDBAsset>

<GameDBAsset ID="ASSET_ONC_SYM_ICON_311">   
	<Type>TEXTURE_CUSTOM_SPRITE</Type>               
	<File>MOD_ROOT/dia_sl_OVA3a.png</File> 
</GameDBAsset>

<GameDBAsset ID="ASSET_ONC_SYM_ICON_312">   
	<Type>TEXTURE_CUSTOM_SPRITE</Type>               
	<File>MOD_ROOT/dia_sl_OVA3b.png</File> 
</GameDBAsset>

<GameDBAsset ID="ASSET_ONC_SYM_ICON_313">   
	<Type>TEXTURE_CUSTOM_SPRITE</Type>               
	<File>MOD_ROOT/dia_sl_OVA4a.png</File> 
</GameDBAsset>

<GameDBAsset ID="ASSET_ONC_SYM_ICON_314">   
	<Type>TEXTURE_CUSTOM_SPRITE</Type>               
	<File>MOD_ROOT/dia_sl_OVA4b.png</File> 
</GameDBAsset>

<!-- Uterine Icons -->
<GameDBAsset ID="ASSET_ONC_SYM_ICON_315">   
	<Type>TEXTURE_CUSTOM_SPRITE</Type>               
	<File>MOD_ROOT/dia_sl_uter1a.png</File> 
</GameDBAsset>

<GameDBAsset ID="ASSET_ONC_SYM_ICON_316">   
	<Type>TEXTURE_CUSTOM_SPRITE</Type>               
	<File>MOD_ROOT/dia_sl_uter1b.png</File> 
</GameDBAsset>

<GameDBAsset ID="ASSET_ONC_SYM_ICON_317">   
	<Type>TEXTURE_CUSTOM_SPRITE</Type>               
	<File>MOD_ROOT/dia_sl_uter2a.png</File> 
</GameDBAsset>

<GameDBAsset ID="ASSET_ONC_SYM_ICON_318">   
	<Type>TEXTURE_CUSTOM_SPRITE</Type>               
	<File>MOD_ROOT/dia_sl_uter2b.png</File> 
</GameDBAsset>

<GameDBAsset ID="ASSET_ONC_SYM_ICON_319">   
	<Type>TEXTURE_CUSTOM_SPRITE</Type>               
	<File>MOD_ROOT/sym_sl_fefull1a.png</File> 
</GameDBAsset>

<GameDBAsset ID="ASSET_ONC_SYM_ICON_320">   
	<Type>TEXTURE_CUSTOM_SPRITE</Type>               
	<File>MOD_ROOT/sym_sl_fefull1b.png</File> 
</GameDBAsset>

<GameDBAsset ID="ASSET_ONC_SYM_ICON_321">   
	<Type>TEXTURE_CUSTOM_SPRITE</Type>               
	<File>MOD_ROOT/sym_sl_menstruChange1a.png</File> 
</GameDBAsset>

<GameDBAsset ID="ASSET_ONC_SYM_ICON_322">   
	<Type>TEXTURE_CUSTOM_SPRITE</Type>               
	<File>MOD_ROOT/sym_sl_menstruChange1b.png</File> 
</GameDBAsset>

<GameDBAsset ID="ASSET_ONC_SYM_ICON_323">   
	<Type>TEXTURE_CUSTOM_SPRITE</Type>               
	<File>MOD_ROOT/sym_sl_menstruChange2a.png</File> 
</GameDBAsset>

<GameDBAsset ID="ASSET_ONC_SYM_ICON_324">   
	<Type>TEXTURE_CUSTOM_SPRITE</Type>               
	<File>MOD_ROOT/sym_sl_menstruChange2b.png</File> 
</GameDBAsset>

<GameDBAsset ID="ASSET_ONC_SYM_ICON_325">   
	<Type>TEXTURE_CUSTOM_SPRITE</Type>               
	<File>MOD_ROOT/sym_sl_chromoB6a.png</File> 
</GameDBAsset>

<GameDBAsset ID="ASSET_ONC_SYM_ICON_326">   
	<Type>TEXTURE_CUSTOM_SPRITE</Type>               
	<File>MOD_ROOT/sym_sl_chromoB6b.png</File> 
</GameDBAsset>

<GameDBAsset ID="ASSET_ONC_SYM_ICON_327">   
	<Type>TEXTURE_CUSTOM_SPRITE</Type>               
	<File>MOD_ROOT/sym_sl_ovacyst1a.png</File> 
</GameDBAsset>

<GameDBAsset ID="ASSET_ONC_SYM_ICON_328">   
	<Type>TEXTURE_CUSTOM_SPRITE</Type>               
	<File>MOD_ROOT/sym_sl_ovacyst1b.png</File> 
</GameDBAsset>

<GameDBAsset ID="ASSET_ONC_SYM_ICON_329">   
	<Type>TEXTURE_CUSTOM_SPRITE</Type>               
	<File>MOD_ROOT/sym_sl_micInva1a.png</File> 
</GameDBAsset>

<GameDBAsset ID="ASSET_ONC_SYM_ICON_330">   
	<Type>TEXTURE_CUSTOM_SPRITE</Type>               
	<File>MOD_ROOT/sym_sl_micInva1b.png</File> 
</GameDBAsset>

<GameDBAsset ID="ASSET_ONC_SYM_ICON_331">   
	<Type>TEXTURE_CUSTOM_SPRITE</Type>               
	<File>MOD_ROOT/sym_sl_Psammoma1a.png</File> 
</GameDBAsset>

<GameDBAsset ID="ASSET_ONC_SYM_ICON_332">   
	<Type>TEXTURE_CUSTOM_SPRITE</Type>               
	<File>MOD_ROOT/sym_sl_Psammoma1b.png</File> 
</GameDBAsset>

<GameDBAsset ID="ASSET_ONC_SYM_ICON_333">   
	<Type>TEXTURE_CUSTOM_SPRITE</Type>               
	<File>MOD_ROOT/sym_sl_ascites1a.png</File> 
</GameDBAsset>

<GameDBAsset ID="ASSET_ONC_SYM_ICON_334">   
	<Type>TEXTURE_CUSTOM_SPRITE</Type>               
	<File>MOD_ROOT/sym_sl_ascites1b.png</File> 
</GameDBAsset>

<GameDBAsset ID="ASSET_ONC_SYM_ICON_335">   
	<Type>TEXTURE_CUSTOM_SPRITE</Type>               
	<File>MOD_ROOT/sym_sl_WaterOnLung1a.png</File> 
</GameDBAsset>

<GameDBAsset ID="ASSET_ONC_SYM_ICON_336">   
	<Type>TEXTURE_CUSTOM_SPRITE</Type>               
	<File>MOD_ROOT/sym_sl_WaterOnLung1b.png</File> 
</GameDBAsset>

<GameDBAsset ID="ASSET_ONC_SYM_ICON_337">   
	<Type>TEXTURE_CUSTOM_SPRITE</Type>               
	<File>MOD_ROOT/sym_sl_psaAG1a.png</File> 
</GameDBAsset>

<GameDBAsset ID="ASSET_ONC_SYM_ICON_338">   
	<Type>TEXTURE_CUSTOM_SPRITE</Type>               
	<File>MOD_ROOT/sym_sl_psaAG1b.png</File> 
</GameDBAsset>

<GameDBAsset ID="ASSET_ONC_SYM_ICON_339">   
	<Type>TEXTURE_CUSTOM_SPRITE</Type>               
	<File>MOD_ROOT/dia_sl_prostate1a.png</File> 
</GameDBAsset>

<GameDBAsset ID="ASSET_ONC_SYM_ICON_340">   
	<Type>TEXTURE_CUSTOM_SPRITE</Type>               
	<File>MOD_ROOT/dia_sl_prostate1b.png</File> 
</GameDBAsset>

<GameDBAsset ID="ASSET_ONC_SYM_ICON_341">   
	<Type>TEXTURE_CUSTOM_SPRITE</Type>               
	<File>MOD_ROOT/sym_sl_hardurine1a.png</File> 
</GameDBAsset>

<GameDBAsset ID="ASSET_ONC_SYM_ICON_342">   
	<Type>TEXTURE_CUSTOM_SPRITE</Type>               
	<File>MOD_ROOT/sym_sl_hardurine1b.png</File> 
</GameDBAsset>

<GameDBAsset ID="ASSET_ONC_SYM_ICON_343">   
	<Type>TEXTURE_CUSTOM_SPRITE</Type>               
	<File>MOD_ROOT/sym_sl_painfulsx1a.png</File> 
</GameDBAsset>

<GameDBAsset ID="ASSET_ONC_SYM_ICON_344">   
	<Type>TEXTURE_CUSTOM_SPRITE</Type>               
	<File>MOD_ROOT/sym_sl_painfulsx1b.png</File> 
</GameDBAsset>

<GameDBAsset ID="ASSET_ONC_SYM_ICON_345">   
	<Type>TEXTURE_CUSTOM_SPRITE</Type>               
	<File>MOD_ROOT/sym_sl_sleepurine1a.png</File> 
</GameDBAsset>

<GameDBAsset ID="ASSET_ONC_SYM_ICON_346">   
	<Type>TEXTURE_CUSTOM_SPRITE</Type>               
	<File>MOD_ROOT/sym_sl_sleepurine1b.png</File> 
</GameDBAsset>

<GameDBAsset ID="ASSET_ONC_SYM_ICON_347">   
	<Type>TEXTURE_CUSTOM_SPRITE</Type>               
	<File>MOD_ROOT/sym_sl_antigen6a.png</File> 
</GameDBAsset>

<GameDBAsset ID="ASSET_ONC_SYM_ICON_348">   
	<Type>TEXTURE_CUSTOM_SPRITE</Type>               
	<File>MOD_ROOT/sym_sl_antigen6b.png</File> 
</GameDBAsset>

<GameDBAsset ID="ASSET_ONC_SYM_ICON_349">   
	<Type>TEXTURE_CUSTOM_SPRITE</Type>               
	<File>MOD_ROOT/sym_sl_ed1a.png</File> 
</GameDBAsset>

<GameDBAsset ID="ASSET_ONC_SYM_ICON_350">   
	<Type>TEXTURE_CUSTOM_SPRITE</Type>               
	<File>MOD_ROOT/sym_sl_ed1b.png</File> 
</GameDBAsset>

<GameDBAsset ID="ASSET_ONC_SYM_ICON_351">   
	<Type>TEXTURE_CUSTOM_SPRITE</Type>               
	<File>MOD_ROOT/sym_sl_Hematospermia1a.png</File> 
</GameDBAsset>

<GameDBAsset ID="ASSET_ONC_SYM_ICON_352">   
	<Type>TEXTURE_CUSTOM_SPRITE</Type>               
	<File>MOD_ROOT/sym_sl_Hematospermia1b.png</File> 
</GameDBAsset>

<!-- Lymphoma Specific  -->
<GameDBAsset ID="ASSET_ONC_SYM_ICON_353"><!-- Used  -->   
	<Type>TEXTURE_CUSTOM_SPRITE</Type>               
	<File>MOD_ROOT/dia_sl_lymphoma1a.png</File> 
</GameDBAsset>

<GameDBAsset ID="ASSET_ONC_SYM_ICON_354">   
	<Type>TEXTURE_CUSTOM_SPRITE</Type>               
	<File>MOD_ROOT/dia_sl_lymphoma1b.png</File> 
</GameDBAsset>

<GameDBAsset ID="ASSET_ONC_SYM_ICON_355"><!-- Used  -->  
	<Type>TEXTURE_CUSTOM_SPRITE</Type>               
	<File>MOD_ROOT/dia_sl_lymphoma2a.png</File> 
</GameDBAsset>

<GameDBAsset ID="ASSET_ONC_SYM_ICON_356">   
	<Type>TEXTURE_CUSTOM_SPRITE</Type>               
	<File>MOD_ROOT/dia_sl_lymphoma2b.png</File> 
</GameDBAsset>

<GameDBAsset ID="ASSET_ONC_SYM_ICON_357"><!-- Used  -->     
	<Type>TEXTURE_CUSTOM_SPRITE</Type>               
	<File>MOD_ROOT/dia_sl_lymphoma3a.png</File> 
</GameDBAsset>

<GameDBAsset ID="ASSET_ONC_SYM_ICON_358">   
	<Type>TEXTURE_CUSTOM_SPRITE</Type>               
	<File>MOD_ROOT/dia_sl_lymphoma3b.png</File> 
</GameDBAsset>

<GameDBAsset ID="ASSET_ONC_SYM_ICON_359">   
	<Type>TEXTURE_CUSTOM_SPRITE</Type>               
	<File>MOD_ROOT/dia_sl_lymphoma4a.png</File> 
</GameDBAsset>

<GameDBAsset ID="ASSET_ONC_SYM_ICON_360">   
	<Type>TEXTURE_CUSTOM_SPRITE</Type>               
	<File>MOD_ROOT/dia_sl_lymphoma4b.png</File> 
</GameDBAsset>

<GameDBAsset ID="ASSET_ONC_SYM_ICON_361">   
	<Type>TEXTURE_CUSTOM_SPRITE</Type>               
	<File>MOD_ROOT/dia_sl_lymphoma5a.png</File> 
</GameDBAsset>

<GameDBAsset ID="ASSET_ONC_SYM_ICON_362">   
	<Type>TEXTURE_CUSTOM_SPRITE</Type>               
	<File>MOD_ROOT/dia_sl_lymphoma5b.png</File> 
</GameDBAsset>

<GameDBAsset ID="ASSET_ONC_SYM_ICON_363">   
	<Type>TEXTURE_CUSTOM_SPRITE</Type>               
	<File>MOD_ROOT/sym_sl_growthp1a.png</File> 
</GameDBAsset>

<GameDBAsset ID="ASSET_ONC_SYM_ICON_364">   
	<Type>TEXTURE_CUSTOM_SPRITE</Type>               
	<File>MOD_ROOT/sym_sl_growthp1b.png</File> 
</GameDBAsset>

<GameDBAsset ID="ASSET_ONC_SYM_ICON_365">   
	<Type>TEXTURE_CUSTOM_SPRITE</Type>               
	<File>MOD_ROOT/dia_sl_merkel1a.png</File> 
</GameDBAsset>

<GameDBAsset ID="ASSET_ONC_SYM_ICON_366">   
	<Type>TEXTURE_CUSTOM_SPRITE</Type>               
	<File>MOD_ROOT/dia_sl_merkel1b.png</File> 
</GameDBAsset>

<GameDBAsset ID="ASSET_ONC_SYM_ICON_367">   
	<Type>TEXTURE_CUSTOM_SPRITE</Type>               
	<File>MOD_ROOT/sym_sl_mcpF1a.png</File> 
</GameDBAsset>

<GameDBAsset ID="ASSET_ONC_SYM_ICON_368">   
	<Type>TEXTURE_CUSTOM_SPRITE</Type>               
	<File>MOD_ROOT/sym_sl_mcpF1b.png</File> 
</GameDBAsset>

<GameDBAsset ID="ASSET_ONC_SYM_ICON_369">   
	<Type>TEXTURE_CUSTOM_SPRITE</Type>               
	<File>MOD_ROOT/sym_sl_animo1a.png</File> 
</GameDBAsset>

<GameDBAsset ID="ASSET_ONC_SYM_ICON_370">   
	<Type>TEXTURE_CUSTOM_SPRITE</Type>               
	<File>MOD_ROOT/sym_sl_animo1b.png</File> 
</GameDBAsset>

<GameDBAsset ID="ASSET_ONC_SYM_ICON_371">   
	<Type>TEXTURE_CUSTOM_SPRITE</Type>               
	<File>MOD_ROOT/sym_sl_cellvisual1a.png</File> 
</GameDBAsset>

<GameDBAsset ID="ASSET_ONC_SYM_ICON_372">   
	<Type>TEXTURE_CUSTOM_SPRITE</Type>               
	<File>MOD_ROOT/sym_sl_cellvisual1b.png</File> 
</GameDBAsset>

<GameDBAsset ID="ASSET_ONC_SYM_ICON_373">   
	<Type>TEXTURE_CUSTOM_SPRITE</Type>               
	<File>MOD_ROOT/sym_sl_nkhomeobox1a.png</File> 
</GameDBAsset>

<GameDBAsset ID="ASSET_ONC_SYM_ICON_374">   
	<Type>TEXTURE_CUSTOM_SPRITE</Type>               
	<File>MOD_ROOT/sym_sl_nkhomeobox1b.png</File> 
</GameDBAsset>

<GameDBAsset ID="ASSET_ONC_SYM_ICON_375">   
	<Type>TEXTURE_CUSTOM_SPRITE</Type>               
	<File>MOD_ROOT/dia_slp_lc03_1a.png</File> 
</GameDBAsset>

<GameDBAsset ID="ASSET_ONC_SYM_ICON_376">   
	<Type>TEXTURE_CUSTOM_SPRITE</Type>               
	<File>MOD_ROOT/dia_slp_lc03_1b.png</File> 
</GameDBAsset>

<GameDBAsset ID="ASSET_ONC_SYM_ICON_377">   
	<Type>TEXTURE_CUSTOM_SPRITE</Type>               
	<File>MOD_ROOT/sym_sl_proteinA1a.png</File> 
</GameDBAsset>

<GameDBAsset ID="ASSET_ONC_SYM_ICON_378">   
	<Type>TEXTURE_CUSTOM_SPRITE</Type>               
	<File>MOD_ROOT/sym_sl_proteinA1b.png</File> 
</GameDBAsset>

<GameDBAsset ID="ASSET_ONC_SYM_ICON_379">   
	<Type>TEXTURE_CUSTOM_SPRITE</Type>               
	<File>MOD_ROOT/dia_slp_lc03_2a.png</File> 
</GameDBAsset>

<GameDBAsset ID="ASSET_ONC_SYM_ICON_380">   
	<Type>TEXTURE_CUSTOM_SPRITE</Type>               
	<File>MOD_ROOT/dia_slp_lc03_2b.png</File> 
</GameDBAsset>
	
<GameDBAsset ID="ASSET_ONC_SYM_ICON_381">   
	<Type>TEXTURE_CUSTOM_SPRITE</Type>               
	<File>MOD_ROOT/sym_sl_bone1a.png</File> 
</GameDBAsset>

<GameDBAsset ID="ASSET_ONC_SYM_ICON_382">   
	<Type>TEXTURE_CUSTOM_SPRITE</Type>               
	<File>MOD_ROOT/sym_sl_bone1b.png</File> 
</GameDBAsset>

<GameDBAsset ID="ASSET_ONC_SYM_ICON_383">   
	<Type>TEXTURE_CUSTOM_SPRITE</Type>               
	<File>MOD_ROOT/dia_sl_lc3a.png</File> 
</GameDBAsset>

<GameDBAsset ID="ASSET_ONC_SYM_ICON_384">   
	<Type>TEXTURE_CUSTOM_SPRITE</Type>               
	<File>MOD_ROOT/dia_sl_lc3b.png</File> 
</GameDBAsset>

<GameDBAsset ID="ASSET_ONC_SYM_ICON_385">   
	<Type>TEXTURE_CUSTOM_SPRITE</Type>               
	<File>MOD_ROOT/sym_sl_proteinA2a.png</File> 
</GameDBAsset>

<GameDBAsset ID="ASSET_ONC_SYM_ICON_386">   
	<Type>TEXTURE_CUSTOM_SPRITE</Type>               
	<File>MOD_ROOT/sym_sl_proteinA2b.png</File> 
</GameDBAsset>

<GameDBAsset ID="ASSET_ONC_SYM_ICON_387">   
	<Type>TEXTURE_CUSTOM_SPRITE</Type>               
	<File>MOD_ROOT/sym_sl_microsat1a.png</File> 
</GameDBAsset>

<GameDBAsset ID="ASSET_ONC_SYM_ICON_388">   
	<Type>TEXTURE_CUSTOM_SPRITE</Type>               
	<File>MOD_ROOT/sym_sl_microsat1b.png</File> 
</GameDBAsset>

<GameDBAsset ID="ASSET_ONC_SYM_ICON_389">   
	<Type>TEXTURE_CUSTOM_SPRITE</Type>               
	<File>MOD_ROOT/sym_sl_spot1a.png</File> 
</GameDBAsset>

<GameDBAsset ID="ASSET_ONC_SYM_ICON_390">   
	<Type>TEXTURE_CUSTOM_SPRITE</Type>               
	<File>MOD_ROOT/sym_sl_spot1b.png</File> 
</GameDBAsset>

<GameDBAsset ID="ASSET_ONC_SYM_ICON_391">   
	<Type>TEXTURE_CUSTOM_SPRITE</Type>               
	<File>MOD_ROOT/sym_sl_gene1a.png</File> 
</GameDBAsset>

<GameDBAsset ID="ASSET_ONC_SYM_ICON_392">   
	<Type>TEXTURE_CUSTOM_SPRITE</Type>               
	<File>MOD_ROOT/sym_sl_gene1b.png</File> 
</GameDBAsset>

<GameDBAsset ID="ASSET_ONC_SYM_ICON_393">   
	<Type>TEXTURE_CUSTOM_SPRITE</Type>               
	<File>MOD_ROOT/sym_sl_signet1a.png</File> 
</GameDBAsset>

<GameDBAsset ID="ASSET_ONC_SYM_ICON_394">   
	<Type>TEXTURE_CUSTOM_SPRITE</Type>               
	<File>MOD_ROOT/sym_sl_signet1b.png</File> 
</GameDBAsset>

<GameDBAsset ID="ASSET_ONC_SYM_ICON_395">   
	<Type>TEXTURE_CUSTOM_SPRITE</Type>               
	<File>MOD_ROOT/sym_sl_colonfind1a.png</File> 
</GameDBAsset>

<GameDBAsset ID="ASSET_ONC_SYM_ICON_396">   
	<Type>TEXTURE_CUSTOM_SPRITE</Type>               
	<File>MOD_ROOT/sym_sl_colonfind1b.png</File> 
</GameDBAsset>

<GameDBAsset ID="ASSET_ONC_SYM_ICON_397">   
	<Type>TEXTURE_CUSTOM_SPRITE</Type>               
	<File>MOD_ROOT/sym_sl_mucin1a.png</File> 
</GameDBAsset>

<GameDBAsset ID="ASSET_ONC_SYM_ICON_398">   
	<Type>TEXTURE_CUSTOM_SPRITE</Type>               
	<File>MOD_ROOT/sym_sl_mucin1b.png</File> 
</GameDBAsset>

<GameDBAsset ID="ASSET_ONC_SYM_ICON_399">   
	<Type>TEXTURE_CUSTOM_SPRITE</Type>               
	<File>MOD_ROOT/sym_sl_mucin2a.png</File> 
</GameDBAsset>

<GameDBAsset ID="ASSET_ONC_SYM_ICON_400">   
	<Type>TEXTURE_CUSTOM_SPRITE</Type>               
	<File>MOD_ROOT/sym_sl_mucin2b.png</File> 
</GameDBAsset>

<GameDBAsset ID="ASSET_ONC_SYM_ICON_401">   
	<Type>TEXTURE_CUSTOM_SPRITE</Type>               
	<File>MOD_ROOT/sym_sl_mucin3a.png</File> 
</GameDBAsset>

<GameDBAsset ID="ASSET_ONC_SYM_ICON_402">   
	<Type>TEXTURE_CUSTOM_SPRITE</Type>               
	<File>MOD_ROOT/sym_sl_mucin3b.png</File> 
</GameDBAsset>

<GameDBAsset ID="ASSET_ONC_SYM_ICON_403">   
	<Type>TEXTURE_CUSTOM_SPRITE</Type>               
	<File>MOD_ROOT/sym_sl_mucin4a.png</File> 
</GameDBAsset>

<GameDBAsset ID="ASSET_ONC_SYM_ICON_404">   
	<Type>TEXTURE_CUSTOM_SPRITE</Type>               
	<File>MOD_ROOT/sym_sl_mucin4b.png</File> 
</GameDBAsset>

<GameDBAsset ID="ASSET_ONC_SYM_ICON_405">   
	<Type>TEXTURE_CUSTOM_SPRITE</Type>               
	<File>MOD_ROOT/sym_sl_cell1a.png</File> 
</GameDBAsset>

<GameDBAsset ID="ASSET_ONC_SYM_ICON_406">   
	<Type>TEXTURE_CUSTOM_SPRITE</Type>               
	<File>MOD_ROOT/sym_sl_cell1b.png</File> 
</GameDBAsset>

<GameDBAsset ID="ASSET_ONC_SYM_ICON_407">   
	<Type>TEXTURE_CUSTOM_SPRITE</Type>               
	<File>MOD_ROOT/sym_sl_cell2a.png</File> 
</GameDBAsset>

<GameDBAsset ID="ASSET_ONC_SYM_ICON_408">   
	<Type>TEXTURE_CUSTOM_SPRITE</Type>               
	<File>MOD_ROOT/sym_sl_cell2b.png</File> 
</GameDBAsset>

<GameDBAsset ID="ASSET_ONC_SYM_ICON_409">   
	<Type>TEXTURE_CUSTOM_SPRITE</Type>               
	<File>MOD_ROOT/sym_sl_whitestool1a.png</File> 
</GameDBAsset>

<GameDBAsset ID="ASSET_ONC_SYM_ICON_410">   
	<Type>TEXTURE_CUSTOM_SPRITE</Type>               
	<File>MOD_ROOT/sym_sl_whitestool1b.png</File> 
</GameDBAsset>

<GameDBAsset ID="ASSET_ONC_SYM_ICON_411">   
	<Type>TEXTURE_CUSTOM_SPRITE</Type>               
	<File>MOD_ROOT/dia_sl_liv1a.png</File> 
</GameDBAsset>

<GameDBAsset ID="ASSET_ONC_SYM_ICON_412">   
	<Type>TEXTURE_CUSTOM_SPRITE</Type>               
	<File>MOD_ROOT/dia_sl_liv1b.png</File> 
</GameDBAsset>

<GameDBAsset ID="ASSET_ONC_SYM_ICON_413">   
	<Type>TEXTURE_CUSTOM_SPRITE</Type>               
	<File>MOD_ROOT/dia_sl_liv2a.png</File> 
</GameDBAsset>

<GameDBAsset ID="ASSET_ONC_SYM_ICON_414">   
	<Type>TEXTURE_CUSTOM_SPRITE</Type>               
	<File>MOD_ROOT/dia_sl_liv2b.png</File> 
</GameDBAsset>

<GameDBAsset ID="ASSET_ONC_SYM_ICON_415">   
	<Type>TEXTURE_CUSTOM_SPRITE</Type>               
	<File>MOD_ROOT/sym_sl_doctorform1a.png</File> 
</GameDBAsset>

<GameDBAsset ID="ASSET_ONC_SYM_ICON_416">   
	<Type>TEXTURE_CUSTOM_SPRITE</Type>               
	<File>MOD_ROOT/sym_sl_doctorform1b.png</File> 
</GameDBAsset>

<GameDBAsset ID="ASSET_ONC_SYM_ICON_417">   
	<Type>TEXTURE_CUSTOM_SPRITE</Type>               
	<File>MOD_ROOT/sym_sl_hepa1a.png</File> 
</GameDBAsset>

<GameDBAsset ID="ASSET_ONC_SYM_ICON_418">   
	<Type>TEXTURE_CUSTOM_SPRITE</Type>               
	<File>MOD_ROOT/sym_sl_hepa1b.png</File> 
</GameDBAsset>

<GameDBAsset ID="ASSET_ONC_SYM_ICON_419">   
	<Type>TEXTURE_CUSTOM_SPRITE</Type>               
	<File>MOD_ROOT/dia_sl_liv3a.png</File> 
</GameDBAsset>

<GameDBAsset ID="ASSET_ONC_SYM_ICON_420">   
	<Type>TEXTURE_CUSTOM_SPRITE</Type>               
	<File>MOD_ROOT/dia_sl_liv3b.png</File> 
</GameDBAsset>

<GameDBAsset ID="ASSET_ONC_SYM_ICON_421">   
	<Type>TEXTURE_CUSTOM_SPRITE</Type>               
	<File>MOD_ROOT/sym_sl_afp1a.png</File> 
</GameDBAsset>

<GameDBAsset ID="ASSET_ONC_SYM_ICON_422">   
	<Type>TEXTURE_CUSTOM_SPRITE</Type>               
	<File>MOD_ROOT/sym_sl_afp1b.png</File> 
</GameDBAsset>

<GameDBAsset ID="ASSET_ONC_SYM_ICON_423">   
	<Type>TEXTURE_CUSTOM_SPRITE</Type>               
	<File>MOD_ROOT/sym_sl_abnormal1a.png</File> 
</GameDBAsset>

<GameDBAsset ID="ASSET_ONC_SYM_ICON_424">   
	<Type>TEXTURE_CUSTOM_SPRITE</Type>               
	<File>MOD_ROOT/sym_sl_abnormal1b.png</File> 
</GameDBAsset>

<GameDBAsset ID="ASSET_ONC_SYM_ICON_425">   
	<Type>TEXTURE_CUSTOM_SPRITE</Type>               
	<File>MOD_ROOT/sym_sl_liverfail1a.png</File> 
</GameDBAsset>

<GameDBAsset ID="ASSET_ONC_SYM_ICON_426">   
	<Type>TEXTURE_CUSTOM_SPRITE</Type>               
	<File>MOD_ROOT/sym_sl_liverfail1b.png</File> 
</GameDBAsset>

<GameDBAsset ID="ASSET_ONC_SYM_ICON_427">   
	<Type>TEXTURE_CUSTOM_SPRITE</Type>               
	<File>MOD_ROOT/sym_sl_liverreject1a.png</File> 
</GameDBAsset>

<GameDBAsset ID="ASSET_ONC_SYM_ICON_428">   
	<Type>TEXTURE_CUSTOM_SPRITE</Type>               
	<File>MOD_ROOT/sym_sl_liverreject1b.png</File> 
</GameDBAsset>

<GameDBAsset ID="ASSET_ONC_SYM_ICON_429">   
	<Type>TEXTURE_CUSTOM_SPRITE</Type>               
	<File>MOD_ROOT/sym_sl_internalbleed1a.png</File> 
</GameDBAsset>

<GameDBAsset ID="ASSET_ONC_SYM_ICON_430">   
	<Type>TEXTURE_CUSTOM_SPRITE</Type>               
	<File>MOD_ROOT/sym_sl_internalbleed1b.png</File> 
</GameDBAsset>

<GameDBAsset ID="ASSET_ONC_SYM_ICON_431">   
	<Type>TEXTURE_CUSTOM_SPRITE</Type>               
	<File>MOD_ROOT/sym_sl_hemo1a.png</File> 
</GameDBAsset>

<GameDBAsset ID="ASSET_ONC_SYM_ICON_432">   
	<Type>TEXTURE_CUSTOM_SPRITE</Type>               
	<File>MOD_ROOT/sym_sl_hemo1b.png</File> 
</GameDBAsset>

<GameDBAsset ID="ASSET_ONC_SYM_ICON_433">   
	<Type>TEXTURE_CUSTOM_SPRITE</Type>               
	<File>MOD_ROOT/sym_sl_rupture1a.png</File> 
</GameDBAsset>

<GameDBAsset ID="ASSET_ONC_SYM_ICON_434">   
	<Type>TEXTURE_CUSTOM_SPRITE</Type>               
	<File>MOD_ROOT/sym_sl_rupture1b.png</File> 
</GameDBAsset>

<GameDBAsset ID="ASSET_ONC_SYM_ICON_435">   
	<Type>TEXTURE_CUSTOM_SPRITE</Type>               
	<File>MOD_ROOT/dia_sl_ora001a.png</File> 
</GameDBAsset>

<GameDBAsset ID="ASSET_ONC_SYM_ICON_436">   
	<Type>TEXTURE_CUSTOM_SPRITE</Type>               
	<File>MOD_ROOT/dia_sl_ora001b.png</File> 
</GameDBAsset>

<GameDBAsset ID="ASSET_ONC_SYM_ICON_437">   
	<Type>TEXTURE_CUSTOM_SPRITE</Type>               
	<File>MOD_ROOT/sym_sl_nerve1a.png</File> 
</GameDBAsset>

<GameDBAsset ID="ASSET_ONC_SYM_ICON_438">   
	<Type>TEXTURE_CUSTOM_SPRITE</Type>               
	<File>MOD_ROOT/sym_sl_nerve1b.png</File> 
</GameDBAsset>

<GameDBAsset ID="ASSET_ONC_SYM_ICON_439">   
	<Type>TEXTURE_CUSTOM_SPRITE</Type>               
	<File>MOD_ROOT/sym_sl_Dysplasia1a.png</File> 
</GameDBAsset>

<GameDBAsset ID="ASSET_ONC_SYM_ICON_440">   
	<Type>TEXTURE_CUSTOM_SPRITE</Type>               
	<File>MOD_ROOT/sym_sl_Dysplasia1b.png</File> 
</GameDBAsset>

<GameDBAsset ID="ASSET_ONC_SYM_ICON_441">   
	<Type>TEXTURE_CUSTOM_SPRITE</Type>               
	<File>MOD_ROOT/sym_sl_highcellc1a.png</File> 
</GameDBAsset>

<GameDBAsset ID="ASSET_ONC_SYM_ICON_442">   
	<Type>TEXTURE_CUSTOM_SPRITE</Type>               
	<File>MOD_ROOT/sym_sl_highcellc1b.png</File> 
</GameDBAsset>

<!-- 
### Prefabs layout ### 
This section handles adding my custom prefab layouts to the game. -->

<GameDBAsset ID="ASSET_PREFAB_OT_INPATIENT_ONCO_OFFICE_SMALL">         
    <Type>PREFAB</Type>       
    <File>MOD_ROOT/room_inpatient_onco_office.xml</File> 
</GameDBAsset>

<GameDBAsset ID="ASSET_OR_PREFAB_ONCO_OFFICE_SMALL">   
	<Type>TEXTURE_CUSTOM_PREFAB_SPRITE</Type>               
	<File>MOD_ROOT/mod_prefab_or_onco_office_small.png</File> 
</GameDBAsset>

<GameDBAsset ID="ASSET_PREFAB_OT_INPATIENT_ONCO_OFFICE_LARGE">         
    <Type>PREFAB</Type>       
    <File>MOD_ROOT/room_inpatient_onco_office_small.xml</File> 
</GameDBAsset>

<GameDBAsset ID="ASSET_OR_PREFAB_ONCO_OFFICE_LARGE">   
	<Type>TEXTURE_CUSTOM_PREFAB_SPRITE</Type>               
	<File>MOD_ROOT/mod_prefab_or_onco_office_large.png</File> 
</GameDBAsset>

</Database>