<Database>
	<!-- Oncology Mod by Sleepy068 -->
	<GameDBStringTable ID="LOC_EN_ADDON_ONCOLOGYSL_SYMPTOMS">
	<LanguageCode>de</LanguageCode>
	<LanguageNameLocalized>Deutsch</LanguageNameLocalized>
	<Contributors>
	<Name>Mr. Noobinger</Name>
	</Contributors>

	<LocalizedStrings>
	<!-- ======================================== -->
	<!-- ============= Core Content ============= -->
	<!-- ======================================== -->
	<GameDBLocalizedString>      
		<LocID>SYM_SLP_NERVE_DAMAGE</LocID>                               
		<Text>Postoperative neuropathische Schmerzen</Text>  
	</GameDBLocalizedString>
            
	<GameDBLocalizedString>      
		<LocID>SYM_SLP_NERVE_DAMAGE_DESC</LocID>                   
		<Text>Postoperative neuropathische Schmerzen (PONP) können entstehen, wenn die Nerven während einer Operation beschädigt wurden. Beschädigte Nerven können Signale aus verschiedenen Körperteilen nicht korrekt an das Gehirn weiterleiten. Stattdessen werden diese Signale übertrieben und verursachen chronische Schmerzen, die über Monate oder sogar Jahre anhalten können.</Text>  
	</GameDBLocalizedString>
	
	<GameDBLocalizedString>    
		<LocID>SYM_SLP_LES_RUPTURE</LocID>                               
		<Text>Ruptur einer Läsion</Text>  
	</GameDBLocalizedString>
	
	<GameDBLocalizedString>     
		<LocID>SYM_SLP_LES_RUPTURE_DESC</LocID>                               
		<Text>Eine Läsion oder ein Tumor im Inneren des Patienten ist geplatzt. Dies ist mit lebensbedrohlichen inneren Blutungen verbunden.</Text>  
	</GameDBLocalizedString>
	
	<GameDBLocalizedString>      
		<LocID>SYM_SLP_HEMOPTYSIS2</LocID>                               
		<Text>Schwere Hämoptyse</Text>  
	</GameDBLocalizedString>
            
	<GameDBLocalizedString>      
		<LocID>SYM_SLP_HEMOPTYSIS2_DESC</LocID>                   
		<Text>Hämoptyse ist das Abhusten von Blut oder blutigem Schleim aus den Bronchien, dem Kehlkopf, der Luftröhre oder der Lunge. Mit anderen Worten, es handelt sich um eine Blutung der Atemwege. Dies kann bei Lungenkrebs, Infektionen wie Tuberkulose, Bronchitis oder Lungenentzündung sowie bei bestimmten Herz-Kreislauf-Erkrankungen auftreten.</Text>  
	</GameDBLocalizedString>
	
	<GameDBLocalizedString>      
		<LocID>SYM_SLP_SPLENOMEGALY</LocID>                               
		<Text>Splenomegalie</Text>  
	</GameDBLocalizedString>
            
	<GameDBLocalizedString>      
		<LocID>SYM_SLP_SPLENOMEGALY_DESC</LocID>                   
		<Text>Splenomegalie ist ein Zustand, bei dem sich die Milz vergrößert. Sie wird auch als vergrößerte Milz oder Milzvergrößerung bezeichnet.</Text>  
	</GameDBLocalizedString>
	
	<GameDBLocalizedString>      
		<LocID>SYM_SLP_RUP_SPLENOMEGALY</LocID>                               
		<Text>Milzriss</Text>  
	</GameDBLocalizedString>
            
	<GameDBLocalizedString>      
		<LocID>SYM_SLP_RUP_SPLENOMEGALY_DESC</LocID>                   
		<Text>Ein Milzriss ist ein medizinischer Notfall, der auftritt, wenn die kapselartige Hülle der Milz aufbricht und Blut in den Bauchraum fließt. Je nach Größe des Risses kann es zu einer großen Menge an inneren Blutungen kommen.</Text>  
	</GameDBLocalizedString>
	
	<GameDBLocalizedString>      
		<LocID>SYM_SLP_HYPERCALCEMIA</LocID>                               
		<Text>Hyperkalzämie</Text>  
	</GameDBLocalizedString>
            
	<GameDBLocalizedString>      
		<LocID>SYM_SLP_HYPERCALCEMIA_DESC</LocID>                   
		<Text>Hyperkalzämie ist ein Zustand, bei dem der Kalziumspiegel im Blut über dem Normalwert liegt. Hyperkalzämie wird meist durch eine Überaktivität der vier winzigen Drüsen im Hals (Nebenschilddrüsen) oder durch Krebs verursacht. Zusätzliches Kalzium im Blut wirkt sich auf viele Körpersysteme aus.</Text>  
	</GameDBLocalizedString>
	
	<GameDBLocalizedString>      
		<LocID>SYM_SLP_SEVERE_HYPERCALCEMIA</LocID>                               
		<Text>Schwere Hyperkalzämie</Text>  
	</GameDBLocalizedString>
            
	<GameDBLocalizedString>      
		<LocID>SYM_SLP_SEVERE_HYPERCALCEMIA_DESC</LocID>                   
		<Text>Schwere Hyperkalzämie ist ein medizinischer Notfall, der dringend behandelt werden muss. Hyperkalzämie ist ein Zustand, bei dem der Kalziumspiegel in Ihrem Blut über dem Normalwert liegt. In seltenen Fällen kann eine schwere Hyperkalzämie Ihre Herzfunktion beeinträchtigen und Herzklopfen und Ohnmacht, Anzeichen von Herzrhythmusstörungen und andere Herzprobleme verursachen.</Text>  
	</GameDBLocalizedString>
	
	<GameDBLocalizedString>    
		<LocID>SYM_SLP_ACUTE_LIVER_FAILURE</LocID>                               
		<Text>Akutes Leberversagen</Text>  
	</GameDBLocalizedString>
	
	<GameDBLocalizedString>     
		<LocID>SYM_SLP_ACUTE_LIVER_FAILURE_DESC</LocID>                               
		<Text>Akutes Leberversagen (ALV) ist ein seltenes Syndrom, das durch eine rasche Verschlechterung der Leberfunktion gekennzeichnet ist.</Text>  
	</GameDBLocalizedString>
	
	<!-- ### ### -->
	<!-- ######################################## Content for V0.15.0.0 Added Below ######################################## -->
	<!-- ### ### -->
	<!-- ======================================== -->
	<!-- ============= Core Content ============= -->
	<!-- ======================================== -->
	
	
	
	<!-- ============================================== -->
	<!-- ============= CRP Export Content ============= -->
	<!-- ============================================== -->
	<GameDBLocalizedString>      
		<LocID>SYM_CRP_BL_PMCC</LocID>                               
		<Text>Reines Schleimhautkarzinom</Text>  
	</GameDBLocalizedString>
            
	<GameDBLocalizedString>      
		<LocID>SYM_CRP_BL_PMCC_DESC</LocID>                   
		<Text>Ein muzinöses Karzinom kann sich zusammen mit anderen Arten von Krebszellen bilden, aber wenn dies nicht der Fall ist, wird der Krebs als "rein" bezeichnet. Ein reines Schleimhautkarzinom besteht zu 90-100 % aus Schleimhautzellen.</Text>  
	</GameDBLocalizedString>
	
	<GameDBLocalizedString>      
		<LocID>SYM_CRP_CDF_T_25</LocID>                               
		<Text>p16INK4a-Expression</Text>  
	</GameDBLocalizedString>
            
	<GameDBLocalizedString>      
		<LocID>SYM_CRP_CDF_T_25_DESC</LocID>                   
		<Text>p16 (auch bekannt als p16INK4a, Cyclin-abhängiger Kinase-Inhibitor 2A, CDKN2A, multipler Tumorsuppressor 1 und zahlreiche andere Synonyme) ist ein Protein, das die Zellteilung verlangsamt, indem es das Fortschreiten des Zellzyklus von der G1-Phase in die S-Phase verlangsamt und so als Tumorsuppressor wirkt. p16 ist ein weit verbreiteter immunhistochemischer Marker in der gynäkologischen Pathologie. Die starke und diffuse zytoplasmatische und nukleäre Expression von p16 in Plattenepithelkarzinomen (SCC) des weiblichen Genitaltrakts steht in engem Zusammenhang mit einer Hochrisiko-Infektion mit dem humanen Papillomavirus (HPV) und Neoplasmen zervikalen Ursprungs. Die Mehrheit der SCC des Gebärmutterhalses exprimiert p16. Allerdings kann p16 auch in anderen Neoplasmen und in verschiedenen normalen menschlichen Geweben exprimiert werden.</Text>  
	</GameDBLocalizedString>
	
	<GameDBLocalizedString>      
		<LocID>SYM_CRP_CM_CK19_BRIGHT</LocID>                               
		<Text>Cytokeratin 19 (CK19) stark ausgeprägt</Text>  
	</GameDBLocalizedString>
            
	<GameDBLocalizedString>      
		<LocID>SYM_CRP_CM_CK19_BRIGHT_DESC</LocID>                   
		<Text>Keratin, Typ I Zytoskelett 19, auch bekannt als Zytokeratin-19 (CK-19) oder Keratin-19 (K19), ist ein 40 kDa großes Protein, das beim Menschen durch das KRT19-Gen kodiert wird. Die Expression von CK19 in bestimmten Krebsarten ermöglicht es, als Marker zu fungieren und zu bestimmen, welche Art von Krebs der Patient möglicherweise hat.</Text>  
	</GameDBLocalizedString>
	
	</LocalizedStrings>
	</GameDBStringTable>
</Database>