<Database>
	<!-- Oncology Mod by Sleepy068 -->
	<GameDBStringTable ID="LOC_EN_ADDON_ONCOLOGYSL_SYMPTOMSMAIN">
	<LanguageCode>de</LanguageCode>
	<LanguageNameLocalized>Deutsch</LanguageNameLocalized>
	<Contributors>
	<Name>Mr. Noobinger</Name>
	</Contributors>

	<LocalizedStrings>
	<GameDBLocalizedString>      
		<LocID>SYM_ONCO_CRP_SC1_1_DETECTED</LocID>                               
		<Text>Basalzellkarzinom entdeckt</Text>  
	</GameDBLocalizedString>
            
	<GameDBLocalizedString>      
		<LocID>SYM_ONCO_CRP_SC1_1_DETECTED_DESC</LocID>                   
		<Text>Tests haben ein Basalzellkarzinom ohne Anzeichen einer Metastasierung nachgewiesen.</Text>  
	</GameDBLocalizedString>
	
	<GameDBLocalizedString>      
		<LocID>SYM_ONCO_CRP_SC1_2_DETECTED</LocID>                               
		<Text>Basalzellkarzinom entdeckt</Text>  
	</GameDBLocalizedString>
            
	<GameDBLocalizedString>      
		<LocID>SYM_ONCO_CRP_SC1_2_DETECTED_DESC</LocID>                   
		<Text>Tests haben ein Basalzellkarzinom ohne Anzeichen einer Metastasierung nachgewiesen.</Text>  
	</GameDBLocalizedString>
	
	<GameDBLocalizedString>      
		<LocID>SYM_ONCO_CRP_SC1_3_DETECTED</LocID>                               
		<Text>Basalzellkarzinom entdeckt</Text>  
	</GameDBLocalizedString>
            
	<GameDBLocalizedString>      
		<LocID>SYM_ONCO_CRP_SC1_3_DETECTED_DESC</LocID>                   
		<Text>Bei Tests wurde ein Basalzellkarzinom mit Anzeichen einer Ausbreitung auf nahegelegene Lymphknoten und das umgebende Gewebe festgestellt.</Text>  
	</GameDBLocalizedString>
	
	<GameDBLocalizedString>      
		<LocID>SYM_ONCO_CRP_SC1_4_DETECTED</LocID>                               
		<Text>Basalzellkarzinom entdeckt</Text>  
	</GameDBLocalizedString>
            
	<GameDBLocalizedString>      
		<LocID>SYM_ONCO_CRP_SC1_4_DETECTED_DESC</LocID>                   
		<Text>Bei Tests wurde ein Basalzellkarzinom mit Anzeichen einer Metastasierung festgestellt.</Text>  
	</GameDBLocalizedString>
	
	<GameDBLocalizedString>      
		<LocID>SYM_ONCO_CRP_SC2_1_DETECTED</LocID>                               
		<Text>Plattenepithelkarzinom entdeckt</Text>  
	</GameDBLocalizedString>
            
	<GameDBLocalizedString>      
		<LocID>SYM_ONCO_CRP_SC2_1_DETECTED_DESC</LocID>                   
		<Text>Tests haben Plattenepithelkarzinome ohne Anzeichen einer Metastasierung nachgewiesen.</Text>  
	</GameDBLocalizedString>
	
	<GameDBLocalizedString>      
		<LocID>SYM_ONCO_CRP_SC2_2_DETECTED</LocID>                               
		<Text>Plattenepithelkarzinom entdeckt</Text>  
	</GameDBLocalizedString>
            
	<GameDBLocalizedString>      
		<LocID>SYM_ONCO_CRP_SC2_2_DETECTED_DESC</LocID>                   
		<Text>Tests haben Plattenepithelkarzinome ohne Anzeichen einer Metastasierung nachgewiesen.</Text>  
	</GameDBLocalizedString>
	
	<GameDBLocalizedString>      
		<LocID>SYM_ONCO_CRP_SC2_3_DETECTED</LocID>                               
		<Text>Plattenepithelkarzinom entdeckt</Text>  
	</GameDBLocalizedString>
            
	<GameDBLocalizedString>      
		<LocID>SYM_ONCO_CRP_SC2_3_DETECTED_DESC</LocID>                   
		<Text>Tests haben Plattenepithelkarzinome mit Anzeichen einer Ausbreitung auf nahegelegene Lymphknoten und das umgebende Gewebe nachgewiesen..</Text>  
	</GameDBLocalizedString>
	
	<GameDBLocalizedString>      
		<LocID>SYM_ONCO_CRP_SC2_4_DETECTED</LocID>                               
		<Text>Plattenepithelkarzinom entdeckt</Text>  
	</GameDBLocalizedString>
            
	<GameDBLocalizedString>      
		<LocID>SYM_ONCO_CRP_SC2_4_DETECTED_DESC</LocID>                   
		<Text>Tests haben Plattenepithelkarzinome mit Anzeichen einer Metastasierung nachgewiesen.</Text>  
	</GameDBLocalizedString>
	
	<GameDBLocalizedString>      
		<LocID>SYM_ONCO_CRP_SC3_1_DETECTED</LocID>                               
		<Text>Melanom entdeckt</Text>  
	</GameDBLocalizedString>
            
	<GameDBLocalizedString>      
		<LocID>SYM_ONCO_CRP_SC3_1_DETECTED_DESC</LocID>                   
		<Text>Bei der Untersuchung wurde ein Melanom festgestellt, ohne dass es Anzeichen dafür gibt, dass es sich auf das Lymphgewebe, die Lymphknoten oder die Körperorgane ausgebreitet hat. Es scheint lokal begrenzt zu sein, ohne Geschwürbildung.</Text>  
	</GameDBLocalizedString>

	<GameDBLocalizedString>      
		<LocID>SYM_ONCO_CRP_SC3_2_DETECTED</LocID>                               
		<Text>Melanom entdeckt</Text>  
	</GameDBLocalizedString>
            
	<GameDBLocalizedString>      
		<LocID>SYM_ONCO_CRP_SC3_2_DETECTED_DESC</LocID>                   
		<Text>Bei den Tests wurde ein Melanom festgestellt, das nachweislich über die Epidermis (die äußerste Hautschicht) hinaus in die dickere Dermis (Lederhaut) der Haut reicht. Es gibt keine Anzeichen dafür, dass es sich um Metastasen handelt.</Text>  
	</GameDBLocalizedString>

	<GameDBLocalizedString>      
		<LocID>SYM_ONCO_CRP_SC3_3_DETECTED</LocID>                               
		<Text>Melanoma Detected</Text>  
	</GameDBLocalizedString>
            
	<GameDBLocalizedString>      
		<LocID>SYM_ONCO_CRP_SC3_3_DETECTED_DESC</LocID>                   
		<Text>Testing has detected Melanoma with signs that it has spread to nearby lymph nodes and surrounding tissue.</Text>  
	</GameDBLocalizedString>
	
	<GameDBLocalizedString>      
		<LocID>SYM_ONCO_CRP_SC3_4_DETECTED</LocID>                               
		<Text>Melanom entdeckt</Text>  
	</GameDBLocalizedString>
            
	<GameDBLocalizedString>      
		<LocID>SYM_ONCO_CRP_SC3_4_DETECTED_DESC</LocID>                   
		<Text>Bei einer Untersuchung wurde ein Melanom mit Anzeichen von Metastasen festgestellt.</Text>  
	</GameDBLocalizedString>
	
	<GameDBLocalizedString>      
		<LocID>SYM_ONCO_CRP_AGC1_0_DETECTED</LocID>                               
		<Text>Phäochromozytom entdeckt</Text>  
	</GameDBLocalizedString>
            
	<GameDBLocalizedString>      
		<LocID>SYM_ONCO_CRP_AGC1_0_DETECTED_DESC</LocID>                   
		<Text>Bei Tests wurde ein Phäochromozytom festgestellt, das nachweislich nur lokal begrenzt ist.</Text>  
	</GameDBLocalizedString>
	
	<GameDBLocalizedString>      
		<LocID>SYM_ONCO_CRP_AGC1_1_DETECTED</LocID>                               
		<Text>Phäochromozytom entdeckt</Text>  
	</GameDBLocalizedString>
            
	<GameDBLocalizedString>      
		<LocID>SYM_ONCO_CRP_AGC1_1_DETECTED_DESC</LocID>                   
		<Text>Bei Tests wurde ein Phäochromozytom festgestellt, das nachweislich regional begrenzt ist.</Text>  
	</GameDBLocalizedString>
	
	<GameDBLocalizedString>      
		<LocID>SYM_ONCO_CRP_AGC1_2_DETECTED</LocID>                               
		<Text>Phäochromozytom entdeckt</Text>  
	</GameDBLocalizedString>
            
	<GameDBLocalizedString>      
		<LocID>SYM_ONCO_CRP_AGC1_2_DETECTED_DESC</LocID>                   
		<Text>Bei Tests wurde ein Phäochromozytom festgestellt, das nachweislich metastatisch ist.</Text>  
	</GameDBLocalizedString>
	
	<GameDBLocalizedString>      
		<LocID>SYM_ONCO_CRP_LC_0_DETECTED</LocID>                               
		<Text>Nicht-kleinzelliger Lungenkrebs (NSCLC) entdeckt</Text>  
	</GameDBLocalizedString>
            
	<GameDBLocalizedString>      
		<LocID>SYM_ONCO_CRP_LC_0_DETECTED_DESC</LocID>                   
		<Text>Bei den Tests wurde nicht-kleinzelliger Lungenkrebs festgestellt, wobei sich herausstellte, dass er nur lokal begrenzt ist.</Text>  
	</GameDBLocalizedString>
	
	<GameDBLocalizedString>      
		<LocID>SYM_ONCO_CRP_LC_1_DETECTED</LocID>                               
		<Text>Nicht-kleinzelliger Lungenkrebs (NSCLC) entdeckt</Text>  
	</GameDBLocalizedString>
            
	<GameDBLocalizedString>      
		<LocID>SYM_ONCO_CRP_LC_1_DETECTED_DESC</LocID>                   
		<Text>Bei den Tests wurde nicht-kleinzelliger Lungenkrebs festgestellt, der nachweislich regional begrenzt ist.</Text>  
	</GameDBLocalizedString>
	
	<GameDBLocalizedString>      
		<LocID>SYM_ONCO_CRP_LC_2_DETECTED</LocID>                               
		<Text>Nicht-kleinzelliger Lungenkrebs (NSCLC) entdeckt</Text>  
	</GameDBLocalizedString>
            
	<GameDBLocalizedString>      
		<LocID>SYM_ONCO_CRP_LC_2_DETECTED_DESC</LocID>                   
		<Text>Bei den Tests wurde nicht-kleinzelliger Lungenkrebs mit Anzeichen für Metastasenbildung festgestellt.</Text>  
	</GameDBLocalizedString>
	
	<GameDBLocalizedString>      
		<LocID>SYM_ONCO_CRP_LC1_0_DETECTED</LocID>                               
		<Text>Kleinzelliges Bronchialkarzinom (SCLC) entdeckt</Text>  
	</GameDBLocalizedString>
            
	<GameDBLocalizedString>      
		<LocID>SYM_ONCO_CRP_LC1_0_DETECTED_DESC</LocID>                   
		<Text>Bei Tests wurde kleinzelliger Lungenkrebs festgestellt, der sich nachweislich in einem begrenzten Stadium befindet.</Text>  
	</GameDBLocalizedString>

	<GameDBLocalizedString>      
		<LocID>SYM_ONCO_CRP_LC1_1_DETECTED</LocID>                               
		<Text>Kleinzelliges Bronchialkarzinom (SCLC) entdeckt</Text>  
	</GameDBLocalizedString>
            
	<GameDBLocalizedString>      
		<LocID>SYM_ONCO_CRP_LC1_1_DETECTED_DESC</LocID>                   
		<Text>Bei Tests wurde kleinzelliger Lungenkrebs festgestellt, der sich nachweislich in einem ausgedehnten Stadium befindet.</Text>  
	</GameDBLocalizedString>
	
	<GameDBLocalizedString>      
		<LocID>SYM_ONCO_CRP_BC1_0_DETECTED</LocID>                               
		<Text>Kolorektales Adenokarzinom entdeckt</Text>  
	</GameDBLocalizedString>
            
	<GameDBLocalizedString>      
		<LocID>SYM_ONCO_CRP_BC1_0_DETECTED_DESC</LocID>                   
		<Text>Bei der Untersuchung wurde ein kolorektales Adenokarzinom festgestellt, das nachweislich nur lokal begrenzt ist.</Text>  
	</GameDBLocalizedString>
	
	<GameDBLocalizedString>      
		<LocID>SYM_ONCO_CRP_BC1_1_DETECTED</LocID>                               
		<Text>Kolorektales Adenokarzinom entdeckt</Text>  
	</GameDBLocalizedString>
            
	<GameDBLocalizedString>      
		<LocID>SYM_ONCO_CRP_BC1_1_DETECTED_DESC</LocID>                   
		<Text>Bei der Untersuchung wurde ein kolorektales Adenokarzinom festgestellt, das nachweislich regional begrenzt ist.</Text>  
	</GameDBLocalizedString>
	
	<GameDBLocalizedString>      
		<LocID>SYM_ONCO_CRP_BC1_2_DETECTED</LocID>                               
		<Text>Kolorektales Adenokarzinom entdeckt</Text>  
	</GameDBLocalizedString>
            
	<GameDBLocalizedString>      
		<LocID>SYM_ONCO_CRP_BC1_2_DETECTED_DESC</LocID>                   
		<Text>Bei der Untersuchung wurde ein kolorektales Adenokarzinom festgestellt, das nachweislich metastasiert ist.</Text>  
	</GameDBLocalizedString>
	
	<GameDBLocalizedString>      
		<LocID>SYM_ONCO_CRP_AGC2_0_DETECTED</LocID>                               
		<Text>Nebennierenrindenkarzinom entdeckt</Text>  
	</GameDBLocalizedString>
            
	<GameDBLocalizedString>      
		<LocID>SYM_ONCO_CRP_AGC2_0_DETECTED_DESC</LocID>                   
		<Text>Bei den Tests wurde ein Nebennierenrindenkarzinom festgestellt, wobei sich herausstellte, dass es nur lokal begrenzt ist.</Text>  
	</GameDBLocalizedString>
	
	<GameDBLocalizedString>      
		<LocID>SYM_ONCO_CRP_AGC2_1_DETECTED</LocID>                               
		<Text>Nebennierenrindenkarzinom entdeckt</Text>  
	</GameDBLocalizedString>
            
	<GameDBLocalizedString>      
		<LocID>SYM_ONCO_CRP_AGC2_1_DETECTED_DESC</LocID>                   
		<Text>Bei Tests wurde ein Nebennierenrindenkarzinom festgestellt, wobei es sich nachweislich um ein regionales Karzinom handelt.</Text>  
	</GameDBLocalizedString>
	
	<GameDBLocalizedString>      
		<LocID>SYM_ONCO_CRP_AGC2_2_DETECTED</LocID>                               
		<Text>Nebennierenrindenkarzinom entdeckt</Text>  
	</GameDBLocalizedString>
            
	<GameDBLocalizedString>      
		<LocID>SYM_ONCO_CRP_AGC2_2_DETECTED_DESC</LocID>                   
		<Text>Bei einer Untersuchung wurde ein Nebennierenrindenkarzinom mit Anzeichen für eine Metastasierung festgestellt.</Text>  
	</GameDBLocalizedString>
	
	<GameDBLocalizedString>      
		<LocID>SYM_ONCO_CRP_MC001_0_DETECTED</LocID>                               
		<Text>Gastrointestinale NET entdeckt</Text>  
	</GameDBLocalizedString>
            
	<GameDBLocalizedString>      
		<LocID>SYM_ONCO_CRP_MC001_0_DETECTED_DESC</LocID>                   
		<Text>Bei Tests wurde ein gastrointestinaler neuroendokriner Tumor festgestellt, der sich nachweislich in einem begrenzten Stadium befindet.</Text>  
	</GameDBLocalizedString>
	
	<GameDBLocalizedString>      
		<LocID>SYM_ONCO_CRP_MC001_1_DETECTED</LocID>                               
		<Text>Gastrointestinale NET entdeckt</Text>  
	</GameDBLocalizedString>
            
	<GameDBLocalizedString>      
		<LocID>SYM_ONCO_CRP_MC001_1_DETECTED_DESC</LocID>                   
		<Text>Bei Tests wurde ein gastrointestinaler neuroendokriner Tumor festgestellt, der sich nachweislich in einem ausgedehnten Stadium befindet.</Text>  
	</GameDBLocalizedString>
	
	<GameDBLocalizedString>      
		<LocID>SYM_ONCO_CRP_BLC01_0_DETECTED</LocID>                               
		<Text>B-Zell akute lymphatische Leukämie entdeckt</Text>  
	</GameDBLocalizedString>
            
	<GameDBLocalizedString>      
		<LocID>SYM_ONCO_CRP_BLC01_0_DETECTED_DESC</LocID>                   
		<Text>Bei Tests wurde eine Prä-B-Zell-lymphozytäre Leukämie festgestellt, die nachweislich akut ist.</Text>  
	</GameDBLocalizedString>
	
	<GameDBLocalizedString>      
		<LocID>SYM_ONCO_CRP_BLC01_1_DETECTED</LocID>                               
		<Text>B-Zell akute lymphatische Leukämie entdeckt</Text>  
	</GameDBLocalizedString>
            
	<GameDBLocalizedString>      
		<LocID>SYM_ONCO_CRP_BLC01_1_DETECTED_DESC</LocID>                   
		<Text>Bei Tests wurde eine B-Zell-lymphozytäre Leukämie festgestellt, die nachweislich akut ist.</Text>  
	</GameDBLocalizedString>
	
	<GameDBLocalizedString>      
		<LocID>SYM_ONCO_CRP_BLC02_A_DETECTED</LocID>                               
		<Text>Chronische lymphatische Leukämie entdeckt</Text>  
	</GameDBLocalizedString>
            
	<GameDBLocalizedString>      
		<LocID>SYM_ONCO_CRP_BLC02_A_DETECTED_DESC</LocID>                   
		<Text>Bei Tests wurde eine lymphatische Leukämie festgestellt, die nachweislich chronisch, aber stabil ist.</Text>  
	</GameDBLocalizedString>
	
	<GameDBLocalizedString>      
		<LocID>SYM_ONCO_CRP_BLC02_B_DETECTED</LocID>                               
		<Text>Chronische lymphatische Leukämie entdeckt</Text>  
	</GameDBLocalizedString>
            
	<GameDBLocalizedString>      
		<LocID>SYM_ONCO_CRP_BLC02_B_DETECTED_DESC</LocID>                   
		<Text>Bei Tests wurde eine lymphatische Leukämie festgestellt, die nachweislich chronisch ist und sich in einem fortgeschrittenen Stadium befindet.</Text>  
	</GameDBLocalizedString>
	
	<GameDBLocalizedString>      
		<LocID>SYM_ONCO_CRP_BLC01_2_DETECTED</LocID>                               
		<Text>T-Zell akute lymphatische Leukämie entdeckt</Text>  
	</GameDBLocalizedString>
            
	<GameDBLocalizedString>      
		<LocID>SYM_ONCO_CRP_BLC01_2_DETECTED_DESC</LocID>                   
		<Text>Bei Tests wurde eine T-Zell-lymphozytäre Leukämie festgestellt, die nachweislich akut ist.</Text>  
	</GameDBLocalizedString>
	
	<GameDBLocalizedString>      
		<LocID>SYM_ONCO_CRP_BLC01_3_DETECTED</LocID>                               
		<Text>T-Zell akute lymphatische Leukämie entdeckt</Text>  
	</GameDBLocalizedString>
            
	<GameDBLocalizedString>      
		<LocID>SYM_ONCO_CRP_BLC01_3_DETECTED_DESC</LocID>                   
		<Text>Bei Tests wurde eine T-Zell-lymphozytäre Leukämie festgestellt, die nachweislich akut ist.</Text>  
	</GameDBLocalizedString>
	
	<GameDBLocalizedString>      
		<LocID>SYM_ONCO_CRP_BLC03_0_DETECTED</LocID>                               
		<Text>T-Zell-Leukämie mit großen granulären Lymphozyten (T-Zell-LGL-Leukämie) entdeckt</Text>  
	</GameDBLocalizedString>
            
	<GameDBLocalizedString>      
		<LocID>SYM_ONCO_CRP_BLC03_0_DETECTED_DESC</LocID>                   
		<Text>Bei den Tests wurde eine lymphozytäre Leukämie festgestellt, wobei sich herausstellte, dass es sich um einen Subtyp, die T-Zell-Leukämie mit großen granulären Lymphozyten (T-Zell-LGL-Leukämie), handelt.</Text>  
	</GameDBLocalizedString>
	
	<GameDBLocalizedString>      
		<LocID>SYM_ONCO_CRP_BLC03_1_DETECTED</LocID>                               
		<Text>NK-Zell-Leukämie mit großen granulären Lymphozyten (NK-Zell-LGL-Leukämie) entdeckt</Text>  
	</GameDBLocalizedString>
            
	<GameDBLocalizedString>      
		<LocID>SYM_ONCO_CRP_BLC03_1_DETECTED_DESC</LocID>                   
		<Text>Bei den Tests wurde eine lymphozytäre Leukämie festgestellt, wobei sich herausstellte, dass es sich um einen Subtyp, der NK-Zell-Leukämie mit großen granulären Lymphozyten (NK-Zell-LGL-Leukämie), handelt.</Text>  
	</GameDBLocalizedString>
	
	<GameDBLocalizedString>      
		<LocID>SYM_ONCO_CRP_BLC03_2_DETECTED</LocID>                               
		<Text>T-Zell Prolymphozytenleukämie (T-PLL) entdeckt</Text>  
	</GameDBLocalizedString>
            
	<GameDBLocalizedString>      
		<LocID>SYM_ONCO_CRP_BLC03_2_DETECTED_DESC</LocID>                   
		<Text>Bei der Untersuchung wurde eine lymphatische Leukämie festgestellt, wobei es sich nachweislich um einen seltenen Subtyp, die T-Zell Prolymphozytenleukämie, handelt.</Text>  
	</GameDBLocalizedString>
	
	<GameDBLocalizedString>      
		<LocID>SYM_ONCO_CRP_BLC04_0_DETECTED</LocID>                               
		<Text>Akute myeloische Leukämie (AML) erkannt</Text>  
	</GameDBLocalizedString>
            
	<GameDBLocalizedString>      
		<LocID>SYM_ONCO_CRP_BLC04_0_DETECTED_DESC</LocID>                   
		<Text>Bei Tests wurde eine myeloische Leukämie festgestellt, die nachweislich akut ist.</Text>  
	</GameDBLocalizedString>

	<GameDBLocalizedString>      
		<LocID>SYM_ONCO_CRP_BLC05_A_DETECTED</LocID>                               
		<Text>Chronische myeloische Leukämie (CML)</Text>  
	</GameDBLocalizedString>
            
	<GameDBLocalizedString>      
		<LocID>SYM_ONCO_CRP_BLC05_A_DETECTED_DESC</LocID>                   
		<Text>Bei Tests wurde eine myeloische Leukämie festgestellt, die sich nachweislich in der chronischen Phase befindet.</Text>  
	</GameDBLocalizedString>
	
	<GameDBLocalizedString>      
		<LocID>SYM_ONCO_CRP_BLC05_B_DETECTED</LocID>                               
		<Text>Chronische myeloische Leukämie (CML) erkannt</Text>  
	</GameDBLocalizedString>
            
	<GameDBLocalizedString>      
		<LocID>SYM_ONCO_CRP_BLC05_B_DETECTED_DESC</LocID>                   
		<Text>Bei den Tests wurde eine myeloische Leukämie festgestellt, die sich nachweislich in der akzelerierten Phase befindet.</Text>  
	</GameDBLocalizedString>
	
	<GameDBLocalizedString>      
		<LocID>SYM_ONCO_CRP_BLC05_C_DETECTED</LocID>                               
		<Text>Chronische myeloische Leukämie (CML) erkannt</Text>  
	</GameDBLocalizedString>
            
	<GameDBLocalizedString>      
		<LocID>SYM_ONCO_CRP_BLC05_C_DETECTED_DESC</LocID>                   
		<Text>Bei Tests wurde eine myeloische Leukämie festgestellt, die sich nachweislich in der Phase der Blastenkrise befindet.</Text>  
	</GameDBLocalizedString>
	
	<GameDBLocalizedString>      
		<LocID>SYM_ONCO_CRP_BLC06_0_DETECTED</LocID>                               
		<Text>Haarzell-Leukämie (HCL) entdeckt</Text>  
	</GameDBLocalizedString>
            
	<GameDBLocalizedString>      
		<LocID>SYM_ONCO_CRP_BLC06_0_DETECTED_DESC</LocID>                   
		<Text>Bei den Tests wurde eine Haarzellenleukämie festgestellt.</Text>  
	</GameDBLocalizedString>
	
	<GameDBLocalizedString>      
		<LocID>SYM_ONCO_CRP_BLC06_1_DETECTED</LocID>                               
		<Text>Variante der Haarzell-Leukämie (HCL-V) entdeckt</Text>  
	</GameDBLocalizedString>
            
	<GameDBLocalizedString>      
		<LocID>SYM_ONCO_CRP_BLC06_1_DETECTED_DESC</LocID>                   
		<Text>Bei Tests wurde die Haarzellenleukämie nachgewiesen, wobei es sich um eine seltene Variante handelt.</Text>  
	</GameDBLocalizedString>
	
	<GameDBLocalizedString>      
		<LocID>SYM_ONCO_CRP_BREC01_0_DETECTED</LocID>                               
		<Text>Duktales Karzinom in situ entdeckt</Text>  
	</GameDBLocalizedString>
            
	<GameDBLocalizedString>      
		<LocID>SYM_ONCO_CRP_BREC01_0_DETECTED_DESC</LocID>                   
		<Text>Bei der Untersuchung wurde ein duktales Karzinom festgestellt, das nachweislich in situ ist (an der ursprünglichen Stelle und nicht gestreut).</Text>  
	</GameDBLocalizedString>
	
	<GameDBLocalizedString>      
		<LocID>SYM_ONCO_CRP_BREC01_1_DETECTED</LocID>                               
		<Text>Invasives duktales Karzinom (IDC) entdeckt</Text>  
	</GameDBLocalizedString>
            
	<GameDBLocalizedString>      
		<LocID>SYM_ONCO_CRP_BREC01_1_DETECTED_DESC</LocID>                   
		<Text>Bei der Untersuchung wurde ein duktales Karzinom festgestellt, das nachweislich invasiv ist und in das umliegende Gewebe eingedrungen ist.</Text>  
	</GameDBLocalizedString>
	
	<GameDBLocalizedString>      
		<LocID>SYM_ONCO_CRP_BREC01_2_DETECTED</LocID>                               
		<Text>Metastasierender Brustkrebs entdeckt</Text>  
	</GameDBLocalizedString>
            
	<GameDBLocalizedString>      
		<LocID>SYM_ONCO_CRP_BREC01_2_DETECTED_DESC</LocID>                   
		<Text>Bei einer Untersuchung wurde Brustkrebs mit Anzeichen für Metastasen festgestellt.</Text>  
	</GameDBLocalizedString>
	
	<GameDBLocalizedString>      
		<LocID>SYM_ONCO_CRP_BRAC01_0_DETECTED</LocID>                               
		<Text>Pilozytisches Astrozytom entdeckt</Text>  
	</GameDBLocalizedString>
            
	<GameDBLocalizedString>      
		<LocID>SYM_ONCO_CRP_BRAC01_0_DETECTED_DESC</LocID>                   
		<Text>Bei dem Patienten wurde ein Pilozytisches Astrozytom nachgewiesen.</Text>  
	</GameDBLocalizedString>
	
	<GameDBLocalizedString>      
		<LocID>SYM_ONCO_CRP_BRAC01_1_DETECTED</LocID>                               
		<Text>Diffuses Astrozytom entdeckt</Text>  
	</GameDBLocalizedString>
            
	<GameDBLocalizedString>      
		<LocID>SYM_ONCO_CRP_BRAC01_1_DETECTED_DESC</LocID>                   
		<Text>Der Test hat bei dem Patienten ein diffuses Astrozytom nachgewiesen.</Text>  
	</GameDBLocalizedString>

	<GameDBLocalizedString>      
		<LocID>SYM_ONCO_CRP_BRAC01_2_DETECTED</LocID>                               
		<Text>Anaplastisches Astrozytom entdeckt</Text>  
	</GameDBLocalizedString>
            
	<GameDBLocalizedString>      
		<LocID>SYM_ONCO_CRP_BRAC01_2_DETECTED_DESC</LocID>                   
		<Text>Die Tests haben bei dem Patienten ein anaplastisches Astrozytom nachgewiesen.</Text>  
	</GameDBLocalizedString>
	
	<GameDBLocalizedString>      
		<LocID>SYM_ONCO_CRP_OVAC1_0F_DETECTED</LocID>                               
		<Text>Hochgradiges seröses Karzinom (HGSC) entdeckt</Text>  
	</GameDBLocalizedString>
            
	<GameDBLocalizedString>      
		<LocID>SYM_ONCO_CRP_OVAC1_0F_DETECTED_DESC</LocID>                   
		<Text>Die Tests haben bei der Patientin ein hochgradiges seröses Karzinom nachgewiesen.</Text>  
	</GameDBLocalizedString>
	
	<GameDBLocalizedString>      
		<LocID>SYM_ONCO_CRP_OVAC1_1F_DETECTED</LocID>                               
		<Text>Niedriggradiges seröses Karzinom (LGSC) entdeckt</Text>  
	</GameDBLocalizedString>
            
	<GameDBLocalizedString>      
		<LocID>SYM_ONCO_CRP_OVAC1_1F_DETECTED_DESC</LocID>                   
		<Text>Die Tests haben bei der Patientin ein niedriggradiges seröses Karzinom nachgewiesen.</Text>  
	</GameDBLocalizedString>
	
	<GameDBLocalizedString>      
		<LocID>SYM_ONCO_CRP_BRAC01_3_DETECTED</LocID>                               
		<Text>Glioblastom entdeckt</Text>  
	</GameDBLocalizedString>
            
	<GameDBLocalizedString>      
		<LocID>SYM_ONCO_CRP_BRAC01_3_DETECTED_DESC</LocID>                   
		<Text>Die Tests haben bei dem Patienten ein Glioblastom nachgewiesen.</Text>  
	</GameDBLocalizedString>
	
	<GameDBLocalizedString>      
		<LocID>SYM_ONCO_CRP_PROC1_0M_DETECTED</LocID>                               
		<Text>Prostatakrebs (Stadium 1) entdeckt</Text>  
	</GameDBLocalizedString>
            
	<GameDBLocalizedString>      
		<LocID>SYM_ONCO_CRP_PROC1_0M_DETECTED_DESC</LocID>                   
		<Text>Der Test hat bei dem Patienten Prostatakrebs (Stadium 1) festgestellt.</Text>  
	</GameDBLocalizedString>
	
	<GameDBLocalizedString>      
		<LocID>SYM_ONCO_CRP_PROC1_1M_DETECTED</LocID>                               
		<Text>Prostatakrebs (Stadium 2) entdeckt</Text>  
	</GameDBLocalizedString>
            
	<GameDBLocalizedString>      
		<LocID>SYM_ONCO_CRP_PROC1_1M_DETECTED_DESC</LocID>                   
		<Text>Bei einem Test wurde bei dem Patienten Prostatakrebs (Stadium 2) festgestellt.</Text>  
	</GameDBLocalizedString>
	
	<GameDBLocalizedString>      
		<LocID>SYM_ONCO_CRP_PROC1_2M_DETECTED</LocID>                               
		<Text>Prostatakrebs (Stadium 3) entdeckt</Text>  
	</GameDBLocalizedString>
            
	<GameDBLocalizedString>      
		<LocID>SYM_ONCO_CRP_PROC1_2M_DETECTED_DESC</LocID>                   
		<Text>Bei einem Test wurde bei dem Patienten Prostatakrebs (Stadium 3) festgestellt.</Text>  
	</GameDBLocalizedString>
	
	<GameDBLocalizedString>      
		<LocID>SYM_ONCO_CRP_PROC1_3M_DETECTED</LocID>                               
		<Text>Prostatakrebs (Stadium 4) entdeckt</Text>  
	</GameDBLocalizedString>
            
	<GameDBLocalizedString>      
		<LocID>SYM_ONCO_CRP_PROC1_3M_DETECTED_DESC</LocID>                   
		<Text>Bei einem Test wurde bei dem Patienten Prostatakrebs (Stadium 4) festgestellt.</Text>  
	</GameDBLocalizedString>
	
	<GameDBLocalizedString>      
		<LocID>SYM_ONCO_CRP_OVAC1_2F_DETECTED</LocID>                               
		<Text>Metastasierender Eierstockkrebs entdeckt</Text>  
	</GameDBLocalizedString>
            
	<GameDBLocalizedString>      
		<LocID>SYM_ONCO_CRP_OVAC1_2F_DETECTED_DESC</LocID>                   
		<Text>Bei den Tests wurde bei der Patientin metastasierender Eierstockkrebs festgestellt.</Text>  
	</GameDBLocalizedString>
	
	<GameDBLocalizedString>      
		<LocID>SYM_ONCO_CRP_BLC07_0_DETECTED</LocID>                               
		<Text>Diffuses großzelliges B-Zell-Lymphom (NOS) entdeckt</Text>  
	</GameDBLocalizedString>
            
	<GameDBLocalizedString>      
		<LocID>SYM_ONCO_CRP_BLC07_0_DETECTED_DESC</LocID>                   
		<Text>Die Tests haben ein diffuses großezelliges B-Zell-Lymphom (NOS) ergeben.</Text>  
	</GameDBLocalizedString>
	
	<GameDBLocalizedString>      
		<LocID>SYM_ONCO_CRP_BLC08_0_DETECTED</LocID>                               
		<Text>Follikuläres Lymphom entdeckt</Text>  
	</GameDBLocalizedString>
            
	<GameDBLocalizedString>      
		<LocID>SYM_ONCO_CRP_BLC08_0_DETECTED_DESC</LocID>                   
		<Text>Die Tests haben ein follikuläres Lymphom ergeben.</Text>  
	</GameDBLocalizedString>
	
	<GameDBLocalizedString>      
		<LocID>SYM_ONCO_CRP_SC4_0_DETECTED</LocID>                               
		<Text>Merkelzellkarzinom entdeckt</Text>  
	</GameDBLocalizedString>
            
	<GameDBLocalizedString>      
		<LocID>SYM_ONCO_CRP_SC4_0_DETECTED_DESC</LocID>                   
		<Text>Bei einer Untersuchung wurde ein Merkelzellkarzinom festgestellt, wobei es sich nachweislich nur um ein lokales Karzinom handelt.</Text>  
	</GameDBLocalizedString>
	
	<GameDBLocalizedString>      
		<LocID>SYM_ONCO_CRP_SC4_1_DETECTED</LocID>                               
		<Text>Merkelzellkarzinom entdeckt</Text>  
	</GameDBLocalizedString>
            
	<GameDBLocalizedString>      
		<LocID>SYM_ONCO_CRP_SC4_1_DETECTED_DESC</LocID>                   
		<Text>Bei Tests wurde ein Merkelzellkarzinom festgestellt, das nachweislich metastatisch ist.</Text>  
	</GameDBLocalizedString>
	
	<GameDBLocalizedString>      
		<LocID>SYM_ONCO_CRP_BLC09_0_DETECTED</LocID>                               
		<Text>Mantelzell-Lymphom entdeckt</Text>  
	</GameDBLocalizedString>
            
	<GameDBLocalizedString>      
		<LocID>SYM_ONCO_CRP_BLC09_0_DETECTED_DESC</LocID>                   
		<Text>Bei den Tests wurde ein Mantelzell-Lymphom festgestellt.</Text>  
	</GameDBLocalizedString>
	
	<GameDBLocalizedString>      
		<LocID>SYM_ONCO_CRP_LC2_0_DETECTED</LocID>                               
		<Text>Großzelliges Lungenkarzinom entdeckt</Text>  
	</GameDBLocalizedString>
            
	<GameDBLocalizedString>      
		<LocID>SYM_ONCO_CRP_LC2_0_DETECTED_DESC</LocID>                   
		<Text>Die Tests haben ein großzelliges Lungenkarzinom ergeben.</Text>  
	</GameDBLocalizedString>
	
	<GameDBLocalizedString>      
		<LocID>SYM_ONCO_CRP_LC3_0_DETECTED</LocID>                               
		<Text>Adenokarzinom der Lunge (Stadium E)</Text>  
	</GameDBLocalizedString>
            
	<GameDBLocalizedString>      
		<LocID>SYM_ONCO_CRP_LC3_0_DETECTED_DESC</LocID>                   
		<Text>Bei den Tests wurde ein Adenokarzinom der Lunge festgestellt, das sich nachweislich in einem frühen Stadium befindet.</Text>  
	</GameDBLocalizedString>
	
	<GameDBLocalizedString>      
		<LocID>SYM_ONCO_CRP_LC3_1_DETECTED</LocID>                               
		<Text>Adenokarzinom der Lunge (Stadium A) entdeckt</Text>  
	</GameDBLocalizedString>
            
	<GameDBLocalizedString>      
		<LocID>SYM_ONCO_CRP_LC3_1_DETECTED_DESC</LocID>                   
		<Text>Bei einer Untersuchung wurde ein Lungenadenokarzinom festgestellt, das sich nachweislich in einem fortgeschrittenen Stadium befindet.</Text>  
	</GameDBLocalizedString>
	
	<GameDBLocalizedString>      
		<LocID>SYM_ONCO_CRP_LC4_0_DETECTED</LocID>                               
		<Text>Plattenepithel-Lungenkarzinom entdeckt</Text>  
	</GameDBLocalizedString>
            
	<GameDBLocalizedString>      
		<LocID>SYM_ONCO_CRP_LC4_0_DETECTED_DESC</LocID>                   
		<Text>Der Test hat Plattenepithelkarzinom nachgewiesen.</Text>  
	</GameDBLocalizedString>
	
	<GameDBLocalizedString>      
		<LocID>SYM_ONCO_CRP_BC2_0_DETECTED</LocID>                               
		<Text>Kolorektales Karzinom mit Siegelringzellen entdeckt</Text>  
	</GameDBLocalizedString>
            
	<GameDBLocalizedString>      
		<LocID>SYM_ONCO_CRP_BC2_0_DETECTED_DESC</LocID>                   
		<Text>Bei der Untersuchung wurde ein Siegelringzellkarzinom des Dickdarms festgestellt.</Text>  
	</GameDBLocalizedString>
	
	<GameDBLocalizedString>      
		<LocID>SYM_ONCO_CRP_BC3_0_DETECTED</LocID>                               
		<Text>Schleimiges kolorektales Adenokarzinom (gemischt) entdeckt</Text>  
	</GameDBLocalizedString>
            
	<GameDBLocalizedString>      
		<LocID>SYM_ONCO_CRP_BC3_0_DETECTED_DESC</LocID>                   
		<Text>Bei Tests wurde ein schleimiges Adenokarzinom des Dickdarms festgestellt, das sich nachweislich in einem gemischten Krebsstadium befindet.</Text>  
	</GameDBLocalizedString>
	
	<GameDBLocalizedString>      
		<LocID>SYM_ONCO_CRP_BC3_1_DETECTED</LocID>                               
		<Text>Muzinöses kolorektales Adenokarzinom (rein) entdeckt</Text>  
	</GameDBLocalizedString>
            
	<GameDBLocalizedString>      
		<LocID>SYM_ONCO_CRP_BC3_1_DETECTED_DESC</LocID>                   
		<Text>Bei Tests wurde ein schleimiges Adenokarzinom des Dickdarms festgestellt, das sich nachweislich in einem reinen Krebsstadium befindet.</Text>  
	</GameDBLocalizedString>
	
	<GameDBLocalizedString>    
		<LocID>SYM_ONCO_CRP_BREC01_0M_DETECTED</LocID>                               
		<Text>Duktales Karzinom in situ entdeckt</Text>  
	</GameDBLocalizedString>
	
	<GameDBLocalizedString>     
		<LocID>SYM_ONCO_CRP_BREC01_1M_DETECTED</LocID>                               
		<Text>Invasives duktales Karzinom (IDC) entdeckt</Text>  
	</GameDBLocalizedString>
	
	<GameDBLocalizedString>     
		<LocID>SYM_ONCO_CRP_BREC01_2M_DETECTED</LocID>                               
		<Text>Metastasierender Brustkrebs entdeckt</Text>  
	</GameDBLocalizedString>
	
	<GameDBLocalizedString>    
		<LocID>SYM_ONCO_CRP_LIV0_0_DETECTED</LocID>                               
		<Text>Hepatozelluläres Karzinom (lokalisiert) entdeckt</Text>  
	</GameDBLocalizedString>
	
	<GameDBLocalizedString>     
		<LocID>SYM_ONCO_CRP_LIV0_0_DETECTED_DESC</LocID>                               
		<Text>Bei der Untersuchung wurde ein hepatozelluläres Karzinom festgestellt, das nachweislich lokal begrenzt ist.</Text>  
	</GameDBLocalizedString>
	
	<GameDBLocalizedString>    
		<LocID>SYM_ONCO_CRP_LIV0_1_DETECTED</LocID>                               
		<Text>Hepatozelluläres Karzinom (regional) entdeckt</Text>  
	</GameDBLocalizedString>
	
	<GameDBLocalizedString>     
		<LocID>SYM_ONCO_CRP_LIV0_1_DETECTED_DESC</LocID>                               
		<Text>Bei Tests wurde ein hepatozelluläres Karzinom festgestellt, das nachweislich regional begrenzt ist.</Text>  
	</GameDBLocalizedString>
	
	<GameDBLocalizedString>    
		<LocID>SYM_ONCO_CRP_LIV0_2_DETECTED</LocID>                               
		<Text>Hepatozelluläres Karzinom (kritisch) entdeckt</Text>  
	</GameDBLocalizedString>
	
	<GameDBLocalizedString>     
		<LocID>SYM_ONCO_CRP_LIV0_2_DETECTED_DESC</LocID>                               
		<Text>Bei Tests wurde ein hepatozelluläres Karzinom festgestellt, das sich nachweislich in einem kritischen Stadium befindet.</Text>  
	</GameDBLocalizedString>
	
	<GameDBLocalizedString>    
		<LocID>SYM_ONCO_CRP_LIV0_3_DETECTED</LocID>                               
		<Text>Metastasierender Leberkrebs entdeckt</Text>  
	</GameDBLocalizedString>
	
	<GameDBLocalizedString>     
		<LocID>SYM_ONCO_CRP_LIV0_3_DETECTED_DESC</LocID>                               
		<Text>Bei Tests wurde Leberkrebs festgestellt, der nachweislich metastasiert ist.</Text>  
	</GameDBLocalizedString>
	
	<GameDBLocalizedString>      
		<LocID>SYM_ONCO_CRP_BLC01_0_DETECTED_V2</LocID>                               
		<Text>Akute lymphatische Prä-B-Zell-Leukämie entdeckt</Text>  
	</GameDBLocalizedString>
	
	<GameDBLocalizedString>      
		<LocID>SYM_ONCO_CRP_BLC01_1_DETECTED_V2</LocID>                               
		<Text>Akute lymphatische B-Zell-Leukämie entdeckt</Text>  
	</GameDBLocalizedString>
	
	<GameDBLocalizedString>      
		<LocID>SYM_ONCO_CRP_BLC01_2_DETECTED_V2</LocID>                               
		<Text>Akute lymphatische T-Zell-Leukämie entdeckt</Text>  
	</GameDBLocalizedString>
	
	<GameDBLocalizedString>      
		<LocID>SYM_ONCO_CRP_BLC02_A_DETECTED_V2</LocID>                               
		<Text>Chronische lymphatische Leukämie entdeckt</Text>  
	</GameDBLocalizedString>
	
	<GameDBLocalizedString>      
		<LocID>SYM_ONCO_CRP_BLC02_B_DETECTED_V2</LocID>                               
		<Text>Chronische lymphatische Leukämie entdeckt</Text>  
	</GameDBLocalizedString>
	
	<GameDBLocalizedString>      
		<LocID>SYM_ONCO_CRP_BLC03_0_DETECTED_V2</LocID>                               
		<Text>T-Zell-Leukämie mit großen granulären Lymphozyten entdeckt</Text>  
	</GameDBLocalizedString>
	
	<GameDBLocalizedString>      
		<LocID>SYM_ONCO_CRP_BLC03_1_DETECTED_V2</LocID>                               
		<Text>NK-Zell-Leukämie mit grnulären Lymphozyten (LGL) Leukämie entdeckt</Text>  
	</GameDBLocalizedString>
	
	<GameDBLocalizedString>      
		<LocID>SYM_ONCO_CRP_BLC03_2_DETECTED_V2</LocID>                               
		<Text>T-Zell Prolymphozytenleukämie entdeckt</Text>  
	</GameDBLocalizedString>
	
	<GameDBLocalizedString>      
		<LocID>SYM_ONCO_CRP_BLC04_0_DETECTED_V2</LocID>                               
		<Text>Akute myeloische Leukämie (AML) erkannt</Text>  
	</GameDBLocalizedString>
	
	<GameDBLocalizedString>      
		<LocID>SYM_ONCO_CRP_BLC05_A_DETECTED_V2</LocID>                               
		<Text>Chronische myeloische Leukämie (CML) erkannt</Text>  
	</GameDBLocalizedString>

	<GameDBLocalizedString>      
		<LocID>SYM_ONCO_CRP_BLC05_B_DETECTED_V2</LocID>                               
		<Text>Chronische myeloische Leukämie (CML) erkannt</Text>  
	</GameDBLocalizedString>

	<GameDBLocalizedString>      
		<LocID>SYM_ONCO_CRP_BLC05_C_DETECTED_V2</LocID>                               
		<Text>Chronische myeloische Leukämie (CML) erkannt</Text>  
	</GameDBLocalizedString>
	
	<GameDBLocalizedString>      
		<LocID>SYM_ONCO_CRP_BLC08_0_DETECTED_V2</LocID>                               
		<Text>Follikuläres Lymphom entdeckt</Text>  
	</GameDBLocalizedString>
	
	<GameDBLocalizedString>      
		<LocID>SYM_ONCO_CRP_BLC07_0_DETECTED_V2</LocID>                               
		<Text>Diffuses großzelliges B-Zell-Lymphom (NOS) entdeckt</Text>  
	</GameDBLocalizedString>
	
	<GameDBLocalizedString>      
		<LocID>SYM_ONCO_CRP_BREC01_1_DETECTED_V2</LocID>                               
		<Text>Invasives duktales Karzinom (IDC) entdeckt</Text>  
	</GameDBLocalizedString>
	
	<GameDBLocalizedString>     
		<LocID>SYM_ONCO_CRP_BREC01_1M_DETECTED_V2</LocID>                               
		<Text>Invasives duktales Karzinom (IDC) entdeckt</Text>  
	</GameDBLocalizedString>
	
	<GameDBLocalizedString>      
		<LocID>SYM_ONCO_CRP_MC001_1_DETECTED_V2</LocID>                               
		<Text>Gastrointestinale NET entdeckt</Text>  
	</GameDBLocalizedString>
	
	<GameDBLocalizedString>      
		<LocID>SYM_ONCO_CRP_SC3_4_DETECTED_V2</LocID>                               
		<Text>Melanom entdeckt</Text>  
	</GameDBLocalizedString>
	
	<GameDBLocalizedString>      
		<LocID>SYM_ONCO_CRP_SC4_1_DETECTED_V2</LocID>                               
		<Text>Merkelzellkarzinom entdeckt</Text>  
	</GameDBLocalizedString>
	
	<GameDBLocalizedString>      
		<LocID>SYM_ONCO_CRP_ORA001_1_DETECTED</LocID>                               
		<Text>Mukoepidermoides Karzinom entdeckt</Text>  
	</GameDBLocalizedString>
	
	<GameDBLocalizedString>      
		<LocID>SYM_ONCO_CRP_ORA001_1_DETECTED_DESC</LocID>                               
		<Text>Bei den Tests wurde ein mukoepidermoides Karzinom festgestellt, das sich nachweislich in einem niedriggradigen Stadium befindet.</Text>  
	</GameDBLocalizedString>
	
	<GameDBLocalizedString>      
		<LocID>SYM_ONCO_CRP_ORA001_2_DETECTED</LocID>                               
		<Text>Mukoepidermoides Karzinom entdeckt</Text>  
	</GameDBLocalizedString>
	
	<GameDBLocalizedString>      
		<LocID>SYM_ONCO_CRP_ORA001_2_DETECTED_DESC</LocID>                               
		<Text>Bei der Untersuchung wurde ein Mukoepidermoid-Karzinom festgestellt, das sich nachweislich in einem hochgradigen Stadium befindet.</Text>  
	</GameDBLocalizedString>
	
	<!-- ### ### -->
	<!-- ######################################## Content for V0.15.0.0 Added Below ######################################## -->
	<!-- ### ### -->
	
	<GameDBLocalizedString>      
		<LocID>SYM_ONCO_CRP_VAGC1_0F_DETECTED</LocID>                               
		<Text>Vaginale intraepitheliale Neoplasie (VAIN)(LR) entdeckt</Text>  
	</GameDBLocalizedString>
	
	<GameDBLocalizedString>      
		<LocID>SYM_ONCO_CRP_VAGC1_0F_DETECTED_DESC</LocID>                               
		<Text>Bei Tests wurde eine vaginale intraepitheliale Neoplasie (VAIN) festgestellt, die jedoch nachweislich ein geringes Risiko darstellt.</Text>  
	</GameDBLocalizedString>
	
	<GameDBLocalizedString>      
		<LocID>SYM_ONCO_CRP_VAGC1_1F_DETECTED</LocID>                               
		<Text>Vaginale intraepitheliale Neoplasie (VAIN)(HR) entdeckt</Text>  
	</GameDBLocalizedString>
	
	<GameDBLocalizedString>      
		<LocID>SYM_ONCO_CRP_VAGC1_1F_DETECTED_DESC</LocID>                               
		<Text>Bei Tests wurde eine vaginale intraepitheliale Neoplasie (VAIN) festgestellt, und es gibt Hinweise darauf, dass es sich um ein hohes Risiko handelt.</Text>  
	</GameDBLocalizedString>
	
	<GameDBLocalizedString>      
		<LocID>SYM_ONCO_CRP_VAGC2_0F_DETECTED</LocID>                               
		<Text>Vaginales Plattenepithelkarzinom entdeckt</Text>  
	</GameDBLocalizedString>
	
	<GameDBLocalizedString>      
		<LocID>SYM_ONCO_CRP_VAGC2_0F_DETECTED_DESC</LocID>                               
		<Text>Bei einer Untersuchung wurde ein vaginales Plattenepithelkarzinom festgestellt, das nachweislich lokal begrenzt ist.</Text>  
	</GameDBLocalizedString>
	
	<GameDBLocalizedString>      
		<LocID>SYM_ONCO_CRP_VAGC2_1F_DETECTED</LocID>                               
		<Text>Vaginales Plattenepithelkarzinom entdeckt</Text>  
	</GameDBLocalizedString>
	
	<GameDBLocalizedString>      
		<LocID>SYM_ONCO_CRP_VAGC2_1F_DETECTED_DESC</LocID>                               
		<Text>Bei Tests wurde ein vaginales Plattenepithelkarzinom festgestellt, das nachweislich regional begrenzt ist.</Text>  
	</GameDBLocalizedString>
	
	<GameDBLocalizedString>      
		<LocID>SYM_ONCO_CRP_VAGC2_2F_DETECTED</LocID>                               
		<Text>Metastasierender Vaginalkrebs entdeckt</Text>  
	</GameDBLocalizedString>
	
	<GameDBLocalizedString>      
		<LocID>SYM_ONCO_CRP_VAGC2_2F_DETECTED_DESC</LocID>                               
		<Text>Bei Tests wurde Vaginalkrebs festgestellt, der nachweislich metastasiert und sich im Körper ausgebreitet hat.</Text>  
	</GameDBLocalizedString>
	
	<GameDBLocalizedString>      
		<LocID>SYM_ONCO_CRP_ORA002_1_DETECTED</LocID>                               
		<Text>Speichelgangkarzinom entdeckt</Text>  
	</GameDBLocalizedString>
	
	<GameDBLocalizedString>      
		<LocID>SYM_ONCO_CRP_ORA002_1F_DETECTED</LocID>                               
		<Text>Speichelgangkarzinom entdeckt</Text>  
	</GameDBLocalizedString>
	
	<GameDBLocalizedString>      
		<LocID>SYM_ONCO_CRP_ORA002_1_DETECTED_DESC</LocID>                               
		<Text>Bei der Untersuchung wurde ein Speichelgangkarzinom festgestellt.</Text>  
	</GameDBLocalizedString>
	
	</LocalizedStrings>
	</GameDBStringTable>
</Database>