<Database>
	<!-- Oncology Mod by Sleepy068 -->
    <GameDBStringTable ID="LOC_EN_ADDON_ONCOLOGYSL_EXAMINATIONS">

        <LanguageCode>de</LanguageCode>
        <LanguageNameLocalized>Deutsch</LanguageNameLocalized>

        <Contributors>
            <Name>Mr. Noobinger</Name>
        </Contributors>

        <LocalizedStrings>
		<!-- ### ### -->
		<!-- ######################################## Content for V0.15.0.0 Added Below ######################################## -->
		<!-- ### ### -->
		
		<!-- ======================================== -->
		<!-- ============= Core Content ============= -->
		<!-- ======================================== -->
		
		
		<!-- ============================================== -->
		<!-- ============= CRP Export Content ============= -->
		<!-- ============================================== -->

		<GameDBLocalizedString>    
			<LocID>EXM_CRP_OVARIAN_BIOPSY_SAMPLE</LocID>                               
			<Text>Ovarialbiopsie</Text>  
		</GameDBLocalizedString>
		
		<GameDBLocalizedString>     
			<LocID>EXM_CRP_OVARIAN_BIOPSY_SAMPLE_DESC</LocID>                               
			<Text>TDerzeit gibt es keinen wirksamen Screening-Test für Eierstockkrebs. Wenn bei einer Patientin der Verdacht auf Eierstockkrebs besteht, führt der Arzt verschiedene Tests durch, um Anomalien festzustellen, die dann mit einer Biopsie weiterverfolgt werden müssen. Die einzige Möglichkeit, die Diagnose Eierstockkrebs zu bestätigen, besteht in der Entnahme einer Gewebeprobe (Biopsie) und der Betrachtung der Zellen unter dem Mikroskop. \n\nErforderliches Labor: Histologie.</Text>  
		</GameDBLocalizedString>
		
		<GameDBLocalizedString>    
			<LocID>EXM_CRP_OVARIAN_BIOPSY_TEST</LocID>                               
			<Text>Ovarialbiopsie Untersuchung</Text>  
		</GameDBLocalizedString>
		
		<GameDBLocalizedString>     
			<LocID>EXM_CRP_OVARIAN_BIOPSY_TEST_DESC</LocID>                               
			<Text>Die Histologietechniker arbeiten derzeit mit der vom Patienten bereitgestellten Probe. Sie sollten ihre Ergebnisse bald zurückgeben.</Text>  
		</GameDBLocalizedString>
		
		<GameDBLocalizedString>    
			<LocID>EXM_CRP_VAGINAL_BIOPSY_SAMPLE</LocID>                               
			<Text>Vaginalbiopsie</Text>  
		</GameDBLocalizedString>
		
		<GameDBLocalizedString>     
			<LocID>EXM_CRP_VAGINAL_BIOPSY_SAMPLE_DESC</LocID>                               
			<Text>Bestimmte Anzeichen und Symptome können stark auf Vaginalkrebs hindeuten, aber viele von ihnen können auch durch andere Probleme verursacht werden. Die einzige Möglichkeit, sicher zu sein, dass es sich um Krebs handelt, ist eine Biopsie. Bei diesem Verfahren wird ein kleines Stück Gewebe aus dem verdächtigen Bereich entnommen. Ein Techniker, der auf die Diagnose von Krankheiten mit Hilfe von Labortests spezialisiert ist (Histologie-Labortechniker), untersucht dann die Gewebeprobe unter dem Mikroskop, um festzustellen, ob Krebs oder eine Krebsvorstufe vorliegt und, wenn ja, um welche Art es sich handelt. \n\nErforderliches Labor: Histologie</Text>  
		</GameDBLocalizedString>
		
		<GameDBLocalizedString>    
			<LocID>EXM_CRP_VAGINAL_BIOPSY_TEST</LocID>                               
			<Text>Vaginalbiopsie Untersuchung</Text>  
		</GameDBLocalizedString>
		
		<GameDBLocalizedString>     
			<LocID>EXM_CRP_VAGINAL_BIOPSY_TEST_DESC</LocID>                               
			<Text>Die Histologietechniker arbeiten derzeit mit der vom Patienten bereitgestellten Probe. Sie sollten ihre Ergebnisse bald zurückgeben.</Text>  
		</GameDBLocalizedString>
		
		<GameDBLocalizedString>    
			<LocID>EXM_CRP_SALIVARYGLAND_BIOPSY_SAMPLE</LocID>                               
			<Text>Speicheldrüsenbiopsie</Text>  
		</GameDBLocalizedString>
		
		<GameDBLocalizedString>     
			<LocID>EXM_CRP_SALIVARYGLAND_BIOPSY_SAMPLE_DESC</LocID>                               
			<Text>Bei einer Speicheldrüsenbiopsie werden Zellen oder kleine Gewebestücke aus einer oder mehreren Speicheldrüsen entnommen, um sie im Labor zu untersuchen. \n\nErforderliches Labor: Histologie</Text>  
		</GameDBLocalizedString>
		
		<GameDBLocalizedString>    
			<LocID>EXM_CRP_SALIVARYGLAND_BIOPSY_TEST</LocID>                               
			<Text>Speicheldrüsenbiopsie Untersuchung</Text>  
		</GameDBLocalizedString>
		
		<GameDBLocalizedString>     
			<LocID>EXM_CRP_SALIVARYGLAND_BIOPSY_TEST_DESC</LocID>                               
			<Text>Die Histologietechniker arbeiten derzeit mit der vom Patienten bereitgestellten Probe. Sie sollten ihre Ergebnisse bald zurückgeben.</Text>  
		</GameDBLocalizedString>
		
</LocalizedStrings>
</GameDBStringTable>
</Database>