<Database>
	<!-- Oncology Mod by Sleepy068 -->
	<GameDBStringTable ID="LOC_EN_ADDON_ONCOLOGYSL_DIAGNOSES_NEURO">
	<LanguageCode>de</LanguageCode>
	<LanguageNameLocalized>Deutsch</LanguageNameLocalized>
	<Contributors>
	<Name>Mr. Noobinger</Name>
	</Contributors>

	<LocalizedStrings>
        <GameDBLocalizedString>      
		<LocID>DIA_ONCO_CRP_BRAC1_0_V2</LocID>                         
		<Text>Pilozytisches Astrozytom</Text>	
		</GameDBLocalizedString>
		
        <GameDBLocalizedString>      
		<LocID>DIA_ONCO_CRP_BRAC1_0_DESC</LocID>             
		<Text>Astrozytome des Grades I werden auch als pilozytische Astrozytome bezeichnet. Diese Tumore treten bei Kindern und jungen Erwachsenen auf. Sie sind weniger invasiv als andere Grade und haben eine relativ gute Prognose.  Sie entstehen in der Regel im Kleinhirn, in der Nähe des Hirnstamms, in der Hypothalamusregion oder im Chiasma opticum, können aber in jedem Bereich auftreten, in dem Astrozyten vorhanden sind, einschließlich der Gehirnhälften und des Rückenmarks. Diese Tumore sind in der Regel langsam wachsend und gutartig.</Text>	
		</GameDBLocalizedString>
		
		<GameDBLocalizedString>      
		<LocID>DIA_ONCO_CRP_BRAC1_1_V2</LocID>                         
		<Text>Diffuses Astrozytom</Text>	
		</GameDBLocalizedString>
		
        <GameDBLocalizedString>      
		<LocID>DIA_ONCO_CRP_BRAC1_1_DESC</LocID>             
		<Text>Diffuse Astrozytome, auch als niedriggradig infiltrierende Astrozytome bezeichnet, werden als WHO-II-Tumore des Gehirns bezeichnet. Der Begriff "diffus infiltrierend" bedeutet, dass es keine erkennbare Grenze zwischen dem Tumor und dem normalen Hirngewebe gibt, auch wenn die Grenzen in der Bildgebung gut abgegrenzt erscheinen können.</Text>	
		</GameDBLocalizedString>
		
		<GameDBLocalizedString>      
		<LocID>DIA_ONCO_CRP_BRAC1_2_V2</LocID>                         
		<Text>Anaplastisches Astrozytom</Text>	
		</GameDBLocalizedString>
		
        <GameDBLocalizedString>      
		<LocID>DIA_ONCO_CRP_BRAC1_2_DESC</LocID>             
		<Text>Das anaplastische Astrozytom ist ein seltener bösartiger Hirntumor. Astrozytome sind Tumore, die sich aus bestimmten sternförmigen Gehirnzellen, den Astrozyten, entwickeln. Astrozyten und ähnliche Zellen bilden Gewebe, das andere Nervenzellen im Gehirn und Rückenmark umgibt und schützt.</Text>	
		</GameDBLocalizedString>
		
		<GameDBLocalizedString>      
		<LocID>DIA_ONCO_CRP_BRAC1_3_V2</LocID>                         
		<Text>Glioblastom</Text>	
		</GameDBLocalizedString>
		
        <GameDBLocalizedString>      
		<LocID>DIA_ONCO_CRP_BRAC1_3_DESC</LocID>             
		<Text>Das Glioblastom, auch bekannt als Glioblastoma multiforme (GBM), ist der aggressivste Krebs, der im Gehirn entsteht. Anfänglich sind die Anzeichen und Symptome eines Glioblastoms unspezifisch. Sie können Kopfschmerzen, Persönlichkeitsveränderungen, Übelkeit und Symptome, die denen eines Schlaganfalls ähneln, umfassen.</Text>	
		</GameDBLocalizedString>
	</LocalizedStrings>
	</GameDBStringTable>
</Database>

