<Database>
	<!-- Oncology Mod by Sleepy068 -->
	<GameDBStringTable ID="LOC_EN_ADDON_ONCOLOGYSL_TREATMENTSSURGERY">
	<LanguageCode>de</LanguageCode>
	<LanguageNameLocalized>Deutsch</LanguageNameLocalized>
	<Contributors>
	<Name>Mr. Noobinger</Name>
	</Contributors>

	<LocalizedStrings>
	<GameDBLocalizedString>      
	<LocID>SUR_SLP_WIDELOCALEXCISION</LocID>                               
	<Text>Breite lokale Exzision (WLE)</Text>  
	</GameDBLocalizedString>
            
	<GameDBLocalizedString>      
	<LocID>SUR_SLP_WIDELOCALEXCISION_DESC</LocID>                   
	<Text>Eine breite lokale Exzision (WLE) ist ein chirurgisches Verfahren zur Entfernung eines kleinen Bereichs von krankem oder problematischem Gewebe mit einem Rand von normalem Gewebe. Dieses Verfahren wird in der Regel an der Brust und bei Hautläsionen durchgeführt, kann aber an jeder Stelle des Körpers angewendet werden. \n\nErforderlicher Raum: Operationssaal Onkologie</Text>  
	</GameDBLocalizedString>
	
	<GameDBLocalizedString>      
	<LocID>SUR_SLP_LAPAROSCOPIC_SURGERY</LocID>                                    	
	<Text>Laparoskopische Chirurgie</Text>  
	</GameDBLocalizedString>

	<GameDBLocalizedString>      
	<LocID>SUR_SLP_LAPAROSCOPIC_SURGERY_DESC</LocID>                        	
	<Text>Die laparoskopische oder „minimal invasive“ Operation ist eine spezialisierte Operationstechnik. Es ist ein risikoarmer, minimal invasiver Eingriff, der nur kleine Schnitte erfordert. Die Laparoskopie verwendet ein Instrument, das als Laparoskop bezeichnet wird, um die Bauchorgane zu untersuchen. \ n \ nbenötigtes Zimmer: Operationssaal Onkologie</Text>  
	</GameDBLocalizedString>
	
	<GameDBLocalizedString>      
	<LocID>SUR_SLP_LOBECTOMY_SURGERY</LocID>                                    	
	<Text>Pulmonale Lobektomie</Text>  
	</GameDBLocalizedString>

	<GameDBLocalizedString>      
	<LocID>SUR_SLP_LOBECTOMY_SURGERY_DESC</LocID>                        	
	<Text>Die pulmonale Lobektomie der Lunge ist eine chirurgische Operation, bei der ein Lungenlappen entfernt wird. Es wird durchgeführt, um einen Teil der erkrankten Lunge zu entfernen, beispielsweise Lungenkrebs im Frühstadium. \ n \ nbenötigtes Zimmer: Operationssaal Onkologie</Text>  
	</GameDBLocalizedString>
	
	<GameDBLocalizedString>      
	<LocID>SUR_SLP_ENDOVASCULAR_EMBOLISATION</LocID>                                    	
	<Text>Endovaskuläre Embolisation</Text>  
	</GameDBLocalizedString>

	<GameDBLocalizedString>      
	<LocID>SUR_SLP_ENDOVASCULAR_EMBOLISATION_DESC</LocID>                        	
	<Text>Die endovaskuläre Embolisation (EE) ist ein invasiver chirurgischer Eingriff. Es wird verwendet, um abnormale Blutgefäße in Ihrem Gehirn sowie in anderen Bereichen Ihres Körpers zu behandeln. Dieses Verfahren ist eine Alternative zur offenen Operation. Es blockiert Blutgefäße, um den Blutfluss zu einem betroffenen Bereich zu unterbrechen. \ n \ nbenötigtes Zimmer: Operationssaal Onkologie</Text>  
	</GameDBLocalizedString>
	
	<GameDBLocalizedString>      
	<LocID>SUR_SLP_ONCO_NERVE_DECOM_SURGERY</LocID>                                    	
	<Text>Nervenrekonstruktive Chirurgie</Text>
	</GameDBLocalizedString>

	<GameDBLocalizedString>      
	<LocID>SUR_SLP_ONCO_NERVE_DECOM_SURGERY_DESC</LocID>                        	
	<Text>Die chirurgische Nervenreparatur umfasst die Erforschung des verletzten Nervs und die Entfernung des verletzten Gewebes oder der verletzten Narbe von den Nervenenden. Danach kann ein Nerv direkt wieder angeschlossen werden, wenn an den Enden genügend Länge vorhanden ist, um eine Reparatur von guter Qualität ohne Spannung zu ermöglichen. \ n \ nbenötigtes Zimmer: Operationssaal Onkologie</Text>  
	</GameDBLocalizedString>
	
	<GameDBLocalizedString>      
	<LocID>SUR_SLP_POLYPECTOMY</LocID>                                    	
	<Text>Polypektomie</Text>  
	</GameDBLocalizedString>

	<GameDBLocalizedString>      
	<LocID>SUR_SLP_POLYPECTOMY_DESC</LocID>                        	
	<Text>Eine Polypektomie ist ein Verfahren zur Entfernung von Polypen aus dem Dickdarminneren, auch Dickdarm genannt. Ein Polyp ist eine abnormale Gewebesammlung. Das Verfahren ist relativ nicht invasiv. \ n \ nbenötigtes Zimmer: Operationssaal Onkologie</Text>  
	</GameDBLocalizedString>
	
	<GameDBLocalizedString>      
	<LocID>SUR_SLP_PARTIAL_COLECTOMY</LocID>                                    	
	<Text>Kolektomie</Text>  
	</GameDBLocalizedString>

	<GameDBLocalizedString>      
	<LocID>SUR_SLP_PARTIAL_COLECTOMY_DESC</LocID>                        	
	<Text>Eine Kolektomie ist eine Darmresektion des Dickdarms. Es besteht aus der chirurgischen Entfernung jeglichen Ausmaßes des Dickdarms, üblicherweise einer segmentalen Resektion. In extremen Fällen, in denen der gesamte Dickdarm entfernt wird. \ n \ nbenötigtes Zimmer: Operationssaal Onkologie</Text>  
	</GameDBLocalizedString>
	
	<GameDBLocalizedString>      
	<LocID>SUR_SLP_ADRENALECTOMY</LocID>                                    	
	<Text>Adrenalektomie</Text>  
	</GameDBLocalizedString>

	<GameDBLocalizedString>      
	<LocID>SUR_SLP_ADRENALECTOMY_DESC</LocID>                        	
	<Text>Die Adrenalektomie ist die chirurgische Entfernung einer oder beider Nebennieren. Es wird in der Regel bei Patienten mit Nebennierentumoren empfohlen. Das Verfahren kann unter Verwendung einer offenen Inzision oder einer laparoskopischen Technik durchgeführt werden. \ n \ nbenötigtes Zimmer: Operationssaal Onkologie</Text>  
	</GameDBLocalizedString>
	
	<GameDBLocalizedString>     
	<LocID>SUR_SLP_SPLENECTOMY</LocID>                                    	
	<Text>Splenektomie</Text>  
	</GameDBLocalizedString>

	<GameDBLocalizedString>      
	<LocID>SUR_SLP_SPLENECTOMY_DESC</LocID>                        	
	<Text>Die Splenektomie ist ein chirurgischer Eingriff zur Entfernung Ihrer Milz. Die Milz ist ein Organ, das sich links oben unter Ihrem Brustkorb befindet. Es hilft bei der Bekämpfung von Infektionen und filtert nicht benötigtes Material wie alte oder beschädigte Blutzellen aus Ihrem Blut. Der häufigste Grund für die Splenektomie ist die Behandlung einer Milzruptur, die häufig durch eine Bauchverletzung verursacht wird. Die Splenektomie kann zur Behandlung anderer Erkrankungen angewendet werden, einschließlich einer vergrößerten Milz, die Beschwerden (Splenomegalie), einige Blutkrankheiten, bestimmte Krebsarten, Infektionen und nicht kanzeröse Zysten oder Tumoren verursacht. \ n \ nbenötigtes Zimmer: Operationssaal Onkologie</Text>  
	</GameDBLocalizedString>
	
	<GameDBLocalizedString>      
	<LocID>SUR_SLP_SEG_MASTECTOMY</LocID>                                    	
	<Text>Partielle Mastektomie</Text>  
	</GameDBLocalizedString>

	<GameDBLocalizedString>      
	<LocID>SUR_SLP_SEG_MASTECTOMY_DESC</LocID>                        	
	<Text>Eine Operation zur Entfernung des Krebses und einiger normaler Gewebe, aber nicht der Brust. Einige Lymphknoten unter dem Arm können zur Biopsie entfernt werden. Ein Teil der Brustwandverkleidung kann auch entfernt werden, wenn der Krebs in der Nähe ist. \ n \ nbenötigtes Zimmer: Operationssaal Onkologie</Text>  
	</GameDBLocalizedString>
	
	<GameDBLocalizedString>      
	<LocID>SUR_SLP_DEBULKING</LocID>                                    	
	<Text>Chirurgisches Debulking</Text>  
	</GameDBLocalizedString>

	<GameDBLocalizedString>      
	<LocID>SUR_SLP_DEBULKING_DESC</LocID>                        	
	<Text>Das chirurgische Debulken von Tumoren ist ein Verfahren, bei dem ein chirurgisch unheilbares malignes Neoplasma teilweise ohne Heilungsabsicht entfernt wird, um die anschließende Therapie mit Arzneimitteln, Bestrahlung oder anderen Zusatzmaßnahmen wirksamer zu gestalten und dadurch die Überlebensdauer zu verbessern. Der Arzt muss Follow-up-Behandlungstermine mit dem Patienten buchen, um den Krebs in eine Remission zu treiben. \ n \ nbenötigtes Zimmer: Operationssaal Onkologie</Text>  
	</GameDBLocalizedString>
	
	<GameDBLocalizedString>      
	<LocID>SUR_SLP_GTR</LocID>                                    	
	<Text>Kraniotomie der Brutto-Totalresektion</Text>  
	</GameDBLocalizedString>

	<GameDBLocalizedString>      
	<LocID>SUR_SLP_GTR_DESC</LocID>                        	
	<Text>Die Bruttototalresektion ist eine vollständige Entfernung des sichtbaren Tumorgewebes der Magnetresonanztomographie (MRT). Die supratotale Resektion wird als Brutto-Totalresektion durchgeführt, wobei die im MRT sichtbaren Tumorgewebegrenzen in das nicht betroffene Hirngewebe ausgeschnitten werden. \ n \ nbenötigtes Zimmer: Operationssaal Onkologie</Text>  
	</GameDBLocalizedString>
	
	<GameDBLocalizedString>      
	<LocID>SUR_SLP_UNI_SALOOPH</LocID>                                    	
	<Text>Einseitige Salpingo-Oophorektomie</Text>  
	</GameDBLocalizedString>

	<GameDBLocalizedString>      
	<LocID>SUR_SLP_UNI_SALOOPH_DESC</LocID>                        	
	<Text>Eine unilaterale Salpingo-Oophorektomie ist die chirurgische Entfernung eines Eierstocks und eines Eileiters, die sich auf derselben Körperseite befinden und eine gemeinsame Blutversorgung haben (im Gegensatz dazu umfasst ein bilateraler Eingriff die Entfernung von Eierstöcken und Eileitern Röhren). Die einseitige Salpingo-Oophorektomie ist die erste Wahl für Frauen, die die Fruchtbarkeit erhalten möchten. Obwohl ein höheres Risiko für lokale Rückfälle festgestellt wird, ist dies nicht mit einem verringerten Gesamtüberleben verbunden. \ n \ nbenötigtes Zimmer: Operationssaal Onkologie</Text>  
	</GameDBLocalizedString>
	
	<GameDBLocalizedString>      
	<LocID>SUR_SLP_RAD_PROS</LocID>                                    	
	<Text>Radikale Prostatektomie</Text>  
	</GameDBLocalizedString>

	<GameDBLocalizedString>      
	<LocID>SUR_SLP_RAD_PROS_DESC</LocID>                        	
	<Text>Die radikale Prostatektomie ist eine Operation zur Entfernung der Prostata und des sie umgebenden Gewebes. Dies schließt normalerweise die Samenbläschen und einige nahegelegene Lymphknoten ein. Eine radikale Prostatektomie kann Prostatakrebs bei Männern heilen, deren Krebs auf die Prostata beschränkt ist. \ n \ nbenötigtes Zimmer: Operationssaal Onkologie</Text>  
	</GameDBLocalizedString>
	
	<GameDBLocalizedString>      
	<LocID>SUR_SLP_PARATHY</LocID>                                    	
	<Text>Nebenschilddrüsenentfernung</Text>  
	</GameDBLocalizedString>

	<GameDBLocalizedString>      
	<LocID>SUR_SLP_PARATHY_DESC</LocID>                        	
	<Text>Die Parathyreoidektomie ist eine Operation zur Entfernung der Nebenschilddrüsen oder Nebenschilddrüsentumoren. Die Nebenschilddrüsen befinden sich direkt hinter Ihrer Schilddrüse in Ihrem Nacken. Diese Drüsen helfen Ihrem Körper, den Kalziumspiegel im Blut zu kontrollieren. \ n \ nbenötigtes Zimmer: Operationssaal Onkologie</Text>  
	</GameDBLocalizedString>
	
	<GameDBLocalizedString>      
	<LocID>SUR_SLP_SEGMENTECTOMY</LocID>                                    	
	<Text>Segmentektomie</Text>  
	</GameDBLocalizedString>

	<GameDBLocalizedString>      
	<LocID>SUR_SLP_SEGMENTECTOMY_DESC</LocID>                        	
	<Text>Die segmentale Resektion ist ein chirurgischer Eingriff zur Entfernung eines Teils eines Organs oder einer Drüse als Untertyp einer Resektion, bei dem möglicherweise der gesamte Körperteil entfernt wird. Es kann auch verwendet werden, um einen Tumor und normales Gewebe um ihn herum zu entfernen. \ n \ n Erforderlicher Raum: Operationssaal Onkologie</Text>  
	</GameDBLocalizedString>
	
	<GameDBLocalizedString>      
	<LocID>SUR_SLP_HEPATECTOMY</LocID>                                    	
	<Text>Hepatektomie</Text>  
	</GameDBLocalizedString>

	<GameDBLocalizedString>      
	<LocID>SUR_SLP_HEPATECTOMY_DESC</LocID>                        	
	<Text>Die Hepatektomie ist die chirurgische Resektion (Entfernung der gesamten oder eines Teils) der Leber. \ n \ n Erforderlicher Raum: Operationssaal Onkologie</Text>  
	</GameDBLocalizedString>
	
	<GameDBLocalizedString>      
	<LocID>SUR_SLP_LIVER_TRANSPL</LocID>                                    	
	<Text>Lebertransplantation</Text>  
	</GameDBLocalizedString>

	<GameDBLocalizedString>      
	<LocID>SUR_SLP_LIVER_TRANSPL_DESC</LocID>                        	
	<Text>Eine Lebertransplantation ist ein chirurgischer Eingriff, bei dem eine Leber, die nicht mehr richtig funktioniert (Leberversagen), entfernt und durch eine gesunde Leber eines verstorbenen Spenders oder einen Teil einer gesunden Leber eines lebenden Spenders ersetzt wird. \ n \ n Erforderlicher Raum: Operationssaal Onkologie</Text>  
	</GameDBLocalizedString>
	
	<GameDBLocalizedString>      
	<LocID>SUR_SLP_Parotidektomie</LocID>                                    	
	<Text>Parotidectomy</Text>  
	</GameDBLocalizedString>

	<GameDBLocalizedString>      
	<LocID>SUR_SLP_PAROTIDECTOMY_DESC</LocID>                        	
	<Text>Eine Parotidektomie ist die chirurgische Entfernung der Parotis, der größten und größten Speicheldrüse. Das Verfahren wird am typischsten aufgrund von Neoplasmen durchgeführt, bei denen es sich um Wachstum von sich schnell und abnormal teilenden Zellen handelt. Neubildungen können gutartig oder bösartig sein. \ n \ n Erforderlicher Raum: Operationssaal Onkologie</Text>  
	</GameDBLocalizedString>
	
	<!-- ### ### -->
	<!-- ######################################## Content for V0.15.0.0 Added Below ######################################## -->
	<!-- ### ### -->
	<GameDBLocalizedString>      
	<LocID>SUR_SLP_VAGINEKTOMIE</LocID>                                    	
	<Text>Vaginectomy</Text>  
	</GameDBLocalizedString>

	<GameDBLocalizedString>      
	<LocID>SUR_SLP_VAGINECTOMY_DESC</LocID>                        	
	<Text>Die Vaginektomie ist ein chirurgischer Eingriff zur vollständigen oder teilweisen Entfernung der Vagina. Sie wird in der Regel zur Behandlung von Scheidenkrebs eingesetzt. Wenn die Gebärmutter und die Eierstöcke intakt bleiben sollen, hinterlässt die Vaginektomie einen Kanal und eine Öffnung, die für den Abfluss des Menstruationsflusses geeignet sind. Andernfalls muss eine Hysterektomie durchgeführt werden, um die Gefahr zu vermeiden, dass Menstruationsflüssigkeit im Körper verbleibt. \n\nErforderlicher Raum: Operationssaal Onkologie</Text>  
	</GameDBLocalizedString>
	
	<GameDBLocalizedString>      
	<LocID>SUR_SLP_BRACHYTHERAPY</LocID>                                    	
	<Text>Brachytherapie</Text>  
	</GameDBLocalizedString>

	<GameDBLocalizedString>      
	<LocID>SUR_SLP_BRACHYTHERAPY_DESC</LocID>                        	
	<Text>Die Brachytherapie ist ein Verfahren, bei dem radioaktives Material in den Körper des Patienten eingebracht wird. Die Brachytherapie ist eine Form der Strahlentherapie, die zur Behandlung von Krebs eingesetzt wird. Die Brachytherapie wird manchmal auch als innere Bestrahlung bezeichnet. Mit der Brachytherapie können die Ärzte eine höhere Strahlendosis an spezifischere Bereiche des Körpers abgeben als bei der herkömmlichen Strahlentherapie (externe Strahlung), bei der die Strahlung von einem Gerät außerhalb des Körpers abgegeben wird. Die Brachytherapie kann weniger Nebenwirkungen verursachen als die externe Bestrahlung, und die gesamte Behandlungszeit ist in der Regel kürzer. \n\nErforderlicher Raum: Operationssaal onkologischen</Text>  
	</GameDBLocalizedString>
	
	</LocalizedStrings>
	</GameDBStringTable>
</Database>
