<Database>
    <GameDBStringTable ID="LOC_ZHHANS_ADDON_ONCOLOGYSL_EXAMINATIONS">

        <LanguageCode>zh-Hans</LanguageCode>
        <LanguageNameLocalized>Chinese</LanguageNameLocalized>

        <Contributors>
            <Name>1328411791</Name>
        </Contributors>

        <LocalizedStrings>
            <!-- Examinations -->
            <GameDBLocalizedString>      
			<LocID>EXM_SLP_CCBT</LocID>                                      
			<Text>儿茶酚胺血液采样</Text>  
			</GameDBLocalizedString>
			
			<GameDBLocalizedString>      
			<LocID>EXM_SLP_CCBT_DESC</LocID>                                      
			<Text>血液测试测量你体内儿茶酚胺的含量。“儿茶酚胺”是多巴胺、去甲肾上腺素和肾上腺素的总称。</Text>  
			</GameDBLocalizedString>
			
			<GameDBLocalizedString>      
			<LocID>EXM_SLP_CCBT_TEST</LocID>                                      
			<Text>儿茶酚胺血液测试</Text>  
			</GameDBLocalizedString>
			
			<GameDBLocalizedString>      
			<LocID>EXM_SLP_CCBT_TEST_DESC</LocID>                                      
			<Text>血液测试测量你体内儿茶酚胺的含量。“儿茶酚胺”是多巴胺、去甲肾上腺素和肾上腺素的总称。</Text>  
			</GameDBLocalizedString>
			
			<GameDBLocalizedString>      
			<LocID>EXM_SLP_CEA</LocID>                                      
			<Text>癌胚抗原（CEA）血液采样</Text>  
			</GameDBLocalizedString>
			
			<GameDBLocalizedString>      
			<LocID>EXM_SLP_CEA_DESC</LocID>                                      
			<Text>癌胚抗原(CEA)检测是一种血液检测，用于帮助诊断和管理某些类型的癌症。CEA检查特别用于大肠和直肠的癌症。CEA测试测量血液中CEA的含量。癌症治疗或手术后体内大量的CEA表明癌症并未消失。这也可能意味着癌症已经扩散到你身体的其他部位。</Text>  
			</GameDBLocalizedString>
			
			<GameDBLocalizedString>      
			<LocID>EXM_SLP_CEA_TEST</LocID>                                      
			<Text>癌胚抗原(CEA)血液测试</Text>  
			</GameDBLocalizedString>
			
			<GameDBLocalizedString>      
			<LocID>EXM_SLP_CEA_TEST_DESC</LocID>                                      
			<Text>癌胚抗原(CEA)检测是一种血液检测，用于帮助诊断和管理某些类型的癌症。CEA检查特别用于大肠和直肠的癌症。CEA测试测量血液中CEA的含量。癌症治疗或手术后体内大量的CEA表明癌症并未消失。这也可能意味着癌症已经扩散到你身体的其他部位。</Text>  
			</GameDBLocalizedString>
			
			<GameDBLocalizedString>      
			<LocID>EXM_SLP_COLONOSCOPY</LocID>                                      
			<Text>结肠镜检查</Text>  
			</GameDBLocalizedString>
			
			<GameDBLocalizedString>      
			<LocID>EXM_SLP_COLONOSCOPY_DESC</LocID>                                      
			<Text>结肠镜检查是一种医疗程序，用于查找癌症，结肠息肉或肠内其他异常情况。 结肠镜检查是使用称为结肠镜（一种内窥镜）的仪器进行的，结肠镜是一种细长，细而柔软的软管，内装有照相机和照明灯。</Text>  
			</GameDBLocalizedString>
			
			<GameDBLocalizedString>      
			<LocID>EXM_SLP_5HIAA</LocID>                                      
			<Text>5-羟吲哚乙酸（5-HIAA）尿液采样</Text>  
			</GameDBLocalizedString>
			
			<GameDBLocalizedString>      
			<LocID>EXM_SLP_5HIAA_DESC</LocID>                                      
			<Text>尿液检查以检查5-羟色胺分解产物5-HIAA（5-羟基吲哚乙酸）的量。5-羟吲哚乙酸（5-HIAA）是一种与行为和抑郁有关的神经递质，由一些癌症细胞制造。</Text>  
			</GameDBLocalizedString>
			
			<GameDBLocalizedString>      
			<LocID>EXM_SLP_5HIAA_TEST</LocID>                                      
			<Text>5-羟吲哚乙酸（5-HIAA）尿液测试</Text>  
			</GameDBLocalizedString>
			
			<GameDBLocalizedString>      
			<LocID>EXM_SLP_5HIAA_TEST_DESC</LocID>                                      
			<Text>尿液检查以检查5-羟色胺分解产物5-HIAA（5-羟基吲哚乙酸）的量。5-羟吲哚乙酸（5-HIAA）是一种与行为和抑郁有关的神经递质，由一些癌症细胞制造。</Text>  
			</GameDBLocalizedString>
			
			<GameDBLocalizedString>      
			<LocID>EXM_SLP_CHRAB</LocID>                                      
			<Text>嗜铬粒蛋白A血液采样</Text>  
			</GameDBLocalizedString>
			
			<GameDBLocalizedString>      
			<LocID>EXM_SLP_CHRAB_DESC</LocID>                                      
			<Text>嗜铬粒蛋白A (CgA)检测被用作肿瘤标志物，以帮助诊断类癌肿瘤。它也可用于检测神经内分泌细胞引起的其他肿瘤的存在。</Text>  
			</GameDBLocalizedString>
			
			<GameDBLocalizedString>      
			<LocID>EXM_SLP_CHRAB_TEST</LocID>                                      
			<Text>嗜铬粒蛋白血液测试</Text>  
			</GameDBLocalizedString>
			
			<GameDBLocalizedString>      
			<LocID>EXM_SLP_CHRAB_TEST_DESC</LocID>                                      
			<Text>嗜铬粒蛋白A (CgA)检测被用作肿瘤标志物，以帮助诊断类癌肿瘤。它也可用于检测神经内分泌细胞引起的其他肿瘤的存在。</Text>  
			</GameDBLocalizedString>

</LocalizedStrings>
</GameDBStringTable>
</Database>