<Database>
	<GameDBStringTable ID="LOC_ZHHANS_ADDON_ONCOLOGYSL_TREATMENTS">
	<LanguageCode>zh-Hans</LanguageCode>
	<LanguageNameLocalized>Chinese</LanguageNameLocalized>
	<Contributors>
	<Name>1328411791</Name>
	</Contributors>

	<LocalizedStrings>
	
	<GameDBLocalizedString>      
	<LocID>TRT_SLP_IMIQUIMOD_CREAM</LocID>                                    	
	<Text>咪喹莫特乳膏</Text>  
	</GameDBLocalizedString>

	<GameDBLocalizedString>      
	<LocID>TRT_SLP_IMIQUIMOD_CREAM_DESC</LocID>                        	
	<Text>咪喹莫特是一种作为免疫反应调节剂的处方乳霜，用于治疗浅表基底细胞癌和光化性角化病。 \n\n所需房间：任何办公室</Text>  
	</GameDBLocalizedString>
	
	<GameDBLocalizedString>      
	<LocID>TRT_SLP_PHOTODYNAMIC_THERAPY</LocID>                                    	
	<Text>光动力疗法</Text>  
	</GameDBLocalizedString>

	<GameDBLocalizedString>      
	<LocID>TRT_SLP_PHOTODYNAMIC_THERAPY_DESC</LocID>                        	
	<Text>光动力疗法是一种使用某些称为光敏剂的药物与特殊光一起杀死癌细胞的治疗方法。 \n\n所需房间：任何办公室</Text>  
	</GameDBLocalizedString>
	
	<GameDBLocalizedString>      
	<LocID>TRT_SLP_MOHS_MICROGRAPHIC_SURGERY</LocID>                               
	<Text>莫氏显微外科</Text>  
	</GameDBLocalizedString>
            
	<GameDBLocalizedString>      
	<LocID>TRT_SLP_MOHS_MICROGRAPHIC_SURGERY_DESC</LocID>                   
	<Text>莫氏手术是一项先进的手术技术，可以精确去除所有形式的皮肤癌，同时又能保护周围的健康组织。 \n\n所需房间：肿瘤学手术室。</Text>  
	</GameDBLocalizedString>
	
	<GameDBLocalizedString>      
	<LocID>TRT_SL_DOCTORS_ADVICE</LocID>                                    	
	<Text>肿瘤病人咨询</Text>  
	</GameDBLocalizedString>

	<GameDBLocalizedString>      
	<LocID>TRT_SL_DOCTORS_ADVICE_DESC</LocID>                        	
	<Text>医生会就如何处理情况向患者提供建议，帮助患者更好地了解他们的选择（例如姑息治疗），并尽一切努力确保患者在这段时间内拥有最佳的生活质量。 \n\n所需房间：任何办公室</Text>  
	</GameDBLocalizedString>
	
	<GameDBLocalizedString>      
	<LocID>TRT_SLP_TARGETED_THERAPY</LocID>                                    	
	<Text>靶向疗法</Text>  
	</GameDBLocalizedString>

	<GameDBLocalizedString>      
	<LocID>TRT_SLP_TARGETED_THERAPY_DESC</LocID>                        	
	<Text>靶向疗法通过靶向癌症的特定基因，蛋白质或有助于癌症生长和存活的组织环境而起作用。 \n\n所需房间：任何办公室</Text>  
	</GameDBLocalizedString>
	
	<GameDBLocalizedString>      
	<LocID>TRT_SLP_CHEMOTHERAPY</LocID>                                    	
	<Text>化学疗法</Text>  
	</GameDBLocalizedString>

	<GameDBLocalizedString>      
	<LocID>TRT_SLP_CHEMOTHERAPY_DESC</LocID>                        	
	<Text>化学疗法是一种癌症治疗方法，它使用一种或多种抗癌药作为标准化化疗方案的一部分。 化学疗法可能具有治愈目的，或者可能旨在延长寿命或减轻症状。 \n\n所需房间：肿瘤科住院。</Text>  
	</GameDBLocalizedString>
	
	<GameDBLocalizedString>      
	<LocID>TRT_SLP_LAPAROSCOPIC_SURGERY</LocID>                                    	
	<Text>腹腔镜手术</Text>  
	</GameDBLocalizedString>

	<GameDBLocalizedString>      
	<LocID>TRT_SLP_LAPAROSCOPIC_SURGERY_DESC</LocID>                        	
	<Text>腹腔镜或“微创”手术是一种进行手术的专门技术。 这是一种低风险，微创手术，仅需很小的切口即可。 腹腔镜检查使用一种称为腹腔镜的仪器来检查腹部器官。 \n\n所需房间：肿瘤科手术室</Text>  
	</GameDBLocalizedString>
	
	<GameDBLocalizedString>      
	<LocID>TRT_SLP_LOBECTOMY_SURGERY</LocID>                                    	
	<Text>肺肺叶切除术</Text>  
	</GameDBLocalizedString>

	<GameDBLocalizedString>      
	<LocID>TRT_SLP_LOBECTOMY_SURGERY_DESC</LocID>                        	
	<Text>肺肺叶切除术是一项外科手术，其中肺叶被切除。 这样做是为了除去一部分患病的肺，例如早期肺癌。 \n\n所需房间：肿瘤科手术室</Text>  
	</GameDBLocalizedString>
	
	<GameDBLocalizedString>      
	<LocID>TRT_SLP_ENDOVASCULAR_EMBOLISATION</LocID>                                    	
	<Text>血管内栓塞术</Text>  
	</GameDBLocalizedString>

	<GameDBLocalizedString>      
	<LocID>TRT_SLP_ENDOVASCULAR_EMBOLISATION_DESC</LocID>                        	
	<Text>血管内栓塞术（EE）是一种侵入性外科手术。 它用于治疗大脑以及身体其他部位发现的异常血管。 该程序是开放手术的替代方法。 它会阻塞血管以切断流向患处的血液。 \n\n所需房间：肿瘤科手术室</Text>  
	</GameDBLocalizedString>
	
	<GameDBLocalizedString>      
	<LocID>TRT_SLP_IMMUNOTHERAPY_DRUGS</LocID>                                    	
	<Text>免疫疗法</Text>  
	</GameDBLocalizedString>

	<GameDBLocalizedString>      
	<LocID>TRT_SLP_IMMUNOTHERAPY_DRUGS_DESC</LocID>                        	
	<Text>免疫疗法是一种癌症疗法，可帮助人体的免疫系统抵抗癌症。 \n\n所需房间：任何办公室</Text>  
	</GameDBLocalizedString>
	
	<GameDBLocalizedString>      
	<LocID>TRT_SLP_NERVE_DECOM_SURGERY</LocID>                                    	
	<Text>神经重建手术</Text>  
	</GameDBLocalizedString>

	<GameDBLocalizedString>      
	<LocID>TRT_SLP_NERVE_DECOM_SURGERY_DESC</LocID>                        	
	<Text>外科手术神经修复包括探查受伤的神经并从神经末梢去除受伤的组织或疤痕。 此后，如果末端有足够的长度以允许高质量的修复而没有张力，则可以直接重新连接神经。 \n\n所需房间：肿瘤科手术室</Text>  
	</GameDBLocalizedString>
	
	<GameDBLocalizedString>      
	<LocID>TRT_SLP_EPIPEN</LocID>                                    	
	<Text>肾上腺素自动注射器</Text>  
	</GameDBLocalizedString>

	<GameDBLocalizedString>      
	<LocID>TRT_SLP_EPIPEN_DESC</LocID>                        	
	<Text>肾上腺素自动注射器是一种通过自动注射器技术注射一定剂量的肾上腺素的医疗设备。 它最常用于过敏反应的治疗。 \n\n所需房间：任何办公室</Text>  
	</GameDBLocalizedString>
	
	<GameDBLocalizedString>      
	<LocID>TRT_SLP_POLYPECTOMY</LocID>                                    	
	<Text>息肉切除术</Text>  
	</GameDBLocalizedString>

	<GameDBLocalizedString>      
	<LocID>TRT_SLP_POLYPECTOMY_DESC</LocID>                        	
	<Text>息肉切除术是一种用于从结肠内部（也称为大肠）切除息肉的手术。 息肉是组织的异常集合。 该过程是相对无创的。 \n\n所需房间：肿瘤科手术室</Text>  
	</GameDBLocalizedString>
	
	<GameDBLocalizedString>      
	<LocID>TRT_SLP_PARTIAL_COLECTOMY</LocID>                                    	
	<Text>结肠切除术</Text>  
	</GameDBLocalizedString>

	<GameDBLocalizedString>      
	<LocID>TRT_SLP_PARTIAL_COLECTOMY_DESC</LocID>                        	
	<Text>结肠切除术是大肠的肠切除术。 它包括手术切除任何程度的结肠，通常是分段切除。 在极端情况下，整个大肠都会被切除。 \n\n所需房间：肿瘤科手术室</Text>  
	</GameDBLocalizedString>
	
	<GameDBLocalizedString>      
	<LocID>TRT_SLP_ADRENALECTOMY</LocID>                                    	
	<Text>肾上腺切除术</Text>  
	</GameDBLocalizedString>

	<GameDBLocalizedString>      
	<LocID>TRT_SLP_ADRENALECTOMY_DESC</LocID>                        	
	<Text>肾上腺切除术是通过手术切除一个或两个肾上腺。 通常建议肾上腺肿瘤患者使用。 该过程可以使用开放切口或腹腔镜技术进行。 \n\n所需房间：肿瘤科手术室</Text>  
	</GameDBLocalizedString>
	
	<GameDBLocalizedString>      
	<LocID>TRT_SLP_MITOTANE</LocID>                                    	
	<Text>线粒体</Text>  
	</GameDBLocalizedString>

	<GameDBLocalizedString>      
	<LocID>TRT_SLP_MITOTANE_DESC</LocID>                        	
	<Text>米托坦是一种类固醇生成抑制剂和细胞抑制剂，用于治疗肾上腺皮质癌和库欣综合征。 \n\n所需房间：任何办公室</Text>  
	</GameDBLocalizedString>
	
	<GameDBLocalizedString>      
	<LocID>TRT_SLP_SPIRONOLACTONE</LocID>                                    	
	<Text>安体舒通 </Text>  
	</GameDBLocalizedString>

	<GameDBLocalizedString>      
	<LocID>TRT_SLP_SPIRONOLACTONE_DESC</LocID>                        	
	<Text>安体舒通是一种保钾利尿剂(水丸)，可以防止身体吸收过多的盐，防止钾含量过低。螺内酯用于治疗心力衰竭、高血压(高血压)或低钾血症(血液中的低钾水平)。 \n\n所需房间：任何办公室</Text>  
	</GameDBLocalizedString>
	
	<GameDBLocalizedString>      
	<LocID>TRT_SLP_OCTREOTIDE_INJECTION</LocID>                                    	
	<Text>奥曲肽注射液</Text>  
	</GameDBLocalizedString>

	<GameDBLocalizedString>      
	<LocID>TRT_SLP_OCTREOTIDE_INJECTION_DESC</LocID>                        	
	<Text>奥曲肽用于产生生长激素的肿瘤(肢端肥大症和巨人症)的治疗，可以帮助稳定患类癌危象的病人。 \n\n所需房间：任何办公室</Text>  
	</GameDBLocalizedString>
	
	<GameDBLocalizedString>     
	<LocID>TRT_SL_ACTIVE_MONITOR</LocID>                                    	
	<Text>主动监控</Text>  
	</GameDBLocalizedString>

	<GameDBLocalizedString>      
	<LocID>TRT_SL_ACTIVE_MONITOR_DESC</LocID>                        	
	<Text>主动监测是指肿瘤科医生不建议治疗，而是通过定期检查和验血来监测患者的健康状况。 有时称为“细心监视”或“监视和等待”。 \n\n所需房间：任何肿瘤科办公室</Text>  
	</GameDBLocalizedString>
	
	<GameDBLocalizedString>     
	<LocID>TRT_SLP_HYPER_CVAD</LocID>                                    	
	<Text>强化Hyper-CVAD治疗</Text>  
	</GameDBLocalizedString>

	<GameDBLocalizedString>      
	<LocID>TRT_SLP_HYPER_CVAD_DESC</LocID>                        	
	<Text>术语“过度”是指化学疗法的超分割性质，以较小剂量或更频繁地给药，以最大程度地减少副作用。 “ CVAD”是过程A中使用的药物的首字母缩写：环磷酰胺，长春新碱，阿霉素（也称为商品名阿霉素）和地塞米松。 短期强化治疗显示出更好的结果。 \n\n所需房间：肿瘤监护病房。</Text>  
	</GameDBLocalizedString>
	
	<GameDBLocalizedString>     
	<LocID>TRT_SLP_SPLENECTOMY</LocID>                                    	
	<Text>脾切除术</Text>  
	</GameDBLocalizedString>

	<GameDBLocalizedString>      
	<LocID>TRT_SLP_SPLENECTOMY_DESC</LocID>                        	
	<Text>脾切除术是去除脾脏的外科手术。 脾脏是位于腹部左上角肋骨下的器官。 它有助于抵抗感染，并从血液中过滤掉不需要的物质，例如旧的或受损的血细胞。 脾切除术最常见的原因是治疗脾破裂，这通常是由腹部受伤引起的。 脾切除术可用于治疗其他疾病，包括引起不适（脾肿大）的脾脏肿大，某些血液疾病，某些癌症，感染以及非癌性囊肿或肿瘤。 \n\n所需房间：肿瘤科手术室</Text>  
	</GameDBLocalizedString>
	
	<GameDBLocalizedString>      
	<LocID>TRT_SLP_G_CSF</LocID>                                    	
	<Text>G-CSF药物</Text>  
	</GameDBLocalizedString>

	<GameDBLocalizedString>      
	<LocID>TRT_SLP_G_CSF_DESC</LocID>                        	
	<Text>粒细胞集落刺激因子药物，也称为集落刺激因子3，是一种糖蛋白，可刺激骨髓产生粒细胞和干细胞，并将其释放到血液中。 \n\n所需房间：任何办公室</Text>  
	</GameDBLocalizedString>
	
	<GameDBLocalizedString>      
	<LocID>TRT_SLP_METHOTREXATE</LocID>                                    	
	<Text>甲氨蝶呤IV</Text>  
	</GameDBLocalizedString>

	<GameDBLocalizedString>      
	<LocID>TRT_SLP_METHOTREXATE_DESC</LocID>                        	
	<Text>甲氨蝶呤，以前称为氨蝶呤，是一种化学治疗剂和免疫系统抑制剂。 它用于治疗癌症，自身免疫性疾病，异位妊娠和药物流产。 它用于治疗的癌症类型包括乳腺癌，白血病，肺癌，淋巴瘤和骨肉瘤。 \n\n所需房间：肿瘤科住院。</Text>  
	</GameDBLocalizedString>
	
	<GameDBLocalizedString>      
	<LocID>TRT_SLP_ALEMTUZUMAB</LocID>                                    	
	<Text>阿仑单抗IV</Text>  
	</GameDBLocalizedString>

	<GameDBLocalizedString>      
	<LocID>TRT_SLP_ALEMTUZUMAB_DESC</LocID>                        	
	<Text>阿仑单抗是用于治疗慢性淋巴细胞性白血病和多发性硬化症的药物。 在CLL中，阿仑单抗已被用作一线和二线治疗。 在MS中，通常仅在其他治疗无效的情况下才建议使用。 通过静脉注射给予。 \n\n所需房间：肿瘤监护病房。</Text>  
	</GameDBLocalizedString>
	
	<GameDBLocalizedString>      
	<LocID>TRT_SLP_BRAF_INH</LocID>                                    	
	<Text>BRAF抑制剂</Text>  
	</GameDBLocalizedString>

	<GameDBLocalizedString>      
	<LocID>TRT_SLP_BRAF_INH_DESC</LocID>                        	
	<Text>BRAF抑制剂有助于阻止BRAF-V600E基因突变。 在临床试验中，B-Raf增加了转移性黑色素瘤患者生存的机会。 尽管该药具有很高的疗效，但仍有20％的肿瘤对治疗产生抵抗力。 \n\n所需房间：任何办公室</Text>  
	</GameDBLocalizedString>
	</LocalizedStrings>
	</GameDBStringTable>
</Database>