<Database>

	<GameDBRoomType ID="ROOM_TYPE_ONCO_OFFICE">
	<AbbreviationLocID>ROOM_TYPE_ONCO_OFFICE_DESCRIPTION</AbbreviationLocID>
	<TextureID>384</TextureID>
	<IconIndex>800</IconIndex>
	<AccessRights>PATIENT_PROCEDURE</AccessRights>

	<RequiredEquipment>
	<GameDBRequiredEquipment>    
		<Tag>ui_pc</Tag>
		<MinCount>1</MinCount>
	</GameDBRequiredEquipment>

	<GameDBRequiredEquipment>    
		<Tag>ui_print</Tag>
		<MinCount>1</MinCount>    
	</GameDBRequiredEquipment>

	<GameDBRequiredEquipment>    
		<Tag>ui_cabinets_equipment</Tag>
		<MinCount>1</MinCount>
	</GameDBRequiredEquipment>

	<GameDBRequiredEquipment>    
		<Tag>ui_exam_table</Tag>
		<MinCount>1</MinCount>    
	</GameDBRequiredEquipment>

	<GameDBRequiredEquipment>    
		<Tag>ui_exam_lamp_def</Tag>
		<MinCount>1</MinCount>
	</GameDBRequiredEquipment>

	<GameDBRequiredEquipment>    
		<Tag>ui_clean_hands</Tag>
		<MinCount>1</MinCount>    
	</GameDBRequiredEquipment>

	<GameDBRequiredEquipment>    
		<Tag>ui_biohazard_bin</Tag>
		<MinCount>1</MinCount>
	</GameDBRequiredEquipment>

	<GameDBRequiredEquipment>    
		<Tag>ui_eye_test</Tag>
		<MinCount>1</MinCount>    
	</GameDBRequiredEquipment>

	<GameDBRequiredEquipment>    
		<Tag>ui_crp_scan</Tag>
		<MinCount>1</MinCount>
	</GameDBRequiredEquipment>

	<GameDBRequiredEquipment>    
		<Tag>ui_audiometer</Tag>
		<MinCount>1</MinCount>    
	</GameDBRequiredEquipment>

	<GameDBRequiredEquipment>    
		<Tag>ui_office_desk</Tag>
		<MinCount>0</MinCount>    
	</GameDBRequiredEquipment>

	<GameDBRequiredEquipment>    
		<Tag>ui_equipment_table</Tag>
		<MinCount>0</MinCount>
	</GameDBRequiredEquipment>

	<GameDBRequiredEquipment>    
		<Tag>ui_chair_office</Tag>
		<MinCount>0</MinCount>    
	</GameDBRequiredEquipment>
	</RequiredEquipment>


	<AcceptsOutpatients>true</AcceptsOutpatients>
	<NoNightShift>false</NoNightShift>

	<BuildingModeFilters>
		<Tag>ui_office_desk</Tag>
        	<Tag>ui_chair_office</Tag>
        	<Tag>ui_oxygen_tank</Tag>
        	<Tag>ui_equipment_table</Tag>
        	<Tag>ui_mobile_cabinet</Tag>
        	<Tag>ui_cabinets</Tag>
        	<Tag>ui_bookcase</Tag>
        	<Tag>ui_card_file</Tag>
        	<Tag>ui_chair_def</Tag>
        	<Tag>ui_privacy_screens</Tag>
	</BuildingModeFilters>

	<Tags>
            <Tag>doctor_workspace</Tag>
            <Tag>intern_workspace</Tag>
            <Tag>small_equipment</Tag>
            <Tag>examinations_no_equipment</Tag>
            <Tag>examinations_basic_equipment</Tag>
            <Tag>any_outpatient_office</Tag>
			<Tag>any_office</Tag>
			<Tag>emergency_doctors_office</Tag>
            <Tag>receipt</Tag>
            <Tag>any_office</Tag>
			<Tag>onco_office</Tag>
	</Tags>
        
	<RequiredSkill>SKILL_DOC_SPEC_ONCO</RequiredSkill>
	<MinWidth>4</MinWidth>
	<MinHeight>4</MinHeight> 
	<StatisticsMultiplier>1.75</StatisticsMultiplier>

	</GameDBRoomType>
	
	<GameDBRoomType ID="ROOM_TYPE_INPATIENT_ONCO_OFFICE">
        <AbbreviationLocID>ROOM_TYPE_INPATIENT_ONCO_OFFICE_DESC</AbbreviationLocID>
        <TextureID>398</TextureID>
        <IconIndex>828</IconIndex>
        <AccessRights>PATIENT_PROCEDURE</AccessRights>

        <RequiredEquipment>
            <GameDBRequiredEquipment>    <Tag>ui_cabinets_equipment</Tag>       		<MinCount>1</MinCount>  </GameDBRequiredEquipment>
            <GameDBRequiredEquipment>    <Tag>ui_exam_table</Tag>          				<MinCount>1</MinCount>  </GameDBRequiredEquipment>
            <GameDBRequiredEquipment>    <Tag>ui_exam_lamp_def</Tag>       				<MinCount>1</MinCount>  </GameDBRequiredEquipment>
            <GameDBRequiredEquipment>    <Tag>ui_clean_hands</Tag>         				<MinCount>1</MinCount>  </GameDBRequiredEquipment>
            <GameDBRequiredEquipment>    <Tag>ui_biohazard_bin</Tag>     				<MinCount>1</MinCount>  </GameDBRequiredEquipment>
            <GameDBRequiredEquipment>    <Tag>ui_eye_test</Tag>            				<MinCount>1</MinCount>  </GameDBRequiredEquipment>
            <GameDBRequiredEquipment>    <Tag>ui_workstation</Tag>  					<MinCount>1</MinCount>  </GameDBRequiredEquipment>
            <GameDBRequiredEquipment>    <Tag>ui_crp_scan</Tag>            				<MinCount>1</MinCount>  </GameDBRequiredEquipment>
            <GameDBRequiredEquipment>    <Tag>ui_audiometer</Tag>          				<MinCount>1</MinCount>  </GameDBRequiredEquipment>
            <GameDBRequiredEquipment>    <Tag>ui_stretcher</Tag>          				<MinCount>0</MinCount>  </GameDBRequiredEquipment>
            <GameDBRequiredEquipment>    <Tag>whiteboard</Tag>          		    <MinCount>0</MinCount>    </GameDBRequiredEquipment>
        </RequiredEquipment>

        <LockedByDefault>false</LockedByDefault>

        <BuildingModeFilters>
        	<Tag>ui_oxygen_tank</Tag>
        	<Tag>ui_equipment_table</Tag>
        	<Tag>ui_mobile_cabinet</Tag>
        	<Tag>ui_cabinets</Tag>
        	<Tag>ui_bookcase</Tag>
        	<Tag>ui_card_file</Tag>
        	<Tag>ui_chair_def</Tag>
        	<Tag>ui_privacy_screens</Tag>
        	<Tag>stool</Tag>
        </BuildingModeFilters>

        <Tags>
            <Tag>examinations_no_equipment</Tag>
            <Tag>examinations_basic_equipment</Tag>
            <Tag>specialized_office</Tag>
            <Tag>onco_office</Tag>
            <Tag>any_inpatient_office</Tag>
            <Tag>any_office</Tag>
			<Tag>emergency_doctors_office</Tag>
            <Tag>onco_inpatient_office</Tag>
            <Tag>receipt</Tag>
        </Tags>

        <MinWidth>4</MinWidth>
        <MinHeight>4</MinHeight>

        <StatisticsMultiplier>1.2</StatisticsMultiplier>
    </GameDBRoomType>
	
	<GameDBRoomType ID="ROOM_TYPE_ONCO_NEURODIAGNOSTIC_UNIT_NE"> <!-- Not used at the moment -->  
        <AbbreviationLocID>ROOM_TYPE_ONCO_NEURODIAGNOSTIC_UNIT_NE_DESC</AbbreviationLocID>
        <TextureID>375</TextureID>
        <IconIndex>846</IconIndex>
        <AccessRights>PATIENT_PROCEDURE</AccessRights>

        <RequiredEquipment>
            <GameDBRequiredEquipment>    <Tag>ui_pc</Tag>              					<MinCount>1</MinCount>  </GameDBRequiredEquipment>
            <GameDBRequiredEquipment>    <Tag>ui_print</Tag>         					<MinCount>1</MinCount>  </GameDBRequiredEquipment>
            <GameDBRequiredEquipment>    <Tag>ui_exam_table</Tag>      					<MinCount>1</MinCount>  </GameDBRequiredEquipment>
            <GameDBRequiredEquipment>    <Tag>ui_exam_lamp_def</Tag>   					<MinCount>1</MinCount>  </GameDBRequiredEquipment>
            <GameDBRequiredEquipment>    <Tag>ui_biohazard_bin</Tag> 					<MinCount>1</MinCount>  </GameDBRequiredEquipment>
            <GameDBRequiredEquipment>    <Tag>ui_clean_hands</Tag>     					<MinCount>1</MinCount>  </GameDBRequiredEquipment>
            <GameDBRequiredEquipment>    <Tag>ui_cabinets_equipment</Tag>   			<MinCount>1</MinCount>  </GameDBRequiredEquipment>
            <GameDBRequiredEquipment>    <Tag>ui_campimeter</Tag>          		        <MinCount>1</MinCount>  </GameDBRequiredEquipment>
            <GameDBRequiredEquipment>    <Tag>ui_tonometer</Tag>          		        <MinCount>1</MinCount>  </GameDBRequiredEquipment>
            <GameDBRequiredEquipment>    <Tag>ui_electroencephalograph</Tag>            <MinCount>1</MinCount>  </GameDBRequiredEquipment>
            <GameDBRequiredEquipment>    <Tag>ui_ophthalmic_equipment</Tag>              <MinCount>1</MinCount>  </GameDBRequiredEquipment>
        </RequiredEquipment>

        <BuildingModeFilters>
            <Tag>ui_office_desk</Tag>
            <Tag>ui_chair_office</Tag>
            <Tag>ui_equipment_table</Tag>
            <Tag>ui_mobile_cabinet</Tag>
            <Tag>ui_cabinets</Tag>
            <Tag>ui_bookcase</Tag>
            <Tag>ui_card_file</Tag>
            <Tag>ui_chair_def</Tag>
            <Tag>ui_privacy_screens</Tag>
            <Tag>ui_neuro_ophtalmic_diagnostic_unit</Tag>
        </BuildingModeFilters>

        <Tags>
            <Tag>small_equipment</Tag>
            <Tag>ophthalmic_equipment</Tag>
            <Tag>lab_specialist_workspace</Tag>
            <Tag>neurology_unit</Tag>
			<Tag>onco_unit</Tag>
            <Tag>hospitalization_workspace</Tag>
        </Tags>

        <RequiredSkill>SKILL_LAB_SPECIALIST_SPEC_NEUROLOGY</RequiredSkill>

        <MinWidth>5</MinWidth>
        <MinHeight>4</MinHeight>

        <StatisticsMultiplier>2.0</StatisticsMultiplier>
    </GameDBRoomType>
	
	<GameDBRoomType ID="ROOM_TYPE_DIAGNOSTIC_SONOGRAPHY_UNIT_ONCO">
        <AbbreviationLocID>ROOM_TYPE_DIAGNOSTIC_SONOGRAPHY_UNIT_ONCO_DESCRIPTION</AbbreviationLocID>
        <TextureID>399</TextureID>
        <IconIndex>830</IconIndex>
        <AccessRights>PATIENT_PROCEDURE</AccessRights>

        <RequiredEquipment>
            <GameDBRequiredEquipment>    <Tag>ui_pc</Tag>              					<MinCount>1</MinCount>    </GameDBRequiredEquipment>
            <GameDBRequiredEquipment>    <Tag>ui_print</Tag>         					<MinCount>1</MinCount>    </GameDBRequiredEquipment>
            <GameDBRequiredEquipment>    <Tag>ui_exam_table</Tag>      					<MinCount>1</MinCount>  </GameDBRequiredEquipment>
            <GameDBRequiredEquipment>    <Tag>ui_exam_lamp_def</Tag>   					<MinCount>1</MinCount>  </GameDBRequiredEquipment>
            <GameDBRequiredEquipment>    <Tag>ui_biohazard_bin</Tag> 					<MinCount>1</MinCount>  </GameDBRequiredEquipment>
            <GameDBRequiredEquipment>    <Tag>ui_clean_hands</Tag>     					<MinCount>1</MinCount>    </GameDBRequiredEquipment>
            <GameDBRequiredEquipment>    <Tag>ui_cabinets_equipment</Tag>   			<MinCount>1</MinCount>  </GameDBRequiredEquipment>
            <GameDBRequiredEquipment>    <Tag>ui_usg</Tag>  							<MinCount>1</MinCount>  </GameDBRequiredEquipment>
            <GameDBRequiredEquipment>    <Tag>ui_elastograph</Tag>     					<MinCount>1</MinCount>  </GameDBRequiredEquipment>
            <GameDBRequiredEquipment>    <Tag>ui_shockwave</Tag>       					<MinCount>1</MinCount>  </GameDBRequiredEquipment>
        </RequiredEquipment>

        <LockedByDefault>false</LockedByDefault>

        <BuildingModeFilters>
        	<Tag>ui_office_desk</Tag>
        	<Tag>ui_chair_office</Tag>
        	<Tag>ui_equipment_table</Tag>
        	<Tag>ui_mobile_cabinet</Tag>
        	<Tag>ui_cabinets</Tag>
        	<Tag>ui_bookcase</Tag>
        	<Tag>ui_card_file</Tag>
        	<Tag>ui_chair_def</Tag>
        	<Tag>ui_privacy_screens</Tag>
        </BuildingModeFilters>

        <Tags>
            <Tag>lab_specialist_workspace</Tag>
            <Tag>shockwave</Tag>
            <Tag>ultrasonograph</Tag>
            <Tag>elastograph</Tag>
            <Tag>table_equipment</Tag>
            <Tag>sonography_unit</Tag>
            <Tag>gs_sonography_unit</Tag>
			<Tag>onco_sonography_unit</Tag>
            <Tag>hospitalization_workspace</Tag>
        </Tags>

        <RequiredSkill>SKILL_LAB_SPECIALIST_SPEC_USG</RequiredSkill>

        <MinWidth>5</MinWidth>
        <MinHeight>4</MinHeight>
        <StatisticsMultiplier>2.2</StatisticsMultiplier>
    </GameDBRoomType>
	
	<GameDBRoomType ID="ROOM_TYPE_CARDIOVASCULAR_DIAGNOSTIC_UNIT_ONCO">
        <AbbreviationLocID>ROOM_TYPE_CARDIOVASCULAR_DIAGNOSTIC_UNIT_ONOC_DESC</AbbreviationLocID>
        <TextureID>369</TextureID>
        <IconIndex>834</IconIndex>
        <AccessRights>PATIENT_PROCEDURE</AccessRights>

        <RequiredEquipment>
            <GameDBRequiredEquipment>    <Tag>ui_pc</Tag>                   			<MinCount>1</MinCount>    </GameDBRequiredEquipment>
            <GameDBRequiredEquipment>    <Tag>ui_print</Tag>              				<MinCount>1</MinCount>    </GameDBRequiredEquipment>
            <GameDBRequiredEquipment>    <Tag>ui_cabinets_equipment</Tag>        		<MinCount>1</MinCount>    </GameDBRequiredEquipment>
            <GameDBRequiredEquipment>    <Tag>ui_exam_table</Tag>           			<MinCount>1</MinCount>    </GameDBRequiredEquipment>
            <GameDBRequiredEquipment>    <Tag>ui_exam_lamp_def</Tag>        			<MinCount>1</MinCount>    </GameDBRequiredEquipment>
            <GameDBRequiredEquipment>    <Tag>ui_clean_hands</Tag>          			<MinCount>1</MinCount>    </GameDBRequiredEquipment>
            <GameDBRequiredEquipment>    <Tag>ui_electrocardiograph</Tag>   			<MinCount>1</MinCount>    </GameDBRequiredEquipment>
            <GameDBRequiredEquipment>    <Tag>ui_biohazard_bin</Tag>      				<MinCount>1</MinCount>    </GameDBRequiredEquipment>
            <GameDBRequiredEquipment>    <Tag>ui_lab_analyzer</Tag>                   	<MinCount>0</MinCount>    </GameDBRequiredEquipment>
            <GameDBRequiredEquipment>    <Tag>ui_office_desk</Tag>    			    <MinCount>0</MinCount>     </GameDBRequiredEquipment>
            <GameDBRequiredEquipment>    <Tag>ui_chair_office</Tag>    			    <MinCount>0</MinCount>     </GameDBRequiredEquipment>
            <GameDBRequiredEquipment>    <Tag>ui_equipment_table</Tag>          	<MinCount>0</MinCount>    </GameDBRequiredEquipment>
        </RequiredEquipment>

        <LockedByDefault>false</LockedByDefault>
        
        <BuildingModeFilters>
        	<Tag>ui_mobile_cabinet</Tag>
        	<Tag>ui_cabinets</Tag>
        	<Tag>ui_bookcase</Tag>
        	<Tag>ui_card_file</Tag>
        	<Tag>ui_chair_def</Tag>
        	<Tag>ui_privacy_screens</Tag>
        </BuildingModeFilters>

        <Tags>
            <Tag>lab_specialist_workspace</Tag>
            <Tag>electrocardiograph</Tag>
            <Tag>electrocardiograph_mandatory</Tag>
            <Tag>table_equipment</Tag>
            <Tag>cardio_unit</Tag>
            <Tag>cardio_unit_ne</Tag>
            <Tag>hospitalization_workspace</Tag>
        </Tags>
        
        <RequiredSkill>SKILL_LAB_SPECIALIST_SPEC_CARDIOLOGY</RequiredSkill>

        <MinWidth>5</MinWidth>
        <MinHeight>4</MinHeight>
        <StatisticsMultiplier>2.0</StatisticsMultiplier>
    </GameDBRoomType>
	
	<!-- Oncology Observation Room, on the backburner for now, probably easier for the player to just use regular hospitalisation (although maybe not clearer)
	<GameDBRoomType ID="ROOM_TYPE_ONCO_OBSERVATION_ROOM">
        <AbbreviationLocID>ROOM_TYPE_ONCO_OBSERVATION_ROOM_DESC</AbbreviationLocID>
        <TextureID>394</TextureID>
        <IconIndex>820</IconIndex>
        <AccessRights>PATIENT</AccessRights>

        <RequiredEquipment>
            <GameDBRequiredEquipment>    <Tag>ui_beds</Tag>       					<MinCount>1</MinCount>    </GameDBRequiredEquipment>
            <GameDBRequiredEquipment>    <Tag>ui_cabinets_equipment</Tag>           <MinCount>1</MinCount>    </GameDBRequiredEquipment>
            <GameDBRequiredEquipment>    <Tag>ui_night_stand</Tag>                 	<MinCount>1</MinCount>    </GameDBRequiredEquipment>
            <GameDBRequiredEquipment>    <Tag>ui_clean_hands</Tag>                 	<MinCount>1</MinCount>    </GameDBRequiredEquipment>
            <GameDBRequiredEquipment>    <Tag>ui_life_monitor</Tag>                	<MinCount>1</MinCount>    </GameDBRequiredEquipment>
            <GameDBRequiredEquipment>    <Tag>ui_crp_scan</Tag>                    	<MinCount>1</MinCount>    </GameDBRequiredEquipment>
            <GameDBRequiredEquipment>    <Tag>ui_biohazard_bin</Tag>             	<MinCount>1</MinCount>    </GameDBRequiredEquipment>
            <GameDBRequiredEquipment>    <Tag>ui_workstation</Tag>          		<MinCount>1</MinCount>	  </GameDBRequiredEquipment>
            <GameDBRequiredEquipment>    <Tag>ui_defibrillator</Tag>				<MinCount>1</MinCount>    </GameDBRequiredEquipment>
            <GameDBRequiredEquipment>    <Tag>ui_audiometer</Tag>                  	<MinCount>1</MinCount>    </GameDBRequiredEquipment>
            <GameDBRequiredEquipment>    <Tag>ui_ceiling_lamp_only</Tag>            <MinCount>0</MinCount>    </GameDBRequiredEquipment>
            <GameDBRequiredEquipment>    <Tag>ui_bedsocket</Tag>            		<MinCount>0</MinCount>    </GameDBRequiredEquipment>
            <GameDBRequiredEquipment>    <Tag>whiteboard</Tag>          		    <MinCount>0</MinCount>    </GameDBRequiredEquipment>
            <GameDBRequiredEquipment>    <Tag>ui_equipment_table</Tag>          	<MinCount>0</MinCount>    </GameDBRequiredEquipment>
        </RequiredEquipment>

        <LockedByDefault>false</LockedByDefault>

        <BuildingModeFilters>
        	<Tag>ui_chair_office</Tag>
        	<Tag>ui_oxygen_tank</Tag>
        	<Tag>ui_mobile_cabinet</Tag>
        	<Tag>ui_cabinets</Tag>
        	<Tag>ui_chair_def</Tag>
        	<Tag>ui_privacy_screens</Tag>
        	<Tag>ui_warming_cabinet</Tag>
        	<Tag>ui_scrubs_shelf</Tag>
        </BuildingModeFilters>

        <Tags>
            <Tag>patient_lunch</Tag>
            <Tag>life_monitor</Tag>
            <Tag>night_stand</Tag>
            <Tag>hospitalization</Tag>
            <Tag>hospitalization_normal</Tag>
            <Tag>observation</Tag>
            <Tag>examinations_no_equipment</Tag>
            <Tag>examinations_basic_equipment</Tag>
            <Tag>receipt</Tag>
        </Tags>

        <MinWidth>4</MinWidth>
        <MinHeight>4</MinHeight>
    </GameDBRoomType>
	-->
	
	
</Database>