<Database>

<GameDBSkill ID="SKILL_DOC_SPEC_ONCO">
	<AbbreviationLocID>SKILL_DOC_SPEC_ONCO_DESCR</AbbreviationLocID>
	<ParentSkill>SKILL_DOC_QUALIF_GENERAL_MEDICINE</ParentSkill>

	<IconIndex>403</IconIndex>

	<CustomIconAssetRef>ASSET_MOD_ICON_ONCO</CustomIconAssetRef>
	<CustomIconLightBackgroundAssetRef>ASSET_MOD_ICON_ONCO_DARK</CustomIconLightBackgroundAssetRef>

	<ExtraLevelingPercent>100</ExtraLevelingPercent>
</GameDBSkill>

<GameDBSkill ID="SKILL_DOC_SPEC_ONCO_SURGERY">
	<AbbreviationLocID>SKILL_DOC_SPEC_ONCO_SURG_DESCR</AbbreviationLocID>
	<ParentSkill>SKILL_DOC_QUALIF_GENERAL_MEDICINE</ParentSkill>

	<IconIndex>2388</IconIndex>

	<ExtraLevelingPercent>50</ExtraLevelingPercent>
</GameDBSkill>

</Database>