<Database>
	<GameDBStringTable ID="LOC_NL_ADDON_ONCOLOGYSL_TREATMENTS">
	<LanguageCode>nl</LanguageCode>
	<LanguageNameLocalized>Nederlands</LanguageNameLocalized>
	<Contributors>
	<Name>emilievdb</Name>
	</Contributors>

	<LocalizedStrings>
	
	<GameDBLocalizedString>      
	<LocID>TRT_SLP_IMIQUIMOD_CREAM</LocID>                                    	
	<Text>Imiquimod crème</Text>  
	</GameDBLocalizedString>

	<GameDBLocalizedString>      
	<LocID>TRT_SLP_IMIQUIMOD_CREAM_DESC</LocID>                        	
	<Text>Imiquimod is een voorgeschreven crème die werkt als een immuunresponsmodificator en wordt gebruikt voor de behandeling van oppervlakkige basocellulaire carcinoom en keratosis atinica.\n\nruimte benodigd: elke ruimte</Text>  
	</GameDBLocalizedString>
	
	<GameDBLocalizedString>      
	<LocID>TRT_SLP_PHOTODYNAMIC_THERAPY</LocID>                                    	
	<Text>Fotodynamische therapie</Text>  
	</GameDBLocalizedString>

	<GameDBLocalizedString>      
	<LocID>TRT_SLP_PHOTODYNAMIC_THERAPY_DESC</LocID>                        	
	<Text>Fotodynamische therapie is een behandeling waarbij bepaalde geneesmiddelen namelijk lichtgevoeligheidsverhogende middelen, samen met een speciaal licht worden gebruikt om kankercellen te doden. \n\nRuimte benodigd: elke ruimte</Text>  
	</GameDBLocalizedString>
	
	<GameDBLocalizedString>      
	<LocID>TRT_SLP_MOHS_MICROGRAPHIC_SURGERY</LocID>                               
	<Text>Brede lokale excisie</Text>  
	</GameDBLocalizedString>
            
	<GameDBLocalizedString>      
	<LocID>TRT_SLP_MOHS_MICROGRAPHIC_SURGERY_DESC</LocID>                   
	<Text>Een brede lokale excisie (WLE) is een chirurgische procedure om een klein gebied van ziek of problematisch weefsel met een marge van normaal weefsel te verwijderen. Deze procedure wordt meestal uitgevoerd op de borst en op huidletsels, maar kan op elk deel van het lichaam worden gebruikt.\n\nRuimte benodigd: Operatiekamer in oncologie departement</Text>  
	</GameDBLocalizedString>
	
	<GameDBLocalizedString>      
	<LocID>TRT_SL_DOCTORS_ADVICE</LocID>                                    	
	<Text>Oncologisch patiëntadvies</Text>  
	</GameDBLocalizedString>

	<GameDBLocalizedString>      
	<LocID>TRT_SL_DOCTORS_ADVICE_DESC</LocID>                        	
	<Text>De arts geeft de patiënt advies over hoe hij met zijn situatie moet omgaan, helpt de patiënt zijn opties zoals palliatieve zorg beter te begrijpen en doet er alles aan om ervoor te zorgen dat de patiënt de best mogelijke levenskwaliteit heeft gedurende deze periode.\n\nRuimte benodigd: elke kamer</Text>  
	</GameDBLocalizedString>
	
	<GameDBLocalizedString>      
	<LocID>TRT_SLP_TARGETED_THERAPY</LocID>                                    	
	<Text>Gerichte therapie</Text>  
	</GameDBLocalizedString>

	<GameDBLocalizedString>      
	<LocID>TRT_SLP_TARGETED_THERAPY_DESC</LocID>                        	
	<Text>Gerichte therapie werkt door zicht te richten op de specifieke genen, eiwitten of weefselomgeving, die bijdragen aan de groei en overleving van kanker.\n\nRuimte benodigd: elke kamer</Text>  
	</GameDBLocalizedString>
	
	<GameDBLocalizedString>      
	<LocID>TRT_SLP_CHEMOTHERAPY</LocID>                                    	
	<Text>Chemotherapie</Text>  
	</GameDBLocalizedString>

	<GameDBLocalizedString>      
	<LocID>TRT_SLP_CHEMOTHERAPY_DESC</LocID>                        	
	<Text>Chemotherapie is een vorm van kankerbehandeling die één of meer geneesmiddelen tegen kanker gebruikt als onderdeel van een gestandaardiseerd chemotherapieregime. Chemotherapie kan worden gegeven met een curatieve bedoeling, of het kan tot doel hebben het leven te verlengen of de symptomen te verminderen.\n\nRuimte benodigd: verpleegafdeling in oncologie departement</Text>  
	</GameDBLocalizedString>
	
	<GameDBLocalizedString>      
	<LocID>TRT_SLP_LAPAROSCOPIC_SURGERY</LocID>                                    	
	<Text>Laparoscopische chirurgie</Text>  
	</GameDBLocalizedString>

	<GameDBLocalizedString>      
	<LocID>TRT_SLP_LAPAROSCOPIC_SURGERY_DESC</LocID>                        	
	<Text>Laparoscopische of "minimaal-invasie" chirurgie is een gespecialiseerd techniek voor het uitvoeren van een operatie. Het is een minimaal-invasieve procedure met een laag risico die slechts kleine incisies vereist. Laparoscopie gebruikt een instrument dat een laparoscoop wordt genoemd om naar de buikorganen te kijken.\n\nRuimte benodigd: operatiekamer in oncologie departement</Text>  
	</GameDBLocalizedString>
	
	<GameDBLocalizedString>      
	<LocID>TRT_SLP_LOBECTOMY_SURGERY</LocID>                                    	
	<Text>Pulmonale lobectomie</Text>  
	</GameDBLocalizedString>

	<GameDBLocalizedString>      
	<LocID>TRT_SLP_LOBECTOMY_SURGERY_DESC</LocID>                        	
	<Text>Pulmonale lobectomie van de long is een chirurgische operatie waarbij een lob van de long wordt verwijderd. Het wordt gedaan om een deel van de zieke long te verwijderen, zoals longkanker in een vroeg stadium.\n\nKamer benodigd: operatiekamer in oncologie departement</Text>  
	</GameDBLocalizedString>
	
	<GameDBLocalizedString>      
	<LocID>TRT_SLP_ENDOVASCULAR_EMBOLISATION</LocID>                                    	
	<Text>Endovasculaire embolisatie</Text>  
	</GameDBLocalizedString>

	<GameDBLocalizedString>      
	<LocID>TRT_SLP_ENDOVASCULAR_EMBOLISATION_DESC</LocID>                        	
	<Text>Endovasculaire embolisatie (EE) is een invasieve chirurgische procedure. Het wordt gebruikt om abnormale bloedvaten in uw hersenen te behandelen, evenals andere delen van uw lichaam. Deze procedure is een alternatief voor open chirurgie. Het blokkeert bloedvaten om de bloedstroom naar een getroffen gebied af te snijden.\n\nBenodigde ruimte: operatiekamer in oncologie departement</Text>  
	</GameDBLocalizedString>
	
	<GameDBLocalizedString>      
	<LocID>TRT_SLP_IMMUNOTHERAPY_DRUGS</LocID>                                    	
	<Text>Immunotherapie</Text>  
	</GameDBLocalizedString>

	<GameDBLocalizedString>      
	<LocID>TRT_SLP_IMMUNOTHERAPY_DRUGS_DESC</LocID>                        	
	<Text>Immunotherapie is een vorm van kankerbehandeling die het immuunsysteem van het lichaam helpt om kanker te bestrijden.\n\nBenodigde ruimte: elke ruimte</Text>  
	</GameDBLocalizedString>
	
	<GameDBLocalizedString>      
	<LocID>TRT_SLP_NERVE_DECOM_SURGERY</LocID>                                    	
	<Text>Zenuwreconstructiechirurgie</Text>  
	</GameDBLocalizedString>

	<GameDBLocalizedString>      
	<LocID>TRT_SLP_NERVE_DECOM_SURGERY_DESC</LocID>                        	
	<Text>Chirurgische zenuwreparatie omvat exploratie van de gewonde zenuw en verwijdering van gewond weefsel of litteken uit de zenuwuiteinden. Daarna kan een zenuw direct opnieuw worden aangesloten als er voldoende lengte aan de uiteinden is om een reparatie van goede kwaliteit zonder spanning mogelijk te maken.\n\nBenodigde ruimte: operatiekamer in oncologie departement</Text>  
	</GameDBLocalizedString>
	
	<GameDBLocalizedString>      
	<LocID>TRT_SLP_EPIPEN</LocID>                                    	
	<Text>Epinefrine-autoinjector</Text>  
	</GameDBLocalizedString>

	<GameDBLocalizedString>      
	<LocID>TRT_SLP_EPIPEN_DESC</LocID>                        	
	<Text>Een epinefrine-autoinjector is een medisch hulpmiddel voor het injecteren van één of meer afgemeten doses van epinefrine met behulp van autoinjectortechnologie. Het wordt meestal gebruikt voor de behandeling van anafylaxie.\n\nBenodige ruimte: elke ruimte</Text>  
	</GameDBLocalizedString>
	
	<GameDBLocalizedString>      
	<LocID>TRT_SLP_POLYPECTOMY</LocID>                                    	
	<Text> Poliepectomie </Text>  
	</GameDBLocalizedString>

	<GameDBLocalizedString>      
	<LocID>TRT_SLP_POLYPECTOMY_DESC</LocID>                        	
	<Text>Een polypectomie is een procedure om poliepen uit de dikke darm te verwijderen. Een poliep is een abnormale verzameling weefsel. De procedure is relatief niet-invasief.\n\nBenodigde ruimte: operatiekamer in oncologie departement</Text>  
	</GameDBLocalizedString>
	
	<GameDBLocalizedString>      
	<LocID>TRT_SLP_PARTIAL_COLECTOMY</LocID>                                    	
	<Text>Colectomie</Text>  
	</GameDBLocalizedString>

	<GameDBLocalizedString>      
	<LocID>TRT_SLP_PARTIAL_COLECTOMY_DESC</LocID>                        	
	<Text>Een colectomie is een resectie van de dikke darm. Het bestaat uit de chirurgische verwijdering van elke omvang van de dikke darm, meestal segmentale resectie. In extreme gevallen wordt de gehele dikke darm verwijderd.\n\nBenodigde ruimte: operatiekamer in oncologie departement</Text>  
	</GameDBLocalizedString>
	
	<GameDBLocalizedString>      
	<LocID>TRT_SLP_ADRENALECTOMY</LocID>                                    	
	<Text>Adrenalectomie</Text>  
	</GameDBLocalizedString>

	<GameDBLocalizedString>      
	<LocID>TRT_SLP_ADRENALECTOMY_DESC</LocID>                        	
	<Text>Adrenalectomie is de chirurgische verwijdering van een of beide bijnieren. Het wordt meestal aangeraden voor patiënten met tumoren van de bijnieren. De procedure kan worden uitgevoerd met behulp van een open incisie of laparoscopische techniek.\n\nBenodigde ruimte: operatiekamer in oncologie departement</Text>  
	</GameDBLocalizedString>
	
	<GameDBLocalizedString>      
	<LocID>TRT_SLP_MITOTANE</LocID>                                    	
	<Text>Mitotane</Text>  
	</GameDBLocalizedString>

	<GameDBLocalizedString>      
	<LocID>TRT_SLP_MITOTANE_DESC</LocID>                        	
	<Text>Mitotane, verkocht onder de merknaam Lysodren, is een steroïdogenese-remmer en cytostatische antineoplastische medicatie die wordt gebruikt bij de behandeling van adrenocorticaal carcinoom en het syndroom van Cushing.\n\nBenodige ruimte: elke ruimte</Text>  
	</GameDBLocalizedString>
	
	<GameDBLocalizedString>      
	<LocID>TRT_SLP_SPIRONOLACTONE</LocID>                                    	
	<Text>Spironolacton</Text>  
	</GameDBLocalizedString>

	<GameDBLocalizedString>      
	<LocID>TRT_SLP_SPIRONOLACTONE_DESC</LocID>                        	
	<Text>Spironolacton is een kaliumsparend diureticum (waterpil) dat voorkomt dat uw lichaam te veel zout opneemt en voorkomt dat uw kaliumspiegel te laag wordt. Spironolacton wordt gebruikt voor de behandeling van hartfalen, hoge bloeddruk (hypertensie) of hypokaliëmie (lage kaliumspiegels in het bloed).\n\nBenodige ruimte: elke ruimte</Text>  
	</GameDBLocalizedString>
	
	<GameDBLocalizedString>      
	<LocID>TRT_SLP_OCTREOTIDE_INJECTION</LocID>                                    	
	<Text>Octreotide-injectie</Text>  
	</GameDBLocalizedString>

	<GameDBLocalizedString>      
	<LocID>TRT_SLP_OCTREOTIDE_INJECTION_DESC</LocID>                        	
	<Text>Octreotide wordt gebruikt voor de behandeling van groeihormoonproducerende tumoren (acromegalie en gigantisme) en kan helpen bij het stabiliseren van een patiënt met een carcinoïdecrisis.\n\nBenodige ruimte: elke ruimte</Text>  
	</GameDBLocalizedString>
	
	<GameDBLocalizedString>     
	<LocID>TRT_SL_ACTIVE_MONITOR</LocID>                                    	
	<Text>Actieve monitoring</Text>  
	</GameDBLocalizedString>

	<GameDBLocalizedString>      
	<LocID>TRT_SL_ACTIVE_MONITOR_DESC</LocID>                        	
	<Text>Actieve monitoring is wanneer de oncoloog geen behandeling aanbeveelt, maar de gezondheid van de patiënt bewaakt met regelmatige controles en bloedtesten. Dit wordt soms "zorgvuldig bewaken" of "kijken en wachten" genoemd.\n\nBenodige ruimte: elke oncologie ruimte</Text>  
	</GameDBLocalizedString>
	
	<GameDBLocalizedString>     
	<LocID>TRT_SLP_HYPER_CVAD</LocID>                                    	
	<Text>Intensieve hyper-CVAD-therapie</Text>  
	</GameDBLocalizedString>

	<GameDBLocalizedString>      
	<LocID>TRT_SLP_HYPER_CVAD_DESC</LocID>                        	
	<Text>De term 'hyper' verwijst naar de hypergefractioneerde aard van de chemotherapie, die vaker wordt gegeven in kleinere doses om bijwerkingen te minimaliseren. 'CVAD' is het acroniem van de geneesmiddelen die worden gebruikt in verloop A: cyclofosfamide, vincristine, doxorubicine (ook bekend onder de handelsnaam Adriamycin) en dexamethason. Op korte termijn intensieve therapieën laten verbeterde resultaten zien. \n\nBenodige ruimte: hartbewaking in oncologie departement</Text>  
	</GameDBLocalizedString>
	
	<GameDBLocalizedString>     
	<LocID>TRT_SLP_SPLENECTOMY</LocID>                                    	
	<Text>Splenectomie</Text>  
	</GameDBLocalizedString>

	<GameDBLocalizedString>      
	<LocID>TRT_SLP_SPLENECTOMY_DESC</LocID>                        	
	<Text>Splenectomie is een chirurgische procedure om uw milt te verwijderen. De milt is een orgaan dat onder je ribbenkast aan de linkerbovenkant van je buik zit. Het helpt infecties te bestrijden en filtert onnodig materiaal, zoals oude of beschadigde bloedcellen, uit uw bloed. De meest voorkomende reden voor splenectomie is het behandelen van een gescheurde milt, die vaak wordt veroorzaakt door een buikletsel. Splenectomie kan worden gebruikt om andere aandoeningen te behandelen, waaronder een vergrote milt die ongemak veroorzaakt (splenomegalie), sommige bloedaandoeningen, bepaalde kankers, infecties en niet-kankerachtige cysten of tumoren.\n\nBenodigde ruimte: operatiekamer in oncologie departement</Text>  
	</GameDBLocalizedString>
	
	<GameDBLocalizedString>      
	<LocID>TRT_SLP_G_CSF</LocID>                                    	
	<Text>G-CSF medicijnen</Text>  
	</GameDBLocalizedString>

	<GameDBLocalizedString>      
	<LocID>TRT_SLP_G_CSF_DESC</LocID>                        	
	<Text>Granulocyt-kolonie stimulerende factoren geneesmiddelen, ook bekend als kolonie-stimulerende factor 3, is een glycoproteïne dat het beenmerg stimuleert om granulocyten en stamcellen te produceren en deze in de bloedbaan vrij te geven. \n\nBenodige ruimte: elke ruimte</Text>  
	</GameDBLocalizedString>
	
	<GameDBLocalizedString>      
	<LocID>TRT_SLP_METHOTREXATE</LocID>                                    	
	<Text>Methotrexaat IV</Text>  
	</GameDBLocalizedString>

	<GameDBLocalizedString>      
	<LocID>TRT_SLP_METHOTREXATE_DESC</LocID>                        	
	<Text>Methotrexaat, voorheen bekend als amethopterine, is een chemotherapeutisch middel en onderdrukt het immuunsysteem. Het wordt gebruikt voor de behandeling van kanker, auto-immuunziekten, buitenbaarmoederlijke zwangerschap en voor medische abortussen. Soorten kankers waarvoor het wordt gebruikt, zijn onder andere borstkanker, leukemie, longkanker, lymfoom en osteosarcoom.\n\nBenodigde ruimte: verpleegafdeling in oncologie derpartement</Text>  
	</GameDBLocalizedString>
	
	<GameDBLocalizedString>      
	<LocID>TRT_SLP_ALEMTUZUMAB</LocID>                                    	
	<Text>Alemtuzumab IV</Text>  
	</GameDBLocalizedString>

	<GameDBLocalizedString>      
	<LocID>TRT_SLP_ALEMTUZUMAB_DESC</LocID>                        	
	<Text>Alemtuzumab is een medicijn dat wordt gebruikt om chronische lymfatische leukemie en multiple sclerose te behandelen. In CLL is Alemtuzumab gebruikt als zowel een eerstelijns- als tweedelijnsbehandeling. In MS wordt het over het algemeen alleen aanbevolen als andere behandelingen niet hebben gewerkt. Het wordt toegediend door injectie in een ader.\n\nBenodigde ruimte: verpleegafdeling in oncologie derpartement</Text>  
	</GameDBLocalizedString>
	
	<GameDBLocalizedString>      
	<LocID>TRT_SLP_BRAF_INH</LocID>                                    	
	<Text>BRAF-remmers</Text>  
	</GameDBLocalizedString>

	<GameDBLocalizedString>      
	<LocID>TRT_SLP_BRAF_INH_DESC</LocID>                        	
	<Text>BRAF-remmers helpen de BRAF-V600E-genmutatie te blokkeren. In klinische onderzoeken verhoogde B-Raf de kans op overleving van metastatische melanoompatiënten. Ondanks de hoge werkzaamheid van het medicijn, ontwikkelt 20% van de tumoren nog steeds weerstand tegen de behandeling.\n\nBenodige ruimte: elke ruimte</Text>  
	</GameDBLocalizedString>
	
	<!-- ### ### -->
	<!-- ######################################## Content for V0.13 Added Below ######################################## -->
	<!-- ### ### -->
	
	<GameDBLocalizedString>      
	<LocID>TRT_SLP_TAMOXIFEN</LocID>                                    	
	<Text>Tamoxifen</Text>  
	</GameDBLocalizedString>

	<GameDBLocalizedString>      
	<LocID>TRT_SLP_TAMOXIFEN_DESC</LocID>                        	
	<Text>Tamoxifen is een hormoontherapie voor borstkanker bij zowel mannen als vrouwen. Het verlaagt het risico dat vroege borstkanker terugkomt na een operatie of zich ontwikkelt in de andere borst. Het kan ook geavanceerde borstkanker enige tijd onder controle houden. \n\nBenodige ruimte: elke ruimte</Text>  
	</GameDBLocalizedString>
	
	<GameDBLocalizedString>      
	<LocID>TRT_SLP_SEG_MASTECTOMY</LocID>                                    	
	<Text>Gedeeltelijke mastectomie</Text>  
	</GameDBLocalizedString>

	<GameDBLocalizedString>      
	<LocID>TRT_SLP_SEG_MASTECTOMY_DESC</LocID>                        	
	<Text>Een operatie om de kanker en wat normaal weefsel eromheen te verwijderen, maar niet de borst zelf. Sommige lymfeklieren onder de arm kunnen worden verwijderd voor biopsie. Een deel van de wand van de borstwand kan ook worden verwijderd als de kanker er dichtbij is.\n\nBenodigde ruimte: operatiekamer in oncologie departement</Text>  
	</GameDBLocalizedString>
	
	<GameDBLocalizedString>      
	<LocID>TRT_SLP_HYPERSALINE</LocID>                                    	
	<Text>Hypertonische zoutoplossing</Text>  
	</GameDBLocalizedString>

	<GameDBLocalizedString>      
	<LocID>TRT_SLP_HYPERSALINE_DESC</LocID>                        	
	<Text>Hyperosmolaire therapie met hypertone zoutoplossing of mannitol kan de intracraniële druk snel verminderen en mogelijk levens en hersencellen redden. Hypertonische zoutoplossing is effectief omdat het de bloed-hersenbarrière niet (veel) passeert en daardoor hersenvocht uit de schedel en vloeistof uit de beschadigde hersenen trekt, waardoor de druk en verder letsel worden verminderd.\n\nBenodige ruimte: elke ruimte</Text>  
	</GameDBLocalizedString>
	
	<GameDBLocalizedString>      
	<LocID>TRT_SL_INCISION_AND_DRAINAGE</LocID>                        	
	<Text>Incisie en drainage</Text>  
	</GameDBLocalizedString>
	
	<GameDBLocalizedString>      
	<LocID>TRT_SL_INCISION_AND_DRAINAGE_DESC</LocID>                                    	
	<Text>Incisie en drainage en klinische prikpen zijn kleine chirurgische procedures om vloeistof of druk onder de huid vrij te maken.</Text>  
	</GameDBLocalizedString>
	
	<GameDBLocalizedString>      
	<LocID>TRT_SLP_DEBULKING</LocID>                                    	
	<Text>Chirurgische debulking</Text>  
	</GameDBLocalizedString>

	<GameDBLocalizedString>      
	<LocID>TRT_SLP_DEBULKING_DESC</LocID>                        	
	<Text>Chirurgische debulking van tumoren is een procedure waarbij een chirurgisch ongeneeslijk kwaadaardig neoplasma gedeeltelijk wordt verwijderd zonder curatieve bedoeling om daaropvolgende therapie met medicijnen, straling of andere aanvullende maatregelen effectiever te maken en daardoor de overlevingsduur te verbeteren. De arts moet vervolgbehandelingsafspraken met de patiënt boeken in een poging de kanker in remissie te brengen.\n\nBenodigde ruimte: operatiekamer in oncologie departement</Text>  
	</GameDBLocalizedString>
	
	<GameDBLocalizedString>      
	<LocID>TRT_SLP_GTR</LocID>                                    	
	<Text>Bruto-totale resectie craniotomie</Text>  
	</GameDBLocalizedString>

	<GameDBLocalizedString>      
	<LocID>TRT_SLP_GTR_DESC</LocID>                        	
	<Text>Bruto totale resectie is een volledige verwijdering van het zichtbare tumorweefsel met magnetische resonantie (MRI). Supratotale resectie wordt uitgevoerd als bruto totale resectie met excisie van de MRI zichtbare tumorweefselgrenzen in het niet-aangetaste hersenweefsel.\n\nBenodigde ruimte: operatiekamer in oncologie departement</Text>  
	</GameDBLocalizedString>
	
	<GameDBLocalizedString>      
	<LocID>TRT_SLP_ESTRADIOL_CREAM</LocID>                                    	
	<Text>Oestradiolcrème</Text>  
	</GameDBLocalizedString>

	<GameDBLocalizedString>      
	<LocID>TRT_SLP_ESTRADIOL_CREAM_DESC</LocID>                        	
	<Text>Oestradiolcrème is een preparaat van oestrogeen, een vrouwelijk hormoon, voor plaatselijke toepassing op het vaginale gebied dat wordt gebruikt om bepaalde symptomen van de menopauze te behandelen, zoals droogheid, branderig gevoel en jeuk van het vaginale gebied en urgentie of irritatie bij het plassen.\n\nBenodige ruimte: elke ruimte</Text>  
	</GameDBLocalizedString>
	
	<GameDBLocalizedString>      
	<LocID>TRT_SLP_UNI_SALOOPH</LocID>                                    	
	<Text>Unilaterale salpingo-oophorectomie</Text>  
	</GameDBLocalizedString>

	<GameDBLocalizedString>      
	<LocID>TRT_SLP_UNI_SALOOPH_DESC</LocID>                        	
	<Text>Een unilaterale salpingo-oophorectomie is de chirurgische verwijdering van een eierstok en een eileider, die zich beide aan dezelfde kant van het lichaam bevinden en een gemeenschappelijke bloedtoevoer delen (in tegenstelling, een bilaterale procedure omvat het verwijderen van zowel de eierstokken als de eileider tubes). Unilaterale salpingo-oophorectomie moet worden beschouwd als de eerste keuze van vruchtbaarheidsbesparende behandeling voor vrouwen die de vruchtbaarheid willen behouden. Hoewel het hogere risico op lokale terugkeer wordt gevonden, wordt dit niet geassocieerd met een verminderde algehele overleving.\n\nBenodigde ruimte: operatiekamer in oncologie departement</Text>  
	</GameDBLocalizedString>
	
	<GameDBLocalizedString>      
	<LocID>TRT_SLP_RAD_PROS</LocID>                                    	
	<Text>Radicale prostatectomie</Text>  
	</GameDBLocalizedString>

	<GameDBLocalizedString>      
	<LocID>TRT_SLP_RAD_PROS_DESC</LocID>                        	
	<Text>Radicale prostatectomie is een operatie om de prostaat en de omliggende weefsels te verwijderen. Dit omvat meestal de zaadblaasjes en enkele nabijgelegen lymfeklieren. Radicale prostatectomie kan prostaatkanker genezen bij mannen wier kanker beperkt is tot de prostaat.\n\nBenodigde ruimte: operatiekamer in oncologie departement</Text>  
	</GameDBLocalizedString>
	
	<GameDBLocalizedString>      
	<LocID>TRT_SLP_HORMONE_THERAPY</LocID>                                    	
	<Text>Hormoontherapie</Text>  
	</GameDBLocalizedString>

	<GameDBLocalizedString>      
	<LocID>TRT_SLP_HORMONE_THERAPY_DESC</LocID>                        	
	<Text>Hormoontherapie of hormonale therapie is het gebruik van hormonen bij medische behandelingen.\n\nBenodige ruimte: elke ruimte</Text>  
	</GameDBLocalizedString>
	
	<GameDBLocalizedString>      
	<LocID>TRT_SLP_PARATHY</LocID>                                    	
	<Text>parathyroïdectomie</Text>  
	</GameDBLocalizedString>

	<GameDBLocalizedString>      
	<LocID>TRT_SLP_PARATHY_DESC</LocID>                        	
	<Text>Parathyroidectomie is een operatie om de bijschildklieren of bijschildkliertumoren te verwijderen. De bijschildklieren bevinden zich direct achter uw schildklier in uw nek. Deze klieren helpen uw lichaam het calciumniveau in het bloed onder controle te houden.\n\nBenodigde ruimte: operatiekamer in oncologie departement</Text>  
	</GameDBLocalizedString>
	
	<GameDBLocalizedString>      
	<LocID>TRT_SLP_RCHOP</LocID>                                    	
	<Text>R-CHOP chemotherapie</Text>  
	</GameDBLocalizedString>

	<GameDBLocalizedString>      
	<LocID>TRT_SLP_RCHOP_DESC</LocID>                        	
	<Text>R-CHOP is een combinatiebehandeling die wordt gebruikt om non-Hodgkin-lymfoom (NHL) te behandelen. R-CHOP bevat vijf geneesmiddelen voor chemotherapie: rituximab (Rituxan) cyclofosfamide. doxorubicinehydrochloride, vincristine en prednisolon.\n\nBenodigde ruimte: verpleegafdeling in oncologie departement</Text>  
	</GameDBLocalizedString>
	
	</LocalizedStrings>
	</GameDBStringTable>
</Database>
