<Database>
	<GameDBStringTable ID="LOC_FR_ADDON_ONCOLOGY_SKILLS">
	
	<LanguageCode>fr</LanguageCode>
	<LanguageNameLocalized>Français</LanguageNameLocalized>
	<Contributors>
		<Name>Nico57970</Name>
	</Contributors>
        
	<LocalizedStrings>
            
<!-- ### Skills ### -->
		
	<GameDBLocalizedString>      
		<LocID>DPT_ONCOLOGY</LocID>                                          	
		<Text>Oncologie</Text>  
	</GameDBLocalizedString>
	
	<GameDBLocalizedString>      
		<LocID>SKILL_DOC_SPEC_ONCO</LocID>                   
		<Text>Oncologie</Text>  
	</GameDBLocalizedString>
	
	<GameDBLocalizedString>      
		<LocID>SKILL_DOC_SPEC_ONCO_DESCR</LocID>                   
		<Text>La spécialisation en oncologie donne accès au procédures de détection, diagnostique et traitement de toutes formes de cancer. Il permet également au docteur d'aider en chirurgie oncologique</Text>  
	</GameDBLocalizedString>
	
	<GameDBLocalizedString>      
		<LocID>SKILL_DOC_SPEC_ONCO_SURGERY</LocID>                   
		<Text>Chirurgie oncologique</Text>  
	</GameDBLocalizedString>
	
	<GameDBLocalizedString>      
		<LocID>SKILL_DOC_SPEC_ONCO_SURG_DESCR</LocID>                   
		<Text>La chirurgie oncologique permet au docteur d'être le chirurgien principal du service d'oncologie et affecte les chances de complications suite à des actes chirurgicaux.</Text>  
	</GameDBLocalizedString>

	
	</LocalizedStrings>	
	</GameDBStringTable>
</Database>