<Database>
    <GameDBStringTable ID="LOC_NL_ADDON_ONCOLOGYSL_EXAMINATIONS">

        <LanguageCode>nl</LanguageCode>
        <LanguageNameLocalized>Nederlands</LanguageNameLocalized>

        <Contributors>
            <Name>emilievdb</Name>
        </Contributors>

        <LocalizedStrings>
            <!-- Examinations -->
            <GameDBLocalizedString>      
			<LocID>EXM_SLP_CCBT</LocID>                                      
			<Text>Catecholamine bloedafname</Text>  
			</GameDBLocalizedString>
			
			<GameDBLocalizedString>      
			<LocID>EXM_SLP_CCBT_DESC</LocID>                                      
			<Text>Catecholamine bloedtesten meten de hoeveelheid catecholamines in uw lichaam. "Catecholamines" is een overkoepelende term voor de hormonen dopamine, noradrenaline en epinefrine.</Text>  
			</GameDBLocalizedString>
			
			<GameDBLocalizedString>      
			<LocID>EXM_SLP_CCBT_TEST</LocID>                                      
			<Text>Catecholamine bloedanalyse</Text>  
			</GameDBLocalizedString>
			
			<GameDBLocalizedString>      
			<LocID>EXM_SLP_CCBT_TEST_DESC</LocID>                                      
			<Text>Catecholamine bloedtesten meten de hoeveelheid catecholamines in uw lichaam. "Catecholamines" is een overkoepelende term voor de hormonen dopamine, noradrenaline en epinefrine.</Text>  
			</GameDBLocalizedString>
			
			<GameDBLocalizedString>      
			<LocID>EXM_SLP_CA</LocID>                                      
			<Text>KA Bloedafname</Text>  
			</GameDBLocalizedString>
			
			<GameDBLocalizedString>      
			<LocID>EXM_SLP_CA_DESC</LocID>                                      
			<Text>Een kanker antigentest (KA) is een bloedtest die wordt gebruikt om bepaalde soorten kanker te diagnosticeren en te beheren. Tumormarkers zijn stoffen, meestal eiwitten, die door het lichaam worden geproduceerd als reactie op de groei van kanker of door het kankerweefsel zelf. Sommige tumormarkers zijn specifiek voor één type kanker, terwijl andere in verschillende soorten kanker worden gezien. Veel van de bekende markers worden zowel bij niet-kanker als kanker gezien. Bijgevolg kunnen ze niet worden gebruikt om kanker te diagnosticeren.\n\nLab benodigd: Hematologielab</Text>  
			</GameDBLocalizedString>
			
			<GameDBLocalizedString>      
			<LocID>EXM_SLP_CA_TEST</LocID>                                      
			<Text>KA bloedanalyse</Text>  
			</GameDBLocalizedString>
			
			<GameDBLocalizedString>      
			<LocID>EXM_SLP_CA_TEST_DESC</LocID>                                      
			<Text>Een kanker antigentest (KA) is een bloedtest die wordt gebruikt om bepaalde soorten kanker te diagnosticeren en te beheren. Tumormarkers zijn stoffen, meestal eiwitten, die door het lichaam worden geproduceerd als reactie op de groei van kanker of door het kankerweefsel zelf. Sommige tumormarkers zijn specifiek voor één type kanker, terwijl andere in verschillende soorten kanker worden gezien. Veel van de bekende markers worden zowel bij niet-kanker als kanker gezien. Bijgevolg kunnen ze niet worden gebruikt om kanker te diagnosticeren.</Text>  
			</GameDBLocalizedString>
			
			<GameDBLocalizedString>      
			<LocID>EXM_SLP_COLONOSCOPY</LocID>                                      
			<Text>Coloscopie</Text>  
			</GameDBLocalizedString>
			
			<GameDBLocalizedString>      
			<LocID>EXM_SLP_COLONOSCOPY_DESC</LocID>                                      
			<Text>Een coloscopie is een medische procedure die wordt uitgevoerd om te zoeken naar kanker, dikke darmpoliepen of andere afwijkingen in uw darm. Een colonoscopie wordt gedaan met behulp van een instrument, genaamd een colonscoop (een soort van endoscoop): een lange, dunne, flexibele buis met een camera en een lichtje.</Text>  
			</GameDBLocalizedString>
			
			<GameDBLocalizedString>      
			<LocID>EXM_SLP_UAS</LocID>                                      
			<Text>Urine antigeen monsterneming</Text>  
			</GameDBLocalizedString>
			
			<GameDBLocalizedString>      
			<LocID>EXM_SLP_UAS_DESC</LocID>                                      
			<Text>Urinetest om de hoeveelheid op kanker gebaseerde antigenen in de urine te controleren. Door gebruikt te maken van de concentratie van afgeworpen antigenen uit een verscheidenheid van pathogenen in de nieren voor uitscheiding in de urine, kunnen urinaire antigeentesten worden gebruikt om snelle testresultaten te krijgen. \n\nLab benodigd: Histologielab</Text>  
			</GameDBLocalizedString>
			
			<GameDBLocalizedString>      
			<LocID>EXM_SLP_UAS_TEST</LocID>                                      
			<Text>Urine antigeentest</Text>  
			</GameDBLocalizedString>
			
			<GameDBLocalizedString>      
			<LocID>EXM_SLP_UAS_TEST_DESC</LocID>                                      
			<Text>Urinetest om de hoeveelheid op kanker gebaseerde antigenen in de urine te controleren. Door gebruikt te maken van de concentratie van afgeworpen antigenen uit een verscheidenheid van pathogenen in de nieren voor uitscheiding in de urine, kunnen urinaire antigeentesten worden gebruikt om snelle testresultaten te krijgen.</Text>  
			</GameDBLocalizedString>

			<GameDBLocalizedString>      
			<LocID>EXM_SLP_BONEBIOPSY_SAMPLE</LocID>                                      
			<Text>Beenmergbiopsie monster</Text>  
			</GameDBLocalizedString>
			
			<GameDBLocalizedString>      
			<LocID>EXM_SLP_BONEBIOPSY_SAMPLE_DESC</LocID>                                      
			<Text>Een beenmergbiopsie verzamelt een cilindrisch kernmonster dat de structuur van de merg bewaart. Het biopsiemonster wordt geëvalueerd door een specialist om cellulariteit te bepalen: het volume van cellen wordt vergeleken met het volume van andere componenten in het beenmerg, of de verschillende cellijnen in voldoende aantallen aanwezig zijn en of er abnormale infiltraten in het merg zijn.\n\nLab benodigd: Histologielab</Text> 
			</GameDBLocalizedString>
			
			<GameDBLocalizedString>      
			<LocID>EXM_SLP_BONEBIOPSY_TEST</LocID>                                      
			<Text>Beenmergbiopsie test</Text>  
			</GameDBLocalizedString>
			
			<GameDBLocalizedString>      
			<LocID>EXM_SLP_BONEBIOPSY_TEST_DESC</LocID>                                      
			<Text>Een beenmergbiopsie verzamelt een cilindrisch kernmonster dat de structuur van de merg bewaart. Het biopsiemonster wordt geëvalueerd door een specialist om cellulariteit te bepalen: het volume van cellen wordt vergeleken met het volume van andere componenten in het beenmerg, of de verschillende cellijnen in voldoende aantallen aanwezig zijn en of er abnormale infiltraten in het merg zijn.</Text>  
			</GameDBLocalizedString>
			
			<GameDBLocalizedString>      
			<LocID>EXM_SLP_FLOWCYT</LocID>                                      
			<Text>Flowcytometrie monster</Text>  
			</GameDBLocalizedString>
			
			<GameDBLocalizedString>      
			<LocID>EXM_SLP_FLOWCYT_DESC</LocID>                                      
			<Text>Flowcymetrie is een techniek die wordt gebruikt om fysische en chemische eigenschappen van een populatie cellen of deeltjes te detecteren en te meten. Een monster dat cellen of deeltjes bevat, wordt in een vloeistof gesuspendeerd en in het flowcytometerinstrument geïnjecteerd.\n\nBenodigd lab: Histologielab</Text>  
			</GameDBLocalizedString>
			
			<GameDBLocalizedString>      
			<LocID>EXM_SLP_FLOWCYT_TEST</LocID>                                      
			<Text>Flowcytometrie test</Text>  
			</GameDBLocalizedString>
			
			<GameDBLocalizedString>      
			<LocID>EXM_SLP_FLOWCYT_TEST_DESC</LocID>                                      
			<Text>Flowcymetrie is een techniek die wordt gebruikt om fysische en chemische eigenschappen van een populatie cellen of deeltjes te detecteren en te meten. Een monster dat cellen of deeltjes bevat, wordt in een vloeistof gesuspendeerd en in het flowcytometerinstrument geïnjecteerd.</Text>  
			</GameDBLocalizedString>

			<GameDBLocalizedString>      
			<LocID>EXM_SLP_CBC_SAMPLING</LocID>                                      
			<Text>(Oncology) CBC monsterafname</Text>  
			</GameDBLocalizedString>
			
			<GameDBLocalizedString>      
			<LocID>EXM_SLP_BLOOD_SMEAR_SAMPLE</LocID>                                      
			<Text>Dikkedruppelpreparaat</Text>  
			</GameDBLocalizedString>
			
			<GameDBLocalizedString>      
			<LocID>EXM_SLP_BLOOD_SMEAR_SAMPLE_DESC</LocID>                                      
			<Text>Een dikkedruppelpreparaat is een dunne laag bloed die op een glazen microscoopglaasje wordt gesmeerd en vervolgens zodanig wordt gekleurd dat de verschillende bloedcellen microscopisch kunnen worden onderzocht.\n\nBenodigd lab: histologielab</Text>  
			</GameDBLocalizedString>
			
			<GameDBLocalizedString>      
			<LocID>EXM_SLP_BLOOD_SMEAR_TEST</LocID>                                      
			<Text>Dikkedruppelpreparaat test</Text>  
			</GameDBLocalizedString>
			
			<GameDBLocalizedString>      
			<LocID>EXM_SLP_BLOOD_SMEAR_TEST_DESC</LocID>                                      
			<Text>Een dikkedruppelpreparaat is een dunne laag bloed die op een glazen microscoopglaasje wordt gesmeerd en vervolgens zodanig wordt gekleurd dat de verschillende bloedcellen microscopisch kunnen worden onderzocht.</Text>  
			</GameDBLocalizedString>
			
			<GameDBLocalizedString>      
			<LocID>EXM_SLP_LIVER_FT_SAMPLING</LocID>                                      
			<Text>Leverfunctietest monsterafname</Text>  
			</GameDBLocalizedString>
			
			<GameDBLocalizedString>      
			<LocID>EXM_SLP_LIVER_FT_SAMPLING_DESC</LocID>                                      
			<Text>Leverfunctietests (ook LFTs genoemd) zijn bloedtesten die informatie kunnen geven over hoe uw lever werkt. Ze testen de niveaus van een aantal eiwitten en enzymen die ofwel door levercellen worden geproduceerd of in het bloed worden afgegeven wanneer levercellen worden beschadigd.\n\nBenodigd lab: Hematologielab</Text>  
			</GameDBLocalizedString>
			
			<GameDBLocalizedString>      
			<LocID>EXM_SLP_LIVER_FT_TEST</LocID>                                      
			<Text>Leverfunctietest</Text>  
			</GameDBLocalizedString>
			
			<GameDBLocalizedString>      
			<LocID>EXM_SLP_LIVER_FT_TEST_DESC</LocID>                                      
			<Text>Leverfunctietests (ook LFTs genoemd) zijn bloedtesten die informatie kunnen geven over hoe uw lever werkt. Ze testen de niveaus van een aantal eiwitten en enzymen die ofwel door levercellen worden geproduceerd of in het bloed worden afgegeven wanneer levercellen worden beschadigd.</Text>  
			</GameDBLocalizedString>
			
			<GameDBLocalizedString>      
			<LocID>EXM_SLP_FISH_SAMPLE</LocID>                                      
			<Text>F.I.S.H. monsterafname</Text>  
			</GameDBLocalizedString>
			
			<GameDBLocalizedString>      
			<LocID>EXM_SLP_FISH_SAMPLE_DESC</LocID>                                      
			<Text>Fluorescentie-in-situhybridisatie (FISH) is een moleculaire cytogenetische techniek die fluorescerende sondes gebruikt die alleen binden aan die delen van een nucleïnezuursequentie met een hoge mate van sequentiecomplementariteit. Het werd ontwikkeld door biomedische onderzoekers in de vroege jaren '80 om de aanwezigheid of afwezigheid van specifieke DNA-sequenties op chromosomen te detecteren en te lokaliseren. Fluorescenntiemicroscopie kan worden gebruikt om te achterhalen waar de fluorescerende sonde is gebonden aan de chromosomen. FISH wordt vaak gebruikt voor het vinden van specifieke kenmerken in DNA voor gebruik bij genetische counseling, geneeskunde en soortidentificatie. FISH kan ook worden gebruikt om specifieke RNA-doelen (mRNA, IncRNA en MiRNA) in cellen, circulerende tumorcellen en weefselmonsters te detecteren en te lokaliseren.\n\nBenodigd lab: histologielab</Text>  
			</GameDBLocalizedString>
			
			<GameDBLocalizedString>      
			<LocID>EXM_SLP_FISH_TEST</LocID>                                      
			<Text>F.I.S.H. Test</Text>  
			</GameDBLocalizedString>
			
			<GameDBLocalizedString>      
			<LocID>EXM_SLP_FISH_TEST_DESC</LocID>                                      
			<Text>Fluorescentie-in-situhybridisatie (FISH) is een moleculaire cytogenetische techniek die fluorescerende sondes gebruikt die alleen binden aan die delen van een nucleïnezuursequentie met een hoge mate van sequentiecomplementariteit. Het werd ontwikkeld door biomedische onderzoekers in de vroege jaren '80 om de aanwezigheid of afwezigheid van specifieke DNA-sequenties op chromosomen te detecteren en te lokaliseren. Fluorescenntiemicroscopie kan worden gebruikt om te achterhalen waar de fluorescerende sonde is gebonden aan de chromosomen. FISH wordt vaak gebruikt voor het vinden van specifieke kenmerken in DNA voor gebruik bij genetische counseling, geneeskunde en soortidentificatie. FISH kan ook worden gebruikt om specifieke RNA-doelen (mRNA, IncRNA en MiRNA) in cellen, circulerende tumorcellen en weefselmonsters te detecteren en te lokaliseren.</Text>  
			</GameDBLocalizedString>
			
			<GameDBLocalizedString>      
			<LocID>EXM_SLP_IV_STAINING_SAMPLE</LocID>                                      
			<Text>In vitro kleuring monsterafname</Text>  
			</GameDBLocalizedString>
			
			<GameDBLocalizedString>      
			<LocID>EXM_SLP_IV_STAINING_SAMPLE_DESC</LocID>                                      
			<Text>Kleuring is een techniek die wordt gebruikt om het contrast in monsters te verhogen, meestal op microscopisch niveau. Vlekken en kleurstoffen worden vaak gebruikt in de histologie (de studie van weefsel onder de microscoop) en in de medische gebieden van histopathologie, hematologie, en cytopathologie die zich op de studie concentreren en ziekten op microscopisch niveau diagnosticeren. Vlekken kunnen worden gebruikt om biologische weefsels te definiëren (bijvoorbeeld het benadrukken van spiervezels of bindweefsel), celpopulaties (het classificeren van verschillende bloedcellen) of organellen in afzonderlijke cellen.\n\nBenodigd lab: histologielab</Text>  
			</GameDBLocalizedString>
			
			<GameDBLocalizedString>      
			<LocID>EXM_SLP_IV_STAINING_TEST</LocID>                                      
			<Text>In vitro kleuring test</Text>  
			</GameDBLocalizedString>
			
			<GameDBLocalizedString>      
			<LocID>EXM_SLP_IV_STAINING_TEST_DESC</LocID>                                      
			<Text>Kleuring is een techniek die wordt gebruikt om het contrast in monsters te verhogen, meestal op microscopisch niveau. Vlekken en kleurstoffen worden vaak gebruikt in de histologie (de studie van weefsel onder de microscoop) en in de medische gebieden van histopathologie, hematologie, en cytopathologie die zich op de studie concentreren en ziekten op microscopisch niveau diagnosticeren. Vlekken kunnen worden gebruikt om biologische weefsels te definiëren (bijvoorbeeld het benadrukken van spiervezels of bindweefsel), celpopulaties (het classificeren van verschillende bloedcellen) of organellen in afzonderlijke cellen.</Text>  
			</GameDBLocalizedString>
			
			<!-- ### ### -->
			<!-- ######################################## Content for V0.13 Added Below ######################################## -->
			<!-- ### ### -->
			
			<GameDBLocalizedString>      
			<LocID>EXM_SL_X_RAY_MAMMOGRAM</LocID>                                      
			<Text>Mammogram</Text>  
			</GameDBLocalizedString>
			
			<GameDBLocalizedString>      
			<LocID>EXM_SL_X_RAY_MAMMOGRAM_DESC</LocID>                                      
			<Text>Een mammogram is een röntgenfoto van borstweefsel dat veranderingen kan vinden, die te klein zijn om gevoeld te worden tijdens een lichamelijk onderzoek. \n\nBenodigde ruimte: Röntgenruimte</Text>  
			</GameDBLocalizedString>
			
			<GameDBLocalizedString>      
			<LocID>EXM_SLP_FNA_SAMPLE</LocID>                                      
			<Text>Fijne naaldaspiratie monsterafname</Text>  
			</GameDBLocalizedString>
			
			<GameDBLocalizedString>      
			<LocID>EXM_SLP_FNA_SAMPLE_DESC</LocID>                                      
			<Text>Fijna naaldaspiratie is een snellere, minder pijnlijke biopsieprocedure om weefsel-, cel- of vloeistofmonsters te verwijderen. Bij aspiratie met fijne naald wordt een dunne naald ingebracht in een gebied met abnormaallijkend weefsel of lichaamsvloeistof. Net als bij andere soorten biopsieën, kan het monster dat wordt verzameld tijdens de fijne naaldaspiratie helpen bij het stellen van een diagnose of het uitsluiten van aandoeningen zoals kanker. \n\nLab benodigd: Histologielab</Text>  
			</GameDBLocalizedString>
			
			<GameDBLocalizedString>      
			<LocID>EXM_SLP_FNA_TEST</LocID>                                      
			<Text>Fijne naaldaspiratie</Text>  
			</GameDBLocalizedString>
			
			<GameDBLocalizedString>      
			<LocID>EXM_SLP_FNA_TEST_DESC</LocID>                                      
			<Text>Fijna naaldaspiratie is een snellere, minder pijnlijke biopsieprocedure om weefsel-, cel- of vloeistofmonsters te verwijderen. Bij aspiratie met fijne naald wordt een dunne naald ingebracht in een gebied met abnormaallijkend weefsel of lichaamsvloeistof. Net als bij andere soorten biopsieën, kan het monster dat wordt verzameld tijdens de fijne naaldaspiratie helpen bij het stellen van een diagnose.</Text>  
			</GameDBLocalizedString>
			
			<GameDBLocalizedString>      
			<LocID>EXM_SLP_EMICRO_SAMPLE</LocID>                                      
			<Text>Elektronenmicroscopie monsterafname</Text>  
			</GameDBLocalizedString>
			
			<GameDBLocalizedString>      
			<LocID>EXM_SLP_EMICRO_SAMPLE_DESC</LocID>                                      
			<Text>Diagnostische elektronenmicroscopie wordt gebruikt als een belangrijk diagnostisch hulpmiddel om menselijke weefsels bij hoge vergroting (het ultrastructurele niveau) te screenen. Voor diagnostische doeleinden worden vaste weefsels op dezelfde manier voor TEM bereid als andere biologische weefsels, ze worden gefixeerd in glutaaraldehyde en osmiumtetroxide en vervolgens gedehydrateerd en ingebed in epoxyhars.\n\nLab benodigd: Histologielab</Text>  
			</GameDBLocalizedString>
			
			<GameDBLocalizedString>      
			<LocID>EXM_SLP_EMICRO_TEST</LocID>                                      
			<Text>Elektronmicroscopie test</Text>  
			</GameDBLocalizedString>
			
			<GameDBLocalizedString>      
			<LocID>EXM_SLP_EMICRO_TEST_DESC</LocID>                                      
			<Text>Diagnostische elektronenmicroscopie wordt gebruikt als een belangrijk diagnostisch hulpmiddel om menselijke weefsels bij hoge vergroting (het ultrastructurele niveau) te screenen. Voor diagnostische doeleinden worden vaste weefsels op dezelfde manier voor TEM bereid als andere biologische weefsels, ze worden gefixeerd in glutaaraldehyde en osmiumtetroxide en vervolgens gedehydrateerd en ingebed in epoxyhars.</Text>  
			</GameDBLocalizedString>
			
			<GameDBLocalizedString>      
			<LocID>EXM_SLP_PELVIC_EXAM</LocID>                                      
			<Text>Bekkenonderzoek</Text>  
			</GameDBLocalizedString>
			
			<GameDBLocalizedString>      
			<LocID>EXM_SLP_PELVIC_EXAM_DESC</LocID>                                      
			<Text>Een bekkenonderzoek is een visueel en lichamelijkonderzoek van de voortplantingsorganen van een vrouw. Tijdens het examen inspecteert de arts de vagina, baarmoederhals, eileiders, vulva, eierstokken en baarmoeder.</Text>  
			</GameDBLocalizedString>
			
			<GameDBLocalizedString>      
			<LocID>EXM_SLP_DRE_EXAM</LocID>                                      
			<Text>Rectaal toucheren</Text>  
			</GameDBLocalizedString>
			
			<GameDBLocalizedString>      
			<LocID>EXM_SLP_DRE_EXAM_DESC</LocID>                                      
			<Text>Rectaal toucheren is een test voor zowel mannen als vrouwen. Hiermee kan een arts het onderste rectum, het bekken en de onderbuik controleren op kanker en andere gezondheidsproblemen zoals prostaatkanker.</Text>  
			</GameDBLocalizedString>

			<GameDBLocalizedString>      
			<LocID>EXM_SLP_MINERALT_SAMPLE</LocID>                                      
			<Text>Uitgebreide minerale paneel monsterafname</Text>  
			</GameDBLocalizedString>
			
			<GameDBLocalizedString>      
			<LocID>EXM_SLP_MINERALT_SAMPLE_DESC</LocID>                                      
			<Text>Een uitgebreide minerale paneel monsterafname omvat het testen van het bloed op vijf mineralen en wordt gebruikt om tekortkomingen of overmatige blootstelling (toxiciteit) in het mineraalspectrum te detecteren. Dit paneel bevat testniveaus van de volgende vijf mineralen: calcium, koper, magnesium, mangaan en zink.\n\nLab benodigd: hematologielab</Text>  
			</GameDBLocalizedString>
			
			<GameDBLocalizedString>      
			<LocID>EXM_SLP_MINERALT_TEST</LocID>                                      
			<Text>Uitgebreide minerale paneel Test</Text>  
			</GameDBLocalizedString>
			
			<GameDBLocalizedString>      
			<LocID>EXM_SLP_MINERALT_TEST_DESC</LocID>                                      
			<Text>Een uitgebreide minerale paneel monsterafname omvat het testen van het bloed op vijf mineralen en wordt gebruikt om tekortkomingen of overmatige blootstelling (toxiciteit) in het mineraalspectrum te detecteren. Dit paneel bevat testniveaus van de volgende vijf mineralen: calcium, koper, magnesium, mangaan en zink.</Text>  
			</GameDBLocalizedString>
			
			<GameDBLocalizedString>      
			<LocID>EXM_SLP_LYMPHBIOPSY_SAMPLE</LocID>                                      
			<Text>Lymfeklierbiopsie monsterafname</Text>  
			</GameDBLocalizedString>
			
			<GameDBLocalizedString>      
			<LocID>EXM_SLP_LYMPHBIOPSY_SAMPLE_DESC</LocID>                                      
			<Text>Lymfeklierbiopsie is een test waarbij een lymfeklier of een stuk van een lymfeklier wordt verwijderd voor onderzoek onder een microscoop. Een lymfeknoopbiopsie kan helpen bepalen of een patiënt een infectie, een immuunziekte of kanker heeft.\n\nLab benodigd: histologielab</Text>  
			</GameDBLocalizedString>
			
			<GameDBLocalizedString>      
			<LocID>EXM_SLP_LYMPHBIOPSY_TEST</LocID>                                      
			<Text>Lymfeklierbiopsie test</Text>  
			</GameDBLocalizedString>
			
			<GameDBLocalizedString>      
			<LocID>EXM_SLP_LYMPHBIOPSY_TEST_DESC</LocID>                                      
			<Text>Lymfeklierbiopsie is een test waarbij een lymfeklier of een stuk van een lymfeklier wordt verwijderd voor onderzoek onder een microscoop. Een lymfeknoopbiopsie kan helpen bepalen of een patiënt een infectie, een immuunziekte of kanker heeft.</Text>  
			</GameDBLocalizedString>
			
			<GameDBLocalizedString>      
			<LocID>EXM_SLP_CEA</LocID> <!-- ############# OBSOLETE - ADDED IN FOR CRASH PROTECTION -->                                     
			<Text>(OBSOLETE) Test Removed</Text>  
			</GameDBLocalizedString>
			
			<GameDBLocalizedString>      
			<LocID>EXM_SLP_CEA_DESC</LocID> <!-- ############# OBSOLETE - ADDED IN FOR CRASH PROTECTION -->                                         
			<Text>This test has been removed from this mod but the code remains to protect players that may still has these pending.</Text>  
			</GameDBLocalizedString>
			
			<GameDBLocalizedString>       
			<LocID>EXM_SLP_CEA_TEST</LocID> <!-- ############# OBSOLETE - ADDED IN FOR CRASH PROTECTION -->                                          
			<Text>(OBSOLETE) Test Removed</Text>  
			</GameDBLocalizedString>
			
			<GameDBLocalizedString>      
			<LocID>EXM_SLP_CEA_TEST_DESC</LocID> <!-- ############# OBSOLETE - ADDED IN FOR CRASH PROTECTION -->                                          
			<Text>This test has been removed from this mod but the code remains to protect players that may still has these pending.</Text>  
			</GameDBLocalizedString>
			
			<GameDBLocalizedString>      
			<LocID>EXM_SLP_5HIAA</LocID> <!-- ############# OBSOLETE - ADDED IN FOR CRASH PROTECTION -->                                     
			<Text>(OBSOLETE) Test Removed</Text>  
			</GameDBLocalizedString>
			
			<GameDBLocalizedString>      
			<LocID>EXM_SLP_5HIAA_DESC</LocID> <!-- ############# OBSOLETE - ADDED IN FOR CRASH PROTECTION -->                                         
			<Text>This test has been removed from this mod but the code remains to protect players that may still has these pending.</Text>  
			</GameDBLocalizedString>
			
			<GameDBLocalizedString>       
			<LocID>EXM_SLP_5HIAA_TEST</LocID> <!-- ############# OBSOLETE - ADDED IN FOR CRASH PROTECTION -->                                          
			<Text>(OBSOLETE) Test Removed</Text>  
			</GameDBLocalizedString>
			
			<GameDBLocalizedString>      
			<LocID>EXM_SLP_5HIAA_TEST_DESC</LocID> <!-- ############# OBSOLETE - ADDED IN FOR CRASH PROTECTION -->                                          
			<Text>This test has been removed from this mod but the code remains to protect players that may still has these pending.</Text>  
			</GameDBLocalizedString>
			
			<GameDBLocalizedString>      
			<LocID>EXM_SLP_CHRAB</LocID> <!-- ############# OBSOLETE - ADDED IN FOR CRASH PROTECTION -->                                     
			<Text>(OBSOLETE) Test Removed</Text>  
			</GameDBLocalizedString>
			
			<GameDBLocalizedString>      
			<LocID>EXM_SLP_CHRAB_DESC</LocID> <!-- ############# OBSOLETE - ADDED IN FOR CRASH PROTECTION -->                                         
			<Text>This test has been removed from this mod but the code remains to protect players that may still has these pending.</Text>  
			</GameDBLocalizedString>
			
			<GameDBLocalizedString>       
			<LocID>EXM_SLP_CHRAB_TEST</LocID> <!-- ############# OBSOLETE - ADDED IN FOR CRASH PROTECTION -->                                          
			<Text>(OBSOLETE) Test Removed</Text>  
			</GameDBLocalizedString>
			
			<GameDBLocalizedString>      
			<LocID>EXM_SLP_CHRAB_TEST_DESC</LocID> <!-- ############# OBSOLETE - ADDED IN FOR CRASH PROTECTION -->                                          
			<Text>This test has been removed from this mod but the code remains to protect players that may still has these pending.</Text>  
			</GameDBLocalizedString>

</LocalizedStrings>
</GameDBStringTable>
</Database>