<Database>
	<!-- Oncology Mod by Sleepy068 -->
	<GameDBStringTable ID="LOC_IT_ADDON_ONCOLOGYSL_DIAGNOSES_OLD">
	<LanguageCode>it</LanguageCode>
	<LanguageNameLocalized>Italiano</LanguageNameLocalized>
	<Contributors>
	<Name>neoxes</Name>
	</Contributors>

	<LocalizedStrings>
		
        <!-- Diagnoses - Skin Cancer -->
		
        <GameDBLocalizedString>      
		<LocID>DIA_ONCO_SC1_1</LocID>                         
		<Text>Carcinoma basocellulare (Stadio I)</Text>	
		</GameDBLocalizedString>
		
        <GameDBLocalizedString>      
		<LocID>DIA_ONCO_SC1_1_DESC</LocID>             
		<Text>Il carcinoma basocellulare, o carcinoma a cellule basali, è la forma più comune di tumore nell'uomo. Si tratta di un tumore della pelle, diverso dal melanoma, che ha origine nello strato cellulare basale dell'epidermide (lo strato superiore della pelle), cresce molto lentamente e si diffonde, o metastatizza, raramente. \n\nStadio I: il tumore è largo approssimativamente due centimetri, o meno, e potrebbe essersi diffuso nel derma.</Text>	
		</GameDBLocalizedString>

        <GameDBLocalizedString>      
		<LocID>DIA_ONCO_SC1_2</LocID>                         
		<Text>Carcinoma basocellulare (Stadio II)</Text>	
		</GameDBLocalizedString>
		
        <GameDBLocalizedString>      
		<LocID>DIA_ONCO_SC1_2_DESC</LocID>             
		<Text>Il carcinoma basocellulare, o carcinoma a cellule basali, è la forma più comune di tumore nell'uomo. Si tratta di un tumore della pelle, diverso dal melanoma, che ha origine nello strato cellulare basale dell'epidermide (lo strato superiore della pelle), cresce molto lentamente e si diffonde, o metastatizza, raramente. \n\nStadio II: il tumore è largo più di due centimetri, può essersi diffuso nel derma e presenta caratteristiche ad alto rischio come l'invasione perineurale.</Text>	
		</GameDBLocalizedString>
		
        <GameDBLocalizedString>      
		<LocID>DIA_ONCO_SC1_3</LocID>                         
		<Text>Carcinoma basocellulare (Stadio III)</Text>	
		</GameDBLocalizedString>
		
        <GameDBLocalizedString>      
		<LocID>DIA_ONCO_SC1_3_DESC</LocID>             
		<Text>Il carcinoma basocellulare, o carcinoma a cellule basali, è la forma più comune di tumore nell'uomo. Si tratta di un tumore della pelle, diverso dal melanoma, che ha origine nello strato cellulare basale dell'epidermide (lo strato superiore della pelle), cresce molto lentamente e si diffonde, o metastatizza, raramente. \n\nStadio III: il tumore si è diffuso in aree sottocutanee, ad esempio nei muscoli, nelle ossa, nella cartilagine o nei linfonodi, ma solo in prossimità al tumore originale.</Text>	
		</GameDBLocalizedString>

        <GameDBLocalizedString>      
		<LocID>DIA_ONCO_SC1_4</LocID>                         
		<Text>Carcinoma basocellulare (Stadio IV)</Text>	
		</GameDBLocalizedString>
		
        <GameDBLocalizedString>      
		<LocID>DIA_ONCO_SC1_4_DESC</LocID>             
		<Text>Il carcinoma basocellulare, o carcinoma a cellule basali, è la forma più comune di tumore nell'uomo. Si tratta di un tumore della pelle, diverso dal melanoma, che ha origine nello strato cellulare basale dell'epidermide (lo strato superiore della pelle), cresce molto lentamente e si diffonde, o metastatizza, raramente. \n\nStadio IV: il tumore si è diffuso in aree esterne alla pelle, come organi distanti quali il cervello o i polmoni, o ha invaso lo scheletro.</Text>
		</GameDBLocalizedString>
		
		<GameDBLocalizedString>      
		<LocID>DIA_ONCO_SC2_1</LocID>                         
		<Text>Carcinoma spinocellulare (Stadio I)</Text>	
		</GameDBLocalizedString>

        <GameDBLocalizedString>      
		<LocID>DIA_ONCO_SC2_1_DESC</LocID>             
		<Text>Il carcinoma spinocellulare, o carcinoma a cellule squamose, è una forma comune di cancro della pelle che si sviluppa nelle cellule che compongono gli strati medio ed esterno della pelle. \n\nStadio I: il tumore è largo approssimativamente due centimetri, o meno, e potrebbe essersi diffuso nel derma.</Text>	
		</GameDBLocalizedString>
		
		<GameDBLocalizedString>      
		<LocID>DIA_ONCO_SC2_2</LocID>                         
		<Text>Carcinoma spinocellulare (Stadio II)</Text>	
		</GameDBLocalizedString>
		
        <GameDBLocalizedString>      
		<LocID>DIA_ONCO_SC2_2_DESC</LocID>             
		<Text>Il carcinoma spinocellulare, o carcinoma a cellule squamose, è una forma comune di cancro della pelle che si sviluppa nelle cellule che compongono gli strati medio ed esterno della pelle. \n\nStadio II: il tumore è largo più di due centimetri, può essersi diffuso nel derma e presenta caratteristiche ad alto rischio come l'invasione perineurale.</Text>	
		</GameDBLocalizedString>
		
		<GameDBLocalizedString>      
		<LocID>DIA_ONCO_SC2_3</LocID>                         
		<Text>Carcinoma spinocellulare (Stadio III)</Text>	
		</GameDBLocalizedString>
		
        <GameDBLocalizedString>      
		<LocID>DIA_ONCO_SC2_3_DESC</LocID>             
		<Text>Il carcinoma spinocellulare, o carcinoma a cellule squamose, è una forma comune di cancro della pelle che si sviluppa nelle cellule che compongono gli strati medio ed esterno della pelle. \n\nStadio III: il tumore si è diffuso in aree sottocutanee, ad esempio nei muscoli, nelle ossa, nella cartilagine o nei linfonodi, ma solo in prossimità al tumore originale.</Text>	
		</GameDBLocalizedString>

		<GameDBLocalizedString>      
		<LocID>DIA_ONCO_SC2_4</LocID>                         
		<Text>Carcinoma spinocellulare (Stadio IV)</Text>	
		</GameDBLocalizedString>
		
        <GameDBLocalizedString>      
		<LocID>DIA_ONCO_SC2_4_DESC</LocID>             
		<Text>Il carcinoma spinocellulare, o carcinoma a cellule squamose, è una forma comune di cancro della pelle che si sviluppa nelle cellule che compongono gli strati medio ed esterno della pelle. \n\nStadio IV: il tumore si è diffuso in aree esterne alla pelle, come organi distanti quali il cervello o i polmoni, o ha invaso lo scheletro.</Text>	
		</GameDBLocalizedString>

		<GameDBLocalizedString>      
		<LocID>DIA_ONCO_SC3_1</LocID>                         
		<Text>Melanoma (Stadio I)</Text>	
		</GameDBLocalizedString>
		
        <GameDBLocalizedString>      
		<LocID>DIA_ONCO_SC3_1_DESC</LocID>             
		<Text>Il melanoma si manifesta quando le cellule del pigmento della pelle, o melanociti, mutano ed iniziano a crescere senza controllo. \n\nStadio I: il cancro si è diffuso più in profondità nella pelle, ma non è arrivato ai linfonodi o ad altre parti del corpo.</Text>	
		</GameDBLocalizedString>
		
		<GameDBLocalizedString>      
		<LocID>DIA_ONCO_SC3_2</LocID>                         
		<Text>Melanoma (Stadio II)</Text>	
		</GameDBLocalizedString>
		
        <GameDBLocalizedString>      
		<LocID>DIA_ONCO_SC3_2_DESC</LocID>             
		<Text>Il melanoma si manifesta quando le cellule del pigmento della pelle, o melanociti, mutano ed iniziano a crescere senza controllo. \n\nStadio II: il cancro è più spesso, si estende attraverso l'epidermide ed oltre, fino al derma (lo strato più interno della pelle). Inoltre, ha una maggiore possibilità di diffusione.</Text>	
		</GameDBLocalizedString>

		<GameDBLocalizedString>      
		<LocID>DIA_ONCO_SC3_3</LocID>                         
		<Text>Melanoma (Stadio III)</Text>	
		</GameDBLocalizedString>
		
        <GameDBLocalizedString>      
		<LocID>DIA_ONCO_SC3_3_DESC</LocID>             
		<Text>Il melanoma si manifesta quando le cellule del pigmento della pelle, o melanociti, mutano ed iniziano a crescere senza controllo. \n\nStadio III: il cancro si è diffuso localmente o, attraverso il sistema linfatico, ad un linfonodo regionale. Tuttavia, non si è ancora diffuso a linfonodi o organi distanti.</Text>	
		</GameDBLocalizedString>
		
		<GameDBLocalizedString>      
		<LocID>DIA_ONCO_SC3_4</LocID>                         
		<Text>Melanoma (Stadio IV)</Text>	
		</GameDBLocalizedString>
		
        <GameDBLocalizedString>      
		<LocID>DIA_ONCO_SC3_4_DESC</LocID>             
		<Text>Il melanoma si manifesta quando le cellule del pigmento della pelle, o melanociti, mutano ed iniziano a crescere senza controllo. \n\nStadio IV: il cancro si è diffuso attraverso il flusso sanguigno ad altre parti del corpo, in posizioni distanti sulla pelle o sui tessuti molli, in linfonodi distanti o in altri organi.</Text>	
		</GameDBLocalizedString>
		
		<!-- Diagnoses - Adrenal Gland Cancer -->
		
		<GameDBLocalizedString>      
		<LocID>DIA_ONCO_AGC1_0</LocID>                         
		<Text>Feocromocitoma (Localizzato)</Text>	
		</GameDBLocalizedString>
		
        <GameDBLocalizedString>      
		<LocID>DIA_ONCO_AGC1_0_DESC</LocID>             
		<Text>Il feocromocitoma è un raro tumore del tessuto ghiandolare surrenale che origina dalle cellule cromaffini e secerne quantità elevate di catecolamine (soprattutto noradrenalina ed adrenalina), ormoni che controllano la frequenza cardiaca, il metabolismo e la pressione sanguigna. \n\nLocalizzato: il tumore viene rilevato, ad uno stadio iniziale, esclusivamente nel midollo surrenale di una o entrambe le ghiandole surrenali.</Text>	
		</GameDBLocalizedString>
		
		<GameDBLocalizedString>      
		<LocID>DIA_ONCO_AGC1_1</LocID>                         
		<Text>Feocromocitoma (Loco-regionale)</Text>	
		</GameDBLocalizedString>
		
        <GameDBLocalizedString>      
		<LocID>DIA_ONCO_AGC1_1_DESC</LocID>             
		<Text>Il feocromocitoma è un raro tumore del tessuto ghiandolare surrenale che origina dalle cellule cromaffini e secerne quantità elevate di catecolamine (soprattutto noradrenalina ed adrenalina), ormoni che controllano la frequenza cardiaca, il metabolismo e la pressione sanguigna. \n\nLoco-regionale: il cancro si è diffuso dal punto di origine ai tessuti circostanti più prossimi e/o ai linfonodi.</Text>	
		</GameDBLocalizedString>
		
		<GameDBLocalizedString>      
		<LocID>DIA_ONCO_AGC1_2</LocID>                         
		<Text>Feocromocitoma (Metastatico)</Text>	
		</GameDBLocalizedString>
		
        <GameDBLocalizedString>      
		<LocID>DIA_ONCO_AGC1_2_DESC</LocID>             
		<Text>Il feocromocitoma è un raro tumore del tessuto ghiandolare surrenale che origina dalle cellule cromaffini e secerne quantità elevate di catecolamine (soprattutto noradrenalina ed adrenalina), ormoni che controllano la frequenza cardiaca, il metabolismo e la pressione sanguigna. \n\nMetastatico: il cancro si è diffuso dal punto di origine ad una parte distante del corpo. Per prevedere la probabilità di diffusione metastatica, sono stati sviluppati diversi criteri e sistemi di punteggio sulla base di istopatologia o dati clinici, ma nessun sistema si è dimostrato affidabile.</Text>	
		</GameDBLocalizedString>
		
		<!-- Diagnoses - Lung Cancer -->
		
		<GameDBLocalizedString>      
		<LocID>DIA_ONCO_LC_0</LocID>                         
		<Text>Carcinoma polmonare non a piccole cellule (Localizzato)</Text>	
		</GameDBLocalizedString>
		
        <GameDBLocalizedString>      
		<LocID>DIA_ONCO_LC_0_DESC</LocID>             
		<Text>Il carcinoma polmonare non a piccole cellule (NSCLC) ha origine quando alcune cellule sane si modificano, crescono e si moltiplicano in modo incontrollato, formando una massa chiamata tumore, lesione, o nodulo all'interno di uno o entrambi i polmoni. Spesso gli si associa il termine indifferenziato, per descrivere cellule o tessuti che non hanno strutture o funzioni specializzate (mature) che crescono e si diffondono rapidamente. \n\nLocalizzato: il cancro si trova nel polmone, ma non è progredito ai linfonodi o agli organi distanti.</Text>	
		</GameDBLocalizedString>
		
		<GameDBLocalizedString>      
		<LocID>DIA_ONCO_LC_1</LocID>                         
		<Text>Carcinoma polmonare non a piccole cellule (Loco-regionale)</Text>	
		</GameDBLocalizedString>
		
        <GameDBLocalizedString>      
		<LocID>DIA_ONCO_LC_1_DESC</LocID>             
		<Text>Il carcinoma polmonare non a piccole cellule (NSCLC) ha origine quando alcune cellule sane si modificano, crescono e si moltiplicano in modo incontrollato, formando una massa chiamata tumore, lesione, o nodulo all'interno di uno o entrambi i polmoni. Spesso gli si associa il termine indifferenziato, per descrivere cellule o tessuti che non hanno strutture o funzioni specializzate (mature) che crescono e si diffondono rapidamente. \n\nLoco-regionale: il cancro è progredito dai polmoni fino ai lonfonodi adiacenti.</Text>	
		</GameDBLocalizedString>
		
		<GameDBLocalizedString>      
		<LocID>DIA_ONCO_LC_2</LocID>                         
		<Text>Carcinoma polmonare non a piccole cellule (Metastatico)</Text>	
		</GameDBLocalizedString>
		
        <GameDBLocalizedString>      
		<LocID>DIA_ONCO_LC_2_DESC</LocID>             
		<Text>Il carcinoma polmonare non a piccole cellule (NSCLC) ha origine quando alcune cellule sane si modificano, crescono e si moltiplicano in modo incontrollato, formando una massa chiamata tumore, lesione, o nodulo all'interno di uno o entrambi i polmoni. Spesso gli si associa il termine indifferenziato, per descrivere cellule o tessuti che non hanno strutture o funzioni specializzate (mature) che crescono e si diffondono rapidamente.
		\n\nMetastatico: il cancro è cresciuto ed è diventato più aggressivo, richiede più spazio ed inizia a diffondersi in altre parti del corpo come linfonodi, cervello, ghiandole surrenali, fegato e ossa.</Text>	
		</GameDBLocalizedString>
		
		<GameDBLocalizedString>      
		<LocID>DIA_ONCO_LC1_0</LocID>                         
		<Text>Carcinoma polmonare a piccole cellule (Stadio Limitato)</Text>	
		</GameDBLocalizedString>
		
        <GameDBLocalizedString>      
		<LocID>DIA_ONCO_LC1_0_DESC</LocID>             
		<Text>Il carcinoma polmonare a piccole cellule (SCLC) ha origine quando alcune cellule sane del polmone, spesso cellule nervose o endocrine, si modificano e crescono senza controllo, formando una massa chiamata tumore, lesione, o nodulo. Il termine "piccola cellula" si riferisce alla dimensione e alla forma delle cellule tumorali osservate al microscopio. \n\nStadio Limitato: il cancro è confinato ad un emitorace e la radioterapia potrebbe essere un'opzione di trattamento. Ha un'incidenza di circa una persona su tre alla prima diagnosi.</Text>	
		</GameDBLocalizedString>
		
		<GameDBLocalizedString>      
		<LocID>DIA_ONCO_LC1_1</LocID>                         
		<Text>Carcinoma polmonare a piccole cellule (Stadio Esteso)</Text>	
		</GameDBLocalizedString>
		
        <GameDBLocalizedString>      
		<LocID>DIA_ONCO_LC1_1_DESC</LocID>             
		<Text>Il carcinoma polmonare a piccole cellule (SCLC) ha origine quando alcune cellule sane del polmone, spesso cellule nervose o endocrine, si modificano e crescono senza controllo, formando una massa chiamata tumore, lesione, o nodulo. Il termine "piccola cellula" si riferisce alla dimensione e alla forma delle cellule tumorali osservate al microscopio. \n\nStadio Esteso: il cancro si è diffuso in diverse parti del corpo, come l'altro polmone, ossa, cervello o midollo osseo. Molti medici considerano stadio esteso anche la diffusione ai fluidi attorno al polmone. Ha un'incidenza di circa due persone su tre alla prima diagnosi.</Text>	
		</GameDBLocalizedString>
		
		<!-- -->
		
		<GameDBLocalizedString>      
		<LocID>DIA_ONCO_BC1_0</LocID>                         
		<Text>Adenocarcinoma colon-rettale (Localizzato)</Text>	
		</GameDBLocalizedString>
		
        <GameDBLocalizedString>      
		<LocID>DIA_ONCO_BC1_0_DESC</LocID>             
		<Text>L'adenocarcinoma del colon-retto rappresenta il 95% di tutti i casi di cancro al tratto colon-rettale dell'intestino crasso e, tipicamente, si sviluppa nelle cellule del rivestimento interno. Il tumore, in genere, inizia come una crescita di tessuto chiamata polipo, in seguito un particolare tipo di polipo, chiamato adenoma, può trasformarsi in cancro. \n\nLocalizzato: il cancro è confinato alla parete intestinale o potrebbe essersi diffuso sulla superficie esterna della parete intestinale.</Text>	
		</GameDBLocalizedString>
		
		<GameDBLocalizedString>      
		<LocID>DIA_ONCO_BC1_1</LocID>                         
		<Text>Adenocarcinoma colon-rettale (Loco-regionale)</Text>	
		</GameDBLocalizedString>
		
        <GameDBLocalizedString>      
		<LocID>DIA_ONCO_BC1_1_DESC</LocID>             
		<Text>L'adenocarcinoma del colon-retto rappresenta il 95% di tutti i casi di cancro al tratto colon-rettale dell'intestino crasso e, tipicamente, si sviluppa nelle cellule del rivestimento interno. Il tumore, in genere, inizia come una crescita di tessuto chiamata polipo, in seguito un particolare tipo di polipo, chiamato adenoma, può trasformarsi in cancro. \n\nLoco-regionale: il cancro si è diffuso fino ai linfonodi vicini all'intestino.</Text>	
		</GameDBLocalizedString>
		
		<GameDBLocalizedString>      
		<LocID>DIA_ONCO_BC1_2</LocID>                         
		<Text>Adenocarcinoma colon-rettale (Metastatico)</Text>	
		</GameDBLocalizedString>
		
        <GameDBLocalizedString>      
		<LocID>DIA_ONCO_BC1_2_DESC</LocID>             
		<Text>Quando un adenocarcinoma non viene rilevato e rimosso in una fase precoce, una parte del cancro può staccarsi dal tumore intestinale principale e diffondersi, di solito attraverso il sistema linfatico o il flusso sanguigno, ai linfonodi o ad altre parti del corpo vicine. \n\nMetastatico: il cancro si è diffuso in un'altra parte del corpo, come nel fegato o nei polmoni, si parla di adenocarcinoma colon-rettale metastatico o secondario (esteso).</Text>	
		</GameDBLocalizedString>
		
		<GameDBLocalizedString>      
		<LocID>DIA_ONCO_AGC2_0</LocID>                         
		<Text>Carcinoma adrenocorticale (Localizzato)</Text>	
		</GameDBLocalizedString>
		
        <GameDBLocalizedString>      
		<LocID>DIA_ONCO_AGC2_0_DESC</LocID>             
		<Text>Il carcinoma adrenocorticale, o corticosurrenalico, è una malattia rara che comporta la formazione di cellule maligne (cancerose) nello strato esterno della ghiandola surrenale. \n\nLocalizzato: il tumore ha una dimensione di cinque centimetri, o meno, e si trova solo nella ghiandola surrenale.</Text>	
		</GameDBLocalizedString>
		
		<GameDBLocalizedString>      
		<LocID>DIA_ONCO_AGC2_1</LocID>                         
		<Text>Carcinoma adrenocorticale (Loco-regionale)</Text>	
		</GameDBLocalizedString>
		
        <GameDBLocalizedString>      
		<LocID>DIA_ONCO_AGC2_1_DESC</LocID>             
		<Text>Il carcinoma adrenocorticale, o corticosurrenalico, è una malattia rara che comporta la formazione di cellule maligne (cancerose) nello strato esterno della ghiandola surrenale. \n\nLoco-regionale: il tumore può avere qualsiasi dimensione e si è diffuso ai linfonodi adiacenti, ai tessuti o agli organi vicini (reni, diaframma, pancreas, milza o fegato), oppure ai grandi vasi sanguigni (vena renale o vena cava).</Text>	
		</GameDBLocalizedString>
		
		<GameDBLocalizedString>      
		<LocID>DIA_ONCO_AGC2_2</LocID>                         
		<Text>Carcinoma adrenocorticale (Metastatico)</Text>	
		</GameDBLocalizedString>
		
        <GameDBLocalizedString>      
		<LocID>DIA_ONCO_AGC2_2_DESC</LocID>             
		<Text>Il carcinoma adrenocorticale, o corticosurrenalico, è una malattia rara che comporta la formazione di cellule maligne (cancerose) nello strato esterno della ghiandola surrenale. \n\nMetastatico: il tumore può avere qualsiasi dimensione e si è diffuso ai linfonodi adiacenti e ad altre parti del corpo come il polmone, le ossa o il peritoneo.</Text>	
		</GameDBLocalizedString>
		
		<GameDBLocalizedString>      
		<LocID>DIA_ONCO_MC001_0</LocID>                         
		<Text>Tumore neuroendocrino gastrointestinale (Stadio Limitato)</Text>	
		</GameDBLocalizedString>
		
        <GameDBLocalizedString>      
		<LocID>DIA_ONCO_MC001_0_DESC</LocID>             
		<Text>I tumori neuroendocrini (NET) sono delle neoplasie che derivano dalle cellule del sistema endocrino (ormonale) e nervoso. Molti di essi sono benigni, mentre alcuni sono maligni e si trovano più comunemente nell'intestino, dove sono spesso chiamati tumori carcinoidi, oltre che nel pancreas, nei polmoni e nel resto del corpo. \n\nStadio Limitato: il tumore è più piccolo di quattro centimetri ed è cresciuto al massimo fino alla membrana che collega l'appendice alla parete addominale.</Text>	
		</GameDBLocalizedString>
		
		<GameDBLocalizedString>      
		<LocID>DIA_ONCO_MC001_1</LocID>                         
		<Text>Tumore neuroendocrino gastrointestinale (Stadio Esteso)</Text>	
		</GameDBLocalizedString>
		
        <GameDBLocalizedString>      
		<LocID>DIA_ONCO_MC001_1_DESC</LocID>             
		<Text>I tumori neuroendocrini (NET) sono delle neoplasie che derivano dalle cellule del sistema endocrino (ormonale) e nervoso. Molti di essi sono benigni, mentre alcuni sono maligni e si trovano più comunemente nell'intestino, dove sono spesso chiamati tumori carcinoidi, oltre che nel pancreas, nei polmoni e nel resto del corpo. \n\nStadio Esteso: il tumore è cresciuto attraverso il peritoneo ed ha invaso organi o strutture vicini.</Text>	
		</GameDBLocalizedString>
		
		<GameDBLocalizedString>      
		<LocID>DIA_ONCO_BLC01_0</LocID>                         
		<Text>Leucemia linfocitica acuta (Pre-B)</Text>	
		</GameDBLocalizedString>
		
        <GameDBLocalizedString>      
		<LocID>DIA_ONCO_BLC01_0_DESC</LocID>             
		<Text>La leucemia linfocitica, o linfoblastica, acuta pre-B (ALL Pre-B) è un tipo di cancro che colpisce il sangue e il midollo osseo caratterizzato da una sovrapproduzione di globuli bianchi immaturi, chiamati linfoblasti o blasti leucemici. Poiché il midollo osseo non è in grado di produrre un numero adeguato di globuli rossi, globuli bianchi normali e piastrine, le persone con ALL diventano più suscettibili all'anemia ed alle infezioni ricorrenti, possono farsi venire lividi e sanguinare più facilmente. Nel 75-80% dei casi adulti, la ALL insorge nei linfociti B durante prime fasi di sviluppo del midollo osseo. La malattia è quindi chiamata ALL precursore delle cellule B o ALL pre-B.</Text>	
		</GameDBLocalizedString>
		
		<GameDBLocalizedString>      
		<LocID>DIA_ONCO_BLC01_1</LocID>                         
		<Text>Leucemia linfocitica acuta (Cellule B)</Text>	
		</GameDBLocalizedString>
		
        <GameDBLocalizedString>      
		<LocID>DIA_ONCO_BLC01_1_DESC</LocID>             
		<Text>La leucemia linfocitica, o linfoblastica, acuta a cellule B (ALL B), nota anche come ALL di tipo Burkit o ALL a cellule B mature, è un tipo di cancro che colpisce i linfociti B, globuli bianchi che crescono nel midollo osseo. Questo tipo di ALL è poco comune e rappresenta circa il 3-5% di tutti i casi adulti. Il segno distintivo della ALL a cellule B mature è la presenza di immunoglobuline di superficie sui linfoblasti. Utilizzando regimi convenzionali, solo il 30-40% dei pazienti entra in remissione completa (CR) e pochi pazienti sopravvivono a lungo termine.</Text>	
		</GameDBLocalizedString>
		
		<GameDBLocalizedString>      
		<LocID>DIA_ONCO_BLC01_2</LocID>                         
		<Text>Leucemia linfocitica acuta (Cellule T)</Text>	
		</GameDBLocalizedString>
		
        <GameDBLocalizedString>      
		<LocID>DIA_ONCO_BLC01_2_DESC</LocID>             
		<Text>La leucemia linfocitica, o linfoblastica, acuta a cellule T (ALL T) è un tipo di leucemia acuta, aggressiva, che progredisce rapidamente. Colpisce le cellule staminali produttrici di linfoidi, in particolare un tipo di globuli bianchi chiamati linfociti T, in contrasto con gli altri tipi di ALL che, comunemente, colpiscono i linfociti B.</Text>	
		</GameDBLocalizedString>
		
		<GameDBLocalizedString>      
		<LocID>DIA_ONCO_BLC02_A</LocID>                         
		<Text>Leucemia linfocitica cronica (Stabile)</Text>	
		</GameDBLocalizedString>
		
        <GameDBLocalizedString>      
		<LocID>DIA_ONCO_BLC02_A_DESC</LocID>             
		<Text>La leucemia linfocitica, o linfoblastica, cronica (CLL) è un tipo di leucemia a crescita lenta che colpisce lo sviluppo di alcuni globuli bianchi specializzati noti come linfociti B, o cellule B. In codizioni normali, i linfociti B producono immunoglobuline (anticorpi) che aiutano a proteggere il corpo da infezioni e malattie. Nelle persone con CLL, i linfociti subiscono un mutamento canceroso maligno e diventano cellule leucemiche. Poiché la CLL si sviluppa lentamente, molte persone non presentano alcun sintomo, in particolare nelle prime fasi, e la malattia viene rilevata durante un esame del sangue di routine. In molti casi, la CLL rimane attiva ma stabile per svariati mesi, o addirittura anni, ed ha un impatto minimo, se non nullo, sullo stile di vita o sulla salute generale. Circa il 30-50% delle persone con diagnosi di CLL non ha mai bisogno di alcun trattamento per la propria malattia e può sopravvivere per molti anni nonostante la diagnosi.</Text>	
		</GameDBLocalizedString>
		
		<GameDBLocalizedString>      
		<LocID>DIA_ONCO_BLC02_B</LocID>                         
		<Text>Leucemia linfocitica cronica (In progressione)</Text>	
		</GameDBLocalizedString>
		
        <GameDBLocalizedString>      
		<LocID>DIA_ONCO_BLC02_B_DESC</LocID>             
		<Text>La leucemia linfocitica, o linfoblastica, cronica (CLL) è un tipo di leucemia a crescita lenta che colpisce lo sviluppo di alcuni globuli bianchi specializzati noti come linfociti B, o cellule B. In codizioni normali, i linfociti B producono immunoglobuline (anticorpi) che aiutano a proteggere il corpo da infezioni e malattie. Nelle persone con CLL, i linfociti subiscono un mutamento canceroso maligno e diventano cellule leucemiche. Poiché la CLL si sviluppa lentamente, molte persone non presentano alcun sintomo, in particolare nelle prime fasi, e la malattia viene rilevata durante un esame del sangue di routine. In rari casi, la CLL può progredire e necessitare di chemioimmunoterapia, terapia mirata o radioterapia. Spesso la terapia riporta la malattia in uno stato attivo ma stabile con un impatto minimo, se non nullo, sullo stile di vita o sulla salute generale.</Text>	
		</GameDBLocalizedString>
		
		<GameDBLocalizedString>      
		<LocID>DIA_ONCO_BLC03_0</LocID>                         
		<Text>Leucemia linfocitica granulare a grandi cellule T</Text>	
		</GameDBLocalizedString>
		
        <GameDBLocalizedString>      
		<LocID>DIA_ONCO_BLC03_0_DESC</LocID>             
		<Text>La leucemia linfocitica, o linfoblastica, granulare a grandi cellule T (LGLL T) è un tipo di leucemia cronica che colpisce i globuli bianchi chiamati linfociti. I linfociti fanno parte del sistema immunitario del corpo ed aiutano a combattere alcune infezioni. La LGLL è caratterizzata da linfociti ingrossati, contenenti granuli evidenti, che possono essere osservati quando il sangue viene esaminato al microscopio. Esistono due tipi di LGLL: a cellule T (LGLL T) ed a cellule natural killer (LGLL NK). L'incidenza della LGLL a cellule T e NK varia dal 2 al 5%. La LGLL T consiste in una proliferazione clonale di cellule T citotossiche, che causa neutropenia, anemia e/o trombocitopenia. Questa condizione è spesso associata a disturbi autoimmuni, in particolare artrite reumatoide e altri disturbi linfoproliferativi.</Text>	
		</GameDBLocalizedString>
		
		<GameDBLocalizedString>      
		<LocID>DIA_ONCO_BLC03_1</LocID>                         
		<Text>Leucemia linfocitica granulare a cellule NK</Text>	
		</GameDBLocalizedString>
		
        <GameDBLocalizedString>      
		<LocID>DIA_ONCO_BLC03_1_DESC</LocID>             
		<Text>La leucemia linfocitica, o linfoblastica, granulare a cellule natural killer (LGLL NK) è un tipo di leucemia cronica che colpisce i globuli bianchi chiamati linfociti. I linfociti fanno parte del sistema immunitario del corpo ed aiutano a combattere alcune infezioni. La LGLL è caratterizzata da linfociti ingrossati, contenenti granuli evidenti, che possono essere osservati quando il sangue viene esaminato al microscopio. Esistono due tipi di LGLL: a cellule T (LGLL T) ed a cellule natural killer (LGLL NK). L'incidenza della LGLL a cellule T e NK varia dal 2 al 5%. La maggior parte dei pazienti con LGLL NK è asintomatica, ma i pazienti con una variante aggressiva di solito hanno epatomegalia e splenomegalia e spesso hanno sintomi B (febbre, sudorazione, perdita di peso). Circa un terzo soffre di linfoadenopatia e può verificarsi anche un coinvolgimento extranodale. In media, i pazienti sono più giovani di quelli con LGLL T.</Text>	
		</GameDBLocalizedString>
		
		<GameDBLocalizedString>      
		<LocID>DIA_ONCO_BLC03_2</LocID>                         
		<Text>Leucemia prolinfocitica a cellule T</Text>	
		</GameDBLocalizedString>
		
        <GameDBLocalizedString>      
		<LocID>DIA_ONCO_BLC03_2_DESC</LocID>             
		<Text>La leucemia prolinfocitica a cellule T (PLL T) è una neoplasia (cancro) estremamente rara e tipicamente aggressiva, caratterizzata dalla crescita fuori controllo di cellule T mature, o linfociti T, un tipo di globuli bianchi che protegge il corpo dalle infezioni. La PLL T colpisce soprattuto gli anziani con un'età media alla diagnosi di circa 60 anni ed è più comune negli uomini che nelle donne. Cambiamenti anormali (mutazioni) nei geni di una cellula T possono fare in modo che una cellula sana diventi cancerosa. Questi errori genetici dicono alla cellula malata di continuare a crescere e dividersi, mentre una cellula sana normalmente smette di dividersi e alla fine muore. Ogni cellula che nasce dalla cellula cancerosa iniziale ha anche lo stesso DNA mutato. Di conseguenza, nel tempo il numero di cellule leucemiche si moltiplica e può viaggiare nel sangue verso altri siti, inclusi il midollo osseo, la milza, il fegato, i linfonodi e talvolta la pelle.</Text>	
		</GameDBLocalizedString>
		
		<GameDBLocalizedString>      
		<LocID>DIA_ONCO_BLC04_0</LocID>                         
		<Text>Leucemia mieloide acuta</Text>	
		</GameDBLocalizedString>
		
        <GameDBLocalizedString>      
		<LocID>DIA_ONCO_BLC04_0_DESC</LocID>             
		<Text>La leucemia mieloide acuta (AML) si sviluppa quando il corpo produce troppi globuli bianchi immaturi, noti come blasti mieloidi, chiamati anche mieloblasti. I mieloblasti si moltiplicano senza controllo e continuano a dividersi, ma non maturano mai in cellule normali. I blasti anormali sono noti come cellule leucemiche. Poiché le cellule leucemiche sono immature ed anormali, non svolgono la consueta funzione di lotta alle infezioni dei globuli bianchi. Inoltre, escludono i normali globuli bianchi, che quindi non possono funzionare correttamente. Ciò aumenta il rischio di infezioni.</Text>	
		</GameDBLocalizedString>
		
		<GameDBLocalizedString>      
		<LocID>DIA_ONCO_BLC05_A</LocID>                         
		<Text>Leucemia mieloide cronica (Fase Cronica)</Text>	
		</GameDBLocalizedString>
		
        <GameDBLocalizedString>      
		<LocID>DIA_ONCO_BLC05_A_DESC</LocID>             
		<Text>La leucemia mieloide cronica (CML) è un tipo di cancro che colpisce il sangue ed il midollo osseo. La CML costringe il midollo a produrre troppi globuli bianchi, chiamati granulociti, anormali e non completamente maturi che non sono in grado di funzionare correttamente per combattere le infezioni. Queste cellule (a volte chiamate blasti, o blasti leucemici) si affollano gradualmente nel midollo osseo, interferendo con la normale produzione di cellule del sangue. Inoltre, fuoriescono dal midollo e circolano nel corpo attraverso flusso sanguigno. Nel tempo, una carenza di globuli rossi e piastrine può causare anemia, sanguinamento e/o lividi. Nel complesso, la CML è una malattia rara, che rappresenta circa lo 0,03% di tutti i tumori diagnosticati e molte delle persone positive non hanno sintomi. \n\nFase Cronica: la conta dei globuli bianchi nel sangue è aumentata ed un piccolo numero di blasti leucemici si trova nel sangue e nel midollo osseo.</Text>	
		</GameDBLocalizedString>
		
		<GameDBLocalizedString>      
		<LocID>DIA_ONCO_BLC05_B</LocID>                         
		<Text>Leucemia mieloide cronica (Fase Accelerata)</Text>	
		</GameDBLocalizedString>
		
        <GameDBLocalizedString>      
		<LocID>DIA_ONCO_BLC05_B_DESC</LocID>             
		<Text>La leucemia mieloide cronica (CML) è un tipo di cancro che colpisce il sangue ed il midollo osseo. La CML costringe il midollo a produrre troppi globuli bianchi, chiamati granulociti, anormali e non completamente maturi che non sono in grado di funzionare correttamente per combattere le infezioni. Queste cellule (a volte chiamate blasti, o blasti leucemici) si affollano gradualmente nel midollo osseo, interferendo con la normale produzione di cellule del sangue. Inoltre, fuoriescono dal midollo e circolano nel corpo attraverso flusso sanguigno. Nel tempo, una carenza di globuli rossi e piastrine può causare anemia, sanguinamento e/o lividi. Nel complesso, la CML è una malattia rara, che rappresenta circa lo 0,03% di tutti i tumori diagnosticati e molte delle persone positive non hanno sintomi. \n\nFase Accelerata: la conta dei globuli bianchi nel sangue è molto aumentata, il numero di blasti leucemici è elevato e talvolta si verificano nuovi cambiamenti cromosomici oltre a quelli del cromosoma Philadelphia.</Text>	
		</GameDBLocalizedString>
		
		<GameDBLocalizedString>      
		<LocID>DIA_ONCO_BLC05_C</LocID>                         
		<Text>Leucemia mieloide cronica (Fase Blastica)</Text>	
		</GameDBLocalizedString>
		
        <GameDBLocalizedString>      
		<LocID>DIA_ONCO_BLC05_C_DESC</LocID>             
		<Text>La leucemia mieloide cronica (CML) è un tipo di cancro che colpisce il sangue ed il midollo osseo. La CML costringe il midollo a produrre troppi globuli bianchi, chiamati granulociti, anormali e non completamente maturi che non sono in grado di funzionare correttamente per combattere le infezioni. Queste cellule (a volte chiamate blasti, o blasti leucemici) si affollano gradualmente nel midollo osseo, interferendo con la normale produzione di cellule del sangue. Inoltre, fuoriescono dal midollo e circolano nel corpo attraverso flusso sanguigno. Nel tempo, una carenza di globuli rossi e piastrine può causare anemia, sanguinamento e/o lividi. Nel complesso, la CML è una malattia rara, che rappresenta circa lo 0,03% di tutti i tumori diagnosticati e molte delle persone positive non hanno sintomi. \n\nFase Blastica o Crisi Blastica: la malattia appare e si comporta come nella forma acuta.</Text>	
		</GameDBLocalizedString>
		
		<GameDBLocalizedString>      
		<LocID>DIA_ONCO_BLC06_0</LocID>                         
		<Text>Leucemia a cellule capellute</Text>	
		</GameDBLocalizedString>
		
        <GameDBLocalizedString>      
		<LocID>DIA_ONCO_BLC06_0_DESC</LocID>             
		<Text>La leucemia a cellule capellute (HCL), o tricoleucemia, è un raro tipo di leucemia cronica del sistema linfoide, in cui i linfociti B anomali si accumulano nel midollo osseo, nel fegato e nella milza. Al microscopio, si osserva che queste cellule hanno delle minuscole proiezioni simili a capelli sulla loro superficie, da cui il nome "cellula capelluta".</Text>	
		</GameDBLocalizedString>

		<GameDBLocalizedString>      
		<LocID>DIA_ONCO_BLC06_1</LocID>                         
		<Text>Leucemia variante a cellule capellute</Text>	
		</GameDBLocalizedString>
		
        <GameDBLocalizedString>      
		<LocID>DIA_ONCO_BLC06_1_DESC</LocID>             
		<Text>La leucemia variante a cellule capellute (HCL-V), o tricoleucemia variante, è una forma rara ed indolente di leucemia a cellule B, piccole e mature, caratterizzata da splenomegalia, conta dei globuli bianchi (WBC) elevata e midollo osseo ipercellulare. La HCL V è più aggressiva e resistente alla terapia rispetto all'HCL standard, è più rara ed ha un decorso clinico diverso. In precedenza si pensava che la HCL V fosse un sottotipo di HCL, ma nel 2008 l'Organizzazione mondiale della sanità ha concluso che si trattava di un'entità separata da HCL e biologicamente distinta.</Text>	
		</GameDBLocalizedString>
		
		<!-- ### ### -->
		<!-- ######################################## Content for V0.13 Added Below ######################################## -->
		<!-- ### ### -->
		
		<GameDBLocalizedString>      
		<LocID>DIA_ONCO_BREC1_0</LocID>                         
		<Text>Carcinoma duttale in situ</Text>	
		</GameDBLocalizedString>
		
		<GameDBLocalizedString>      
		<LocID>DIA_ONCO_BREC1_0M</LocID>                         
		<Text>Carcinoma duttale in situ</Text>	
		</GameDBLocalizedString>
		
        <GameDBLocalizedString>      
		<LocID>DIA_ONCO_BREC1_0_DESC</LocID>             
		<Text>Il carcinoma duttale in situ (DCIS) è un carcinoma mammario non invasivo, che generalmente non evidenzia segni o sintomi. Duttale significa che il cancro inizia all'interno dei dotti lattiferi, carcinoma si riferisce a qualsiasi cancro che inizia nella pelle o in altri tessuti (compreso il tessuto mammario) che ricoprono o rivestono gli organi interni ed in situ significa "nella sua posizione originale". Il DCIS è detto "non invasivo" perché è confinato e non si è diffuso oltre il condotto lattifero in nessun tessuto mammario normale circostante. Il DCIS non è pericoloso per la vita, ma averlo può aumentare il rischio di sviluppare un cancro al seno invasivo in seguito. \n\nSebbene sia raro, anche gli uomini possono sviluppare il cancro al seno.</Text>	
		</GameDBLocalizedString>
		
		<GameDBLocalizedString>      
		<LocID>DIA_ONCO_BREC1_1</LocID>                         
		<Text>Carcinoma duttale invasivo</Text>	
		</GameDBLocalizedString>
		
		<GameDBLocalizedString>      
		<LocID>DIA_ONCO_BREC1_1M</LocID>                         
		<Text>Carcinoma duttale invasivo</Text>	
		</GameDBLocalizedString>
		
        <GameDBLocalizedString>      
		<LocID>DIA_ONCO_BREC1_1_DESC</LocID>             
		<Text>Il carcinoma duttale invasivo (IDC), a volte chiamato carcinoma duttale infiltrante, è il tipo più comune di cancro al seno. Circa l'80% di tutti i tumori al seno sono carcinomi duttali invasivi ed inizialmente possono non causare alcun sintomo. Duttale significa che il cancro inizia all'interno dei dotti lattiferi, carcinoma si riferisce a qualsiasi cancro che inizia nella pelle o in altri tessuti (compreso il tessuto mammario) che ricoprono o rivestono gli organi interni. L'IDC è detto "invasivo" perché si è diffuso nei tessuti mammari circostanti, tipicamente, il cancro ha sfondato la parete del dotto ed ha iniziato a invadere i tessuti del seno. Nel tempo, il carcinoma duttale invasivo può diffondersi ai linfonodi e possibilmente ad altre aree del corpo. \n\nSebbene sia raro, anche gli uomini possono sviluppare il cancro al seno.</Text>	
		</GameDBLocalizedString>
		
		<GameDBLocalizedString>      
		<LocID>DIA_ONCO_BREC1_2</LocID>                         
		<Text>Carcinoma mammario metastatico</Text>	
		</GameDBLocalizedString>
		
		<GameDBLocalizedString>      
		<LocID>DIA_ONCO_BREC1_2M</LocID>                         
		<Text>Carcinoma mammario metastatico</Text>	
		</GameDBLocalizedString>
		
        <GameDBLocalizedString>      
		<LocID>DIA_ONCO_BREC1_2_DESC</LocID>             
		<Text>Il carcinoma mammario metastatico è un cancro al seno di Stadio IV, che si è diffuso ad un'altra parte del corpo, più comunemente al fegato, al cervello, alle ossa o ai polmoni. Le cellule cancerose, infatti, possono staccarsi dal tumore originale all'interno del seno e viaggiare in altre parti del corpo attraverso il flusso sanguigno o il sistema linfatico (una vasta rete di nodi e vasi che lavora per rimuovere batteri, virus e prodotti di scarto cellulare). Il cancro al seno può ripresentarsi in un'altra parte del corpo mesi, o anni, dopo la diagnosi ed il trattamento originali. Quasi il 30% delle donne con diagnosi di cancro al seno in stadio iniziale svilupperà una malattia metastatica. \n\nSebbene sia raro, gli uomini possono sviluppare il cancro al seno.</Text>	
		</GameDBLocalizedString>
		
		<GameDBLocalizedString>      
		<LocID>DIA_ONCO_BRAC1_0</LocID>                         
		<Text>Astrocitoma circoscritto pilocitico</Text>	
		</GameDBLocalizedString>
		
        <GameDBLocalizedString>      
		<LocID>DIA_ONCO_BRAC1_0_DESC</LocID>             
		<Text>L'astrocitoma circoscritto pilocitico è un tumore del sistema nervoso centrale di grado I, nella scala dell'OMS. Generalmente, questi tumori vengono diagnosticati nei bambini e nei giovani adulti, sono spesso benigni o comunque meno invasivi di altri gradi, hanno hanno una crescita lenta ed una prognosi relativamente buona. Di solito insorgono nel cervelletto, vicino al tronco cerebrale, nella regione ipotalamica o nel chiasma ottico, ma possono verificarsi in qualsiasi area in cui sono presenti gli astrociti, inclusi gli emisferi cerebrali ed il midollo spinale.</Text>	
		</GameDBLocalizedString>
		
		<GameDBLocalizedString>      
		<LocID>DIA_ONCO_BRAC1_1</LocID>                         
		<Text>Astrocitoma diffuso</Text>	
		</GameDBLocalizedString>
		
        <GameDBLocalizedString>      
		<LocID>DIA_ONCO_BRAC1_1_DESC</LocID>             
		<Text>L'astrocitoma diffuso, noto anche come astrocitoma infiltrativo, è un tumore del sistema nervoso centrale di grado II, nella scala dell'OMS. Il termine infiltrativo o diffuso indica che non vi è alcun confine identificabile tra il tumore ed il tessuto cerebrale normale, anche se i bordi possono apparire ben marginati all'imaging.</Text>	
		</GameDBLocalizedString>
		
		<GameDBLocalizedString>      
		<LocID>DIA_ONCO_BRAC1_2</LocID>                         
		<Text>Astrocitoma anaplastico</Text>	
		</GameDBLocalizedString>
		
        <GameDBLocalizedString>      
		<LocID>DIA_ONCO_BRAC1_2_DESC</LocID>             
		<Text>L'astrocitoma anaplastico è un raro tumore maligno del sistema nervoso centrale di grado III, nella scala dell'OMS. Normalmente deriva da malignizzazione di un astrocitoma di basso grado (I-II), anche se si osservano casi che non presentano storia di una lesione antecedente. Gli astrocitomi sono tumori che si sviluppano da alcune cellule cerebrali a forma di stella, chiamate astrociti. Astrociti e cellule simili formano il tessuto che circonda e protegge altre cellule nervose, presenti nel cervello e nel midollo spinale.</Text>	
		</GameDBLocalizedString>
		
		<GameDBLocalizedString>      
		<LocID>DIA_ONCO_BRAC1_3</LocID>                         
		<Text>Glioblastoma</Text>	
		</GameDBLocalizedString>
		
        <GameDBLocalizedString>      
		<LocID>DIA_ONCO_BRAC1_3_DESC</LocID>             
		<Text>Il glioblastoma, noto anche come glioblastoma multiforme (GBM), è il tumore più aggressivo che si sviluppa all'interno del cervello. Inizialmente, i segni ed i sintomi del glioblastoma non sono specifici e possono includere mal di testa, cambiamenti di personalità, nausea e sintomi simili a quelli di un ictus.</Text>	
		</GameDBLocalizedString>
		
		<GameDBLocalizedString>      
		<LocID>DIA_ONCO_OVAC1_0F</LocID>                         
		<Text>Carcinoma ovarico (Sieroso di alto grado)</Text>	
		</GameDBLocalizedString>
		
        <GameDBLocalizedString>      
		<LocID>DIA_ONCO_OVAC1_0F_DESC</LocID>             
		<Text>Il carcinoma ovarico sieroso di alto grado (HGSC) è un tipo di tumore che si sviluppa dallo strato epiteliale sieroso nella cavità addomino-pelvica e si trova principalmente nell'ovaio. Gli HGSC costituiscono la maggior parte dei casi di cancro ovarico ed hanno i tassi di sopravvivenza più bassi.</Text>
		</GameDBLocalizedString>
		
		<GameDBLocalizedString>      
		<LocID>DIA_ONCO_OVAC1_1F</LocID>                         
		<Text>Carcinoma ovarico (Sieroso di basso grado)</Text>	
		</GameDBLocalizedString>
		
        <GameDBLocalizedString>      
		<LocID>DIA_ONCO_OVAC1_1F_DESC</LocID>             
		<Text>Il carcinoma ovarico sieroso di basso grado (LGSC) è un tipo di tumore raro che si sviluppa dal tessuto ovarico e rappresenta meno del 10% dei casi di cancro dell'ovaio. Gli LGSC sono meno comuni ed aggressivi dei tipi di cancro ovarico di alto grado, ma resistono a molti tipi di chemioterapia.</Text>
		</GameDBLocalizedString>
		
		<GameDBLocalizedString>      
		<LocID>DIA_ONCO_OVAC1_2F</LocID>                         
		<Text>Carcinoma ovarico (Metastatico)</Text>	
		</GameDBLocalizedString>
		
        <GameDBLocalizedString>      
		<LocID>DIA_ONCO_OVAC1_2F_DESC</LocID>             
		<Text>Il carcinoma ovarico metastatico è una neoplasia in stadio avanzato che si è diffusa dalle cellule delle ovaie ad aree distanti del corpo. Questo tipo di cancro si diffonde con maggiori probabilità al fegato, al fluido intorno ai polmoni, alla milza, all'intestino, al cervello, alla pelle o ai linfonodi all'esterno dell'addome.</Text>
		</GameDBLocalizedString>
		
		<GameDBLocalizedString>      
		<LocID>DIA_ONCO_PROC1_0M</LocID>                         
		<Text>Carcinoma della prostata (Stadio I)</Text>	
		</GameDBLocalizedString>
		
        <GameDBLocalizedString>      
		<LocID>DIA_ONCO_PROC1_0M_DESC</LocID>             
		<Text>Il carcinoma della prostata è uno dei tipi più comuni di cancro negli uomini. Ha origine nella prostata, la piccola ghiandola a forma di noce che produce il liquido seminale e che nutre e trasporta lo sperma. Tipicamente, il tumore ha una crescita lenta ed è inizialmente confinato alla ghiandola prostatica, dove non può causare gravi danni e richiede un trattamento minimo o, addirittura, nessun trattamento. Tuttavia, in alcuni casi, il tumore è più aggressivo e può diffondersi rapidamente. \n\nStadio I: il cancro è limitato alla prostata. Non può essere rilevato durante l'esplorazione digito-rettale.</Text>
		</GameDBLocalizedString>
		
		<GameDBLocalizedString>      
		<LocID>DIA_ONCO_PROC1_1M</LocID>                         
		<Text>Carcinoma della prostata (Stadio II)</Text>	
		</GameDBLocalizedString>
		
        <GameDBLocalizedString>      
		<LocID>DIA_ONCO_PROC1_1M_DESC</LocID>             
		<Text>Il carcinoma della prostata è uno dei tipi più comuni di cancro negli uomini. Ha origine nella prostata, la piccola ghiandola a forma di noce che produce il liquido seminale e che nutre e trasporta lo sperma. Tipicamente, il tumore ha una crescita lenta ed è inizialmente confinato alla ghiandola prostatica, dove non può causare gravi danni e richiede un trattamento minimo o, addirittura, nessun trattamento. Tuttavia, in alcuni casi, il tumore è più aggressivo e può diffondersi rapidamente. \n\nStadio II: il cancro è ancora confinato alla prostata, ma le cellule possono essere anormali e crescere più rapidamente. Può essere rilevato durante l'esplorazione digito-rettale.</Text>
		</GameDBLocalizedString>
		
		<GameDBLocalizedString>      
		<LocID>DIA_ONCO_PROC1_2M</LocID>                         
		<Text>Carcinoma della prostata (Stadio III)</Text>	
		</GameDBLocalizedString>
		
        <GameDBLocalizedString>      
		<LocID>DIA_ONCO_PROC1_2M_DESC</LocID>             
		<Text>Il carcinoma della prostata è uno dei tipi più comuni di cancro negli uomini. Ha origine nella prostata, la piccola ghiandola a forma di noce che produce il liquido seminale e che nutre e trasporta lo sperma. Tipicamente, il tumore ha una crescita lenta ed è inizialmente confinato alla ghiandola prostatica, dove non può causare gravi danni e richiede un trattamento minimo o, addirittura, nessun trattamento. Tuttavia, in alcuni casi, il tumore è più aggressivo e può diffondersi rapidamente. \n\nStadio III: il cancro si trova nei tessuti prossimi alla prostata e potrebbe aver raggiunto le vescicole seminali.</Text>
		</GameDBLocalizedString>
		
		<GameDBLocalizedString>      
		<LocID>DIA_ONCO_PROC1_3M</LocID>                         
		<Text>Carcinoma della prostata (Stadio IV)</Text>	
		</GameDBLocalizedString>
		
        <GameDBLocalizedString>      
		<LocID>DIA_ONCO_PROC1_3M_DESC</LocID>             
		<Text>Il carcinoma della prostata è uno dei tipi più comuni di cancro negli uomini. Ha origine nella prostata, la piccola ghiandola a forma di noce che produce il liquido seminale e che nutre e trasporta lo sperma. Tipicamente, il tumore ha una crescita lenta ed è inizialmente confinato alla ghiandola prostatica, dove non può causare gravi danni e richiede un trattamento minimo o, addirittura, nessun trattamento. Tuttavia, in alcuni casi, il tumore è più aggressivo e può diffondersi rapidamente. \n\nStadio IV: il cancro ha invaso altre parti del corpo come il retto, i linfonodi adiacenti o le ossa.</Text>
		</GameDBLocalizedString>
		
		<GameDBLocalizedString>      
		<LocID>DIA_ONCO_BLC07_0</LocID>                         
		<Text>Linfoma diffuso a grandi cellule B (NOS)</Text>	
		</GameDBLocalizedString>
		
        <GameDBLocalizedString>      
		<LocID>DIA_ONCO_BLC07_0_DESC</LocID>             
		<Text>Il linfoma diffuso a grandi cellule B (DLBCL) è un tipo aggressivo di linfoma non Hodgkin che si sviluppa dalle cellule B nel sistema linfatico. Al microscopio, i grandi linfociti maligni sono visti diffusamente in tutto il campione. DLBCL è il sottotipo più comune di linfoma non Hodgkin e rappresenta il 30-40% di tutti i casi. Esistono diversi tipi di DLBCL, alla maggior parte delle persone diagnosticato il sottotipo noto come DLBCL "non altrimenti specificato" (NOS).</Text>
		</GameDBLocalizedString>
		
		<GameDBLocalizedString>      
		<LocID>DIA_ONCO_BLC08_0</LocID>                         
		<Text>Linfoma follicolare</Text>	
		</GameDBLocalizedString>
		
        <GameDBLocalizedString>      
		<LocID>DIA_ONCO_BLC08_0_DESC</LocID>             
		<Text>Il linfoma follicolare (FL) è il sottotipo più comune di linfoma non Hodgkin (NHL) indolente o a crescita lenta. Infatti, comprende dal 20% al 30% di tutti i NHL e colpisce tipicamente gli adulti di mezza età o più anziani. Come la maggior parte dei linfomi indolenti, può essere presente in molte parti del corpo al momento della diagnosi. Una piccola percentuale di persone con FL, nel tempo, può subire la trasformazione del linfoma in una forma più aggressiva di NHL, di solito un DLBC. Se diagnosticato in una fase precoce, può essere sufficiente un monitoraggio attivo.</Text>
		</GameDBLocalizedString>
		
		<GameDBLocalizedString>      
		<LocID>DIA_ONCO_SC4_0</LocID>                         
		<Text>Carcinoma a cellule di Merkel (Localizzato)</Text>	
		</GameDBLocalizedString>
		
        <GameDBLocalizedString>      
		<LocID>DIA_ONCO_SC4_0_DESC</LocID>             
		<Text>Il carcinoma a cellule di Merkel (MCC), o carcinoma neuroendocrino della pelle, è un raro tipo di cancro della pelle che di solito appare come un nodulo color carne o rosso-bluastro, spesso sul viso, sulla testa o sul collo. Questo cancro tende a crescere rapidamente ed a metastatizzare (diffondersi) in una fase iniziale. Di solito colpisce prima i linfonodi vicini e poi può diffondersi ai linfonodi o alla pelle in parti distanti del corpo, come polmoni, cervello, ossa o altri organi. Il MCC è la seconda causa più comune di morte per cancro della pelle, dopo il melanoma.</Text>
		</GameDBLocalizedString>
		
		<GameDBLocalizedString>      
		<LocID>DIA_ONCO_SC4_1</LocID>                         
		<Text>Carcinoma a cellule di Merkel (Metastatico)</Text>	
		</GameDBLocalizedString>
		
        <GameDBLocalizedString>      
		<LocID>DIA_ONCO_SC4_1_DESC</LocID>             
		<Text>Il carcinoma a cellule di Merkel (MCC), o carcinoma neuroendocrino della pelle, è un raro tipo di cancro della pelle che di solito appare come un nodulo color carne o rosso-bluastro, spesso sul viso, sulla testa o sul collo. Questo cancro tende a crescere rapidamente ed a metastatizzare (diffondersi) in una fase iniziale. Di solito colpisce prima i linfonodi vicini e poi può diffondersi ai linfonodi o alla pelle in parti distanti del corpo, come polmoni, cervello, ossa o altri organi. Il MCC è la seconda causa più comune di morte per cancro della pelle, dopo il melanoma.</Text>
		</GameDBLocalizedString>
		
		<!-- ### ### -->
		<!-- ######################################## Content for V0.13.1a Added Below ######################################## -->
		<!-- ### ### -->
		
		<GameDBLocalizedString>      
		<LocID>DIA_ONCO_BLC09_0</LocID>                         
		<Text>Linfoma mantellare</Text>	
		</GameDBLocalizedString>
		
        <GameDBLocalizedString>      
		<LocID>DIA_ONCO_BLC09_0_DESC</LocID>             
		<Text>Il linfoma mantellare (MCL), o linfoma a cellule mantellari, è un tipo di linfoma relativamente raro, che rappresenta circa il 5-10% di tutti i linfomi non Hodgkin. Colpisce il bordo esterno (zona del mantello) dei linfociti B, nel follicolo linfonodale. Nell'85% dei casi, si verifica un'anomalia quando due cromosomi (11 e 14) si rompono e si uniscono tra loro. Questo fenomeno è chiamato "traslocazione" e fa sì che le cellule B producano in eccesso una proteina chiamata ciclina D1. In quantità normali, la proteina aiuta a promuovere la normale crescita cellulare ma, in quantità eccessive, provoca una crescita incontrollata delle cellule della zona del mantello che può portare a MCL.</Text>
		</GameDBLocalizedString>
		
		<!-- ### ### -->
		<!-- ######################################## Content for V0.13.2.0 Added Below ######################################## -->
		<!-- ### ### -->
		
		<GameDBLocalizedString>      
		<LocID>DIA_ONCO_LC2_0</LocID>                         
		<Text>Carcinoma polmonare a grandi cellule</Text>	
		</GameDBLocalizedString>
		
        <GameDBLocalizedString>      
		<LocID>DIA_ONCO_LC2_0_DESC</LocID>             
		<Text>Il carcinoma polmonare a grandi cellule (LCC) è una forma di cancro polmonare non a piccole cellule (NSCLC) il cui nome deriva dall'aspetto grande e rotondo delle cellule cancerose quando esaminate al microscopio, sebbene i tumori stessi tendano ad essere grandi quando diagnosticati. I tumori NSCLC rappresentano circa l'80% dei tumori polmonari e, tra questi, circa il 10% sono LCC. A differenza degli altri tumori polmonari, che tipicamente si manifestano con tosse o infezioni, i primi sintomi di questo carcinoma spesso includono un vago senso di mancanza di respiro ed affaticamento (dispnea). I carcinomi LCC si verificano spesso nelle regioni esterne dei polmoni e tendono a crescere rapidamente ed a diffondersi più rapidamente rispetto ad altre forme di cancro NSCLC.</Text>
		</GameDBLocalizedString>
		
		<GameDBLocalizedString>      
		<LocID>DIA_ONCO_LC3_0</LocID>                         
		<Text>Adenocarcinoma polmonare (Stadio Limitato)</Text>	
		</GameDBLocalizedString>
		
        <GameDBLocalizedString>      
		<LocID>DIA_ONCO_LC3_0_DESC</LocID>             
		<Text>L'adenocarcinoma polmonare è una forma di cancro polmonare non a piccole cellule (NSCLC), il tipo più comune tra le persone non fumatrici. Come altre forme di cancro ai polmoni, è caratterizzato da distinte proprietà cellulari e molecolari anche se, in genere, non manifesta segni o sintomi nelle sue prime fasi ma, solo quando la malattia è avanzata. \n\nStadio Limitato: il cancro viene rilevato precocemente ed è circoscritto nel tessuto o nell'organo in cui è iniziato, non si è diffuso ai linfonodi vicini o ad altre parti del corpo.</Text>
		</GameDBLocalizedString>
		
		<GameDBLocalizedString>      
		<LocID>DIA_ONCO_LC3_1</LocID>                         
		<Text>Adenocarcinoma polmonare (Stadio Esteso)</Text>	
		</GameDBLocalizedString>
		
        <GameDBLocalizedString>      
		<LocID>DIA_ONCO_LC3_1_DESC</LocID>             
		<Text>L'adenocarcinoma polmonare è una forma di cancro polmonare non a piccole cellule (NSCLC), il tipo più comune tra le persone non fumatrici. Come altre forme di cancro ai polmoni, è caratterizzato da distinte proprietà cellulari e molecolari anche se, in genere, non manifesta segni o sintomi nelle sue prime fasi ma, solo quando la malattia è avanzata. \n\nStadio Esteso: il cancro si è diffuso ai linfonodi sul lato opposto del torace, vicino alla clavicola, o ha invaso altre strutture del torace come il cuore o l'esofago.</Text>
		</GameDBLocalizedString>
		
		<GameDBLocalizedString>      
		<LocID>DIA_ONCO_LC4_0</LocID>                         
		<Text>Carcinoma polmonare a cellule squamose</Text>	
		</GameDBLocalizedString>
		
        <GameDBLocalizedString>      
		<LocID>DIA_ONCO_LC4_0_DESC</LocID>             
		<Text>Il carcinoma polmonare a cellule squamose, chiamato anche carcinoma epidermoide, è una forma di cancro polmonare non a piccole cellule (NSCLC) che si sviluppa tipicamente nei bronchi dei polmoni. Si tratta del secondo tipo più comune di cancro NSCLC e rappresenta circa il 30% di tutti i casi di cancro al polmone. Questo tipo di cancro è generalmente a crescita lenta, ma nelle fasi finali può diffondersi ad altre aree del corpo.</Text>
		</GameDBLocalizedString>
		
		<GameDBLocalizedString>      
		<LocID>DIA_ONCO_BC2_0</LocID>                         
		<Text>Adenocarcinoma colon-rettale con cellule ad anello con sigillo</Text>	
		</GameDBLocalizedString>
		
        <GameDBLocalizedString>      
		<LocID>DIA_ONCO_BC2_0_DESC</LocID>             
		<Text>L'adenocarcinoma con cellule ad anello con sigillo (SRCC) è una forma rara di adenocarcinoma altamente maligno che produce mucina. Si tratta di una neoplasia epiteliale caratterizzata dall'aspetto istologico delle cellule ad anello con sigillo. I tumori SRCC primari si trovano maggiormente nelle cellule ghiandolari dello stomaco (circa il 90% dei pazienti) e meno frequentemente nel seno, nella cistifellea, nella vescica urinaria e nel pancreas, mentre normalmente non si formano nei polmoni. Tra i tumori del colon-retto, la prevalenza di SRCC è inferiore all'1%.</Text>
		</GameDBLocalizedString>
		
		<GameDBLocalizedString>      
		<LocID>DIA_ONCO_BC3_0</LocID>                         
		<Text>Adenocarcinoma mucinoso colon-rettale (Misto)</Text>	
		</GameDBLocalizedString>
		
        <GameDBLocalizedString>      
		<LocID>DIA_ONCO_BC3_0_DESC</LocID>             
		<Text>L'adenocarcinoma mucinoso colon-rettale è un sottotipo distinto di cancro colon-rettale (CRC), caratterizzato dalla presenza di abbondante mucina extracellulare che rappresenta almeno il 50% del volume del tumore. Si riscontra nel 10-20% dei pazienti con CRC e può formarsi insieme ad altri tipi di cellule tumorali. Quando ciò accade, il cancro viene indicato come adenocarcinoma mucinoso misto.</Text>
		</GameDBLocalizedString>
		
		<GameDBLocalizedString>      
		<LocID>DIA_ONCO_BC3_1</LocID>                         
		<Text>Adenocarcinoma mucinoso colon-rettale (Puro)</Text>	
		</GameDBLocalizedString>
		
        <GameDBLocalizedString>      
		<LocID>DIA_ONCO_BC3_1_DESC</LocID>             
		<Text>L'adenocarcinoma mucinoso colon-rettale è un sottotipo distinto di cancro colon-rettale (CRC), caratterizzato dalla presenza di abbondante mucina extracellulare che rappresenta almeno il 50% del volume del tumore. Si riscontra nel 10-20% dei pazienti con CRC e può formarsi insieme ad altri tipi di cellule tumorali. Quando ciò non accade, il cancro viene indicato come adenocarcinoma mucinoso puro.</Text>
		</GameDBLocalizedString>
		
		<!-- ### ### -->
		<!-- ######################################## Content for V0.13.3.0 Added Below ######################################## -->
		<!-- ### ### -->
		
		<GameDBLocalizedString>      
		<LocID>DIA_ONCO_LIV0_0</LocID>                         
		<Text>Carcinoma epatocellulare (Localizzato)</Text>	
		</GameDBLocalizedString>
		
        <GameDBLocalizedString>      
		<LocID>DIA_ONCO_LIV0_0_DESC</LocID>             
		<Text>Il carcinoma epatocellulare (HCC), o epatocarcinoma, è una neoplasia primaria del fegato che si manifesta prevalentemente in pazienti con malattia epatica cronica sottostante e cirrosi. Tuttavia, fino al 25% dei pazienti non ha una storia di cirrosi o fattori di rischio collegati. I sintomi spesso non compaiono nelle prime fasi del cancro. \n\nLocalizzato: il cancro viene rilevato precocemente ed è circoscritto nel fegato, non si è diffuso ai linfonodi vicini o ad altre parti del corpo.</Text>
		</GameDBLocalizedString>
		
		<GameDBLocalizedString>      
		<LocID>DIA_ONCO_LIV0_1</LocID>                         
		<Text>Carcinoma epatocellulare (Loco-regionale)</Text>	
		</GameDBLocalizedString>
		
        <GameDBLocalizedString>      
		<LocID>DIA_ONCO_LIV0_1_DESC</LocID>             
		<Text>Il carcinoma epatocellulare (HCC), o epatocarcinoma, è una neoplasia primaria del fegato che si manifesta prevalentemente in pazienti con malattia epatica cronica sottostante e cirrosi. Tuttavia, fino al 25% dei pazienti non ha una storia di cirrosi o fattori di rischio collegati. I sintomi spesso non compaiono nelle prime fasi del cancro. \n\nLoco-regionale: il cancro è progredito dal fegato ai linfonodi adiacenti.</Text>
		</GameDBLocalizedString>
		
		<GameDBLocalizedString>      
		<LocID>DIA_ONCO_LIV0_2</LocID>                         
		<Text>Carcinoma epatocellulare (Critico)</Text>	
		</GameDBLocalizedString>
		
        <GameDBLocalizedString>      
		<LocID>DIA_ONCO_LIV0_2_DESC</LocID>             
		<Text>Il carcinoma epatocellulare (HCC), o epatocarcinoma, è una neoplasia primaria del fegato che si manifesta prevalentemente in pazienti con malattia epatica cronica sottostante e cirrosi. Tuttavia, fino al 25% dei pazienti non ha una storia di cirrosi o fattori di rischio collegati. I sintomi spesso non compaiono nelle prime fasi del cancro. \n\nCritico: si verifica la rottura spontanea del carcinoma, una complicanza potenzialmente pericolosa per la vita. La diagnosi può essere difficile, soprattutto in assenza di cirrosi epatica o tumori noti.</Text>
		</GameDBLocalizedString>
		
		<GameDBLocalizedString>      
		<LocID>DIA_ONCO_LIV0_3</LocID>                         
		<Text>Carcinoma epatico metastatico</Text>	
		</GameDBLocalizedString>
		
        <GameDBLocalizedString>      
		<LocID>DIA_ONCO_LIV0_3_DESC</LocID>             
		<Text>Il carcinoma epatico metastatico, o secondario, è un tumore canceroso originatosi da altri organi che si è diffuso al fegato. Il cancro del fegato primario ha origine nel fegato e più comunemente colpisce individui che hanno fattori di rischio come l'epatite o la cirrosi. Quando è metastastico, significa che il cancro ha invaso altre parti del corpo, come altri organi, i linfonodi vicini o le ossa.</Text>
		</GameDBLocalizedString>
		
		<!-- ### ### -->
		<!-- ######################################## Content for V0.13.4.0 Added Below ######################################## -->
		<!-- ### ### -->
		
		<GameDBLocalizedString>      
		<LocID>DIA_ONCO_BLC01_0_V2</LocID>                         
		<Text>Leucemia linfocitica acuta (Pre-B)</Text>	
		</GameDBLocalizedString>
		
		<GameDBLocalizedString>      
		<LocID>DIA_ONCO_BLC01_1_V2</LocID>                         
		<Text>Leucemia linfocitica acuta (Cellule B)</Text>	
		</GameDBLocalizedString>
		
		<GameDBLocalizedString>      
		<LocID>DIA_ONCO_BLC01_2_V2</LocID>                         
		<Text>Leucemia linfocitica acuta (Cellule T)</Text>	
		</GameDBLocalizedString>
		
		<GameDBLocalizedString>      
		<LocID>DIA_ONCO_BLC02_A_V2</LocID>                         
		<Text>Leucemia linfocitica cronica (Stabile)</Text>	
		</GameDBLocalizedString>
		
		<GameDBLocalizedString>      
		<LocID>DIA_ONCO_BLC02_B_V2</LocID>                         
		<Text>Leucemia linfocitica cronica (In progressione)</Text>	
		</GameDBLocalizedString>
		
		<GameDBLocalizedString>      
		<LocID>DIA_ONCO_BLC03_0_V2</LocID>                         
		<Text>Leucemia linfocitica granulare a grandi cellule T</Text>	
		</GameDBLocalizedString>
		
		<GameDBLocalizedString>      
		<LocID>DIA_ONCO_BLC03_1_V2</LocID>                         
		<Text>Leucemia linfocitica granulare a cellule NK</Text>	
		</GameDBLocalizedString>
		
		<GameDBLocalizedString>      
		<LocID>DIA_ONCO_BLC03_2_V2</LocID>                         
		<Text>Leucemia prolinfocitica a cellule T</Text>	
		</GameDBLocalizedString>
		
		<GameDBLocalizedString>      
		<LocID>DIA_ONCO_BLC04_0_V2</LocID>                         
		<Text>Leucemia mieloide acuta</Text>	
		</GameDBLocalizedString>
		
		<GameDBLocalizedString>      
		<LocID>DIA_ONCO_BLC05_A_V2</LocID>                         
		<Text>Leucemia mieloide cronica (Fase Cronica)</Text>	
		</GameDBLocalizedString>

		<GameDBLocalizedString>      
		<LocID>DIA_ONCO_BLC05_B_V2</LocID>                         
		<Text>Leucemia mieloide cronica (Fase Accelerata)</Text>	
		</GameDBLocalizedString>
		
		<GameDBLocalizedString>      
		<LocID>DIA_ONCO_BLC05_C_V2</LocID>                         
		<Text>Leucemia mieloide cronica (Fase Blastica)</Text>	
		</GameDBLocalizedString>
		
		<GameDBLocalizedString>      
		<LocID>DIA_ONCO_BLC08_0_V2</LocID>                         
		<Text>Linfoma follicolare</Text>	
		</GameDBLocalizedString>
		
		<GameDBLocalizedString>      
		<LocID>DIA_ONCO_BLC07_0_V2</LocID>                         
		<Text>Linfoma diffuso a grandi cellule B (NOS)</Text>	
		</GameDBLocalizedString>
		
		<GameDBLocalizedString>      
		<LocID>DIA_ONCO_BREC1_1_V2</LocID>                         
		<Text>Carcinoma duttale invasivo</Text>	
		</GameDBLocalizedString>
		
		<GameDBLocalizedString>      
		<LocID>DIA_ONCO_BREC1_1M_V2</LocID>                         
		<Text>Carcinoma duttale invasivo</Text>	
		</GameDBLocalizedString>
		
		<GameDBLocalizedString>      
		<LocID>DIA_ONCO_MC001_1_V2</LocID>                         
		<Text>Tumore neuroendocrino gastrointestinale (Stadio Esteso)</Text>	
		</GameDBLocalizedString>
		
		<GameDBLocalizedString>      
		<LocID>DIA_ONCO_SC3_4_V2</LocID>                         
		<Text>Melanoma (Stadio IV)</Text>	
		</GameDBLocalizedString>
		
		<GameDBLocalizedString>      
		<LocID>DIA_ONCO_SC4_1_V2</LocID>                         
		<Text>Carcinoma a cellule di Merkel (Metastatico)</Text>	
		</GameDBLocalizedString>
		
		<GameDBLocalizedString>      
		<LocID>DIA_ONCO_ORA001_1</LocID>                         
		<Text>Carcinoma mucoepidermoide</Text>	
		</GameDBLocalizedString>
		
		<GameDBLocalizedString>      
		<LocID>DIA_ONCO_ORA001_1_DESC</LocID>                         
		<Text>Carcinoma mucoepidermoide</Text>	
		</GameDBLocalizedString>
		
	<!-- ### ### -->
	<!-- ######################################## Content for V0.13.4.1 Added Below ######################################## -->
	<!-- ### ### -->
	
		<GameDBLocalizedString>      
		<LocID>DIA_ONCO_ORA001_1</LocID>                         
		<Text>Carcinoma mucoepidermoide (Basso grado)</Text>	
		</GameDBLocalizedString>
		
		<GameDBLocalizedString>      
		<LocID>DIA_ONCO_ORA001_1_DESC</LocID>                         
		<Text>Il carcinoma mucoepidermoide è il tipo più comune di cancro delle ghiandole salivari. La maggior parte colpisce le ghiandole parotidi, meno spesso si sviluppa nelle ghiandole sottomandibolari o nelle ghiandole salivari minori all'interno della bocca. L'istoloia e la fase clinica risultano determinanti per la sopravvivenza del paziente. Fattori prognostici negativi includono coinvolgimento neurale di alto grado, malattia localmente avanzata, età avanzata, dolore associato, metastasi dei linfonodi regionali, metastasi a distanza ed accumulo di oncoproteine p53 o c-erbB2. Il carcinoma mucoepidermoide può essere riscontrato anche in altri organi come i bronchi, il sacco lacrimale e la ghiandola tiroidea.	\n\nBasso grado: il cancro è costituito da una commistione di cellule mucipare, squamose ed indifferenziate. Se prevalgono le prime, rispetto alle altre, il tumore si classifica come ben differenziato o di basso grado e, tipicamente, rappresenta una minaccia relativamente meno grave.</Text>	
		</GameDBLocalizedString>
		
		<GameDBLocalizedString>      
		<LocID>DIA_ONCO_ORA001_2</LocID>                         
		<Text>Carcinoma mucoepidermoide (Alto grado)</Text>	
		</GameDBLocalizedString>
		
		<GameDBLocalizedString>      
		<LocID>DIA_ONCO_ORA001_2_DESC</LocID>                         
		<Text>Il carcinoma mucoepidermoide è il tipo più comune di cancro delle ghiandole salivari. La maggior parte colpisce le ghiandole parotidi, meno spesso si sviluppa nelle ghiandole sottomandibolari o nelle ghiandole salivari minori all'interno della bocca. L'istoloia e la fase clinica risultano determinanti per la sopravvivenza del paziente. Fattori prognostici negativi includono coinvolgimento neurale di alto grado, malattia localmente avanzata, età avanzata, dolore associato, metastasi dei linfonodi regionali, metastasi a distanza ed accumulo di oncoproteine p53 o c-erbB2. Il carcinoma mucoepidermoide può essere riscontrato anche in altri organi come i bronchi, il sacco lacrimale e la ghiandola tiroidea.	\n\nAlto grado: il cancro è costituito da una commistione di cellule mucipare, squamose ed indifferenziate. Se prevalgono queste ultime due, rispetto alle altre, il tumore si classifica come scarsamente differenziato o di alto grado. Circa l'80% dei pazienti con paralisi del nervo facciale presenta metastasi linfonodali al momento della diagnosi. Questi pazienti hanno un tasso di sopravvivenza medio molto inferiore rispetto ai tumori di basso grado.</Text>	
		</GameDBLocalizedString>
		
	<!-- ### ### -->
	<!-- ######################################## Content for V0.14.0.2 Added Below ######################################## -->
	<!-- ### ### -->
		
	</LocalizedStrings>
	</GameDBStringTable>
</Database>

