<Database>

<GameDBStringTable ID="LOC_ES_ADDON_ONCO_BUILDING_MODE">
<LanguageCode>es</LanguageCode>
<LanguageNameLocalized>Español</LanguageNameLocalized>
<Contributors>
<Name>DrkTemplar</Name>
</Contributors>

<LocalizedStrings>
	<GameDBLocalizedString>      
		<LocID>ROOM_TYPE_ONCO_OFFICE</LocID>                          	
		<Text>Consulta de Oncología</Text>   
	</GameDBLocalizedString>
	<GameDBLocalizedString>      
		<LocID>ROOM_TYPE_ONCO_OFFICE_DESCRIPTION</LocID>              	
		<Text>Una consulta especializada en oncología. Plantilla necesaria:\n1x Doctor</Text>  
	</GameDBLocalizedString>

	<GameDBLocalizedString>      
		<LocID>OBJECT_DECAL_MOD_ONCO</LocID>       			
		<Text>Oncología A</Text>  
	</GameDBLocalizedString>
			
    <GameDBLocalizedString>      
		<LocID>OBJECT_DECAL_MOD_DESC</LocID>       
		<Text>Pegatina de pared</Text>  
	</GameDBLocalizedString>
	
	<GameDBLocalizedString>      
		<LocID>OBJECT_DECAL_MOD_ONCO1</LocID>       			
		<Text>Oncología B</Text>  
	</GameDBLocalizedString>
	
	<GameDBLocalizedString>      
		<LocID>OBJECT_DECAL_MOD_ONCO2</LocID>       			
		<Text>Oncología C</Text>  
	</GameDBLocalizedString>
	
	<GameDBLocalizedString>      
		<LocID>OBJECT_DECAL_MOD_ONCO3</LocID>       			
		<Text>Oncología D</Text>  
	</GameDBLocalizedString>
	
	<!-- ### ### -->
	<!-- ######################################## V0.13 Below ######################################## -->
	<!-- ### ### -->
	
	<GameDBLocalizedString>
		<LocID>ROOM_TYPE_INPATIENT_ONCO_OFFICE</LocID>                               
		<Text>Unidad de Diagnóstico</Text>   
	</GameDBLocalizedString>
            
	<GameDBLocalizedString>      
		<LocID>ROOM_TYPE_INPATIENT_ONCO_OFFICE_DESC</LocID>                   
		<Text>La unidad de diagnóstico realiza exploraciones y tratamientos para pacientes hospitalizados. \n\nPlantilla mínima: \n1x Doctor \n(Personal en la sala de guardia)</Text>
	</GameDBLocalizedString>
	
	<GameDBLocalizedString>
		<LocID>ROOM_TYPE_ONCO_NEURODIAGNOSTIC_UNIT_NE</LocID> <!-- Not used at the moment -->                    
		<Text>Unidad de Neurooncología</Text>  
	</GameDBLocalizedString>
	
	<GameDBLocalizedString>      
		<LocID>ROOM_TYPE_ONCO_NEURODIAGNOSTIC_UNIT_NE_DESC</LocID> <!-- Not used at the moment -->        
		<Text>La unidad de neurooncología realiza exámenes específicos para pacientes oncológicos. \n\nPlantilla mínima: \n1x Técnico/a neurólogo/a</Text>  
	</GameDBLocalizedString>
	
	<GameDBLocalizedString>      
		<LocID>ROOM_TYPE_DIAGNOSTIC_SONOGRAPHY_UNIT_ONCO</LocID>                     
		<Text>Sonografía</Text>  
	</GameDBLocalizedString>
            
	<GameDBLocalizedString>      
		<LocID>ROOM_TYPE_DIAGNOSTIC_SONOGRAPHY_UNIT_ONCO_DESCRIPTION</LocID>         
		<Text>La unidad de sonografía proporciona exploraciones y tratamientos mediante ultrasonidos. \n\nPlantilla mínima: \n1x Técnico/a ecógrafo</Text>  
	</GameDBLocalizedString>
	
	<!-- ### ### -->
	<!-- ######################################## V0.13.2.0 Below ######################################## -->
	<!-- ### ### -->
            
	<GameDBLocalizedString>      
		<LocID>MOD_ONCO_OBJECT_PICT01</LocID>                               
		<Text>Oncología Cuadro A</Text>  
	</GameDBLocalizedString>
	
    <GameDBLocalizedString>      
		<LocID>MOD_ONCO_OBJECT_PICT01_DESC</LocID>                   
		<Text>Un cuadro enmarcado para recordar a los pacientes que no hay que perder la esperanza.</Text>  
	</GameDBLocalizedString>
    
	<GameDBLocalizedString>      
		<LocID>MOD_ONCO_OBJECT_PICT02</LocID>                               
		<Text>Oncología Cuadro B</Text>  
	</GameDBLocalizedString>
	
    <GameDBLocalizedString>      
		<LocID>MOD_ONCO_OBJECT_PICT02_DESC</LocID>                   
		<Text>Un cuadro enmarcado para recordar a los pacientes que no hay que perder la esperanza.</Text>  
	</GameDBLocalizedString>
	
	<GameDBLocalizedString>      
		<LocID>MOD_ONCO_OBJECT_CUBE1</LocID>                               
		<Text>Estantería cúbica A-E</Text>  
	</GameDBLocalizedString>
	
    <GameDBLocalizedString>      
		<LocID>MOD_ONCO_OBJECT_CUBE1_DESC</LocID>                   
		<Text>Una estantería cúbica.</Text>  
	</GameDBLocalizedString>
	
	<GameDBLocalizedString>      
		<LocID>MOD_ONCO_OBJECT_CUBE2</LocID>                               
		<Text>Estantería cúbica B-E</Text>  
	</GameDBLocalizedString>
	
    <GameDBLocalizedString>      
		<LocID>MOD_ONCO_OBJECT_CUBE2_DESC</LocID>                   
		<Text>Una estantería cúbica.</Text>  
	</GameDBLocalizedString>
	
	<GameDBLocalizedString>      
		<LocID>MOD_ONCO_OBJECT_PLANT01</LocID>                               
		<Text>Planta en maceta</Text>  
	</GameDBLocalizedString>
	
    <GameDBLocalizedString>      
		<LocID>MOD_ONCO_OBJECT_PLANT01_DESC</LocID>                   
		<Text>Una bonita planta en una maceta.</Text>  
	</GameDBLocalizedString>
	
	<!-- ### ### -->
	<!-- ######################################## V0.13.2.3 Below ######################################## -->
	<!-- ### ### -->
	
	<GameDBLocalizedString>      
		<LocID>MOD_ONCO_OBJECT_CUBE3</LocID>                               
		<Text>Estantería cúbica A-B</Text>  
	</GameDBLocalizedString>
	
    <GameDBLocalizedString>      
		<LocID>MOD_ONCO_OBJECT_CUBE3_DESC</LocID>                   
		<Text>Una estantería cúbica con libros grandes.</Text>  
	</GameDBLocalizedString>
	
	<GameDBLocalizedString>      
		<LocID>MOD_ONCO_OBJECT_CUBE4</LocID>                               
		<Text>Estantería cúbica B-B</Text>  
	</GameDBLocalizedString>
	
    <GameDBLocalizedString>      
		<LocID>MOD_ONCO_OBJECT_CUBE4_DESC</LocID>                   
		<Text>Una estantería cúbica con libros grandes.</Text>  
	</GameDBLocalizedString> 
	
	<!-- ### ### -->
	<!-- ######################################## V0.13.3.0 Below ######################################## -->
	<!-- ### ### -->
	
	<GameDBLocalizedString> <!-- Not used at the moment -->       
		<LocID>ROOM_TYPE_ONCO_OBSERVATION_ROOM</LocID>                     
		<Text>Observación de Oncología</Text>  
	</GameDBLocalizedString>
            
	<GameDBLocalizedString> <!-- Not used at the moment -->          
		<LocID>ROOM_TYPE_ONCO_OBSERVATION_ROOM_DESC</LocID>         
		<Text>Los pacientes oncológicos en ocasiones necesitan permencer durante periodos largos de tiempo para realizarse pruebas o tratamientos. La observación da tiempo al hospital para poder realizar dichas pruebas mientra mantiene al paciente en un entorno comodo y bajo supervisión médica constante. También ayuda a liberar a los medicos de consulta de los casos más difíciles. \n\nPlantilla mínima: \n1x Doctor \n(Personal en la sala de guardia)</Text>  
	</GameDBLocalizedString>
	
	<GameDBLocalizedString>      
		<LocID>MOD_ONCO_OBJECT_POST01</LocID>                               
		<Text>Poster - ONCO A</Text>  
	</GameDBLocalizedString>
	
    <GameDBLocalizedString>      
		<LocID>MOD_ONCO_OBJECT_POST01_DESC</LocID>                   
		<Text>Un poster de la anatomía del pancreas.</Text>  
	</GameDBLocalizedString> 
	
	<GameDBLocalizedString>      
		<LocID>MOD_ONCO_OBJECT_POST02</LocID>                               
		<Text>Poster - ONCO B</Text>  
	</GameDBLocalizedString>
	
    <GameDBLocalizedString>      
		<LocID>MOD_ONCO_OBJECT_POST02_DESC</LocID>                   
		<Text>Un poster para recordar a los pacientes que no están solos en esta lucha.</Text>  
	</GameDBLocalizedString> 
	
	<GameDBLocalizedString>      
		<LocID>MOD_ONCO_OBJECT_POST03</LocID>                               
		<Text>Poster - ONCO C</Text>  
	</GameDBLocalizedString>
	
    <GameDBLocalizedString>      
		<LocID>MOD_ONCO_OBJECT_POST03_DESC</LocID>                   
		<Text>Infografía de los tipos de cáncer hematológicos.</Text>  
	</GameDBLocalizedString> 
	
	<GameDBLocalizedString>      
		<LocID>MOD_ONCO_OBJECT_POST04</LocID>                               
		<Text>Poster - ONCO D</Text>  
	</GameDBLocalizedString>
	
    <GameDBLocalizedString>      
		<LocID>MOD_ONCO_OBJECT_POST04_DESC</LocID>                   
		<Text>Infografía del cáncer de pulmón.</Text>  
	</GameDBLocalizedString> 
	
	<GameDBLocalizedString>      
		<LocID>MOD_ONCO_OBJECT_POST05</LocID>                               
		<Text>Poster - ONCO E</Text>  
	</GameDBLocalizedString>
	
    <GameDBLocalizedString>      
		<LocID>MOD_ONCO_OBJECT_POST05_DESC</LocID>                   
		<Text>Un cuadro enmarcado para recordar a los pacientes que no hay que perder la esperanza.</Text>  
	</GameDBLocalizedString> 
	
	<GameDBLocalizedString>      
		<LocID>ROOM_TYPE_CARDIOVASCULAR_DIAGNOSTIC_UNIT_ONCO</LocID>                               
		<Text>Unidad de Cardiología</Text>  
	</GameDBLocalizedString>
	
    <GameDBLocalizedString>      
		<LocID>ROOM_TYPE_CARDIOVASCULAR_DIAGNOSTIC_UNIT_ONOC_DESC</LocID>                   
		<Text>La unidad de diagnóstico cardíaco permite realizar pruebas y reconocimientos del sistema cardiovascular. \n\nPlantilla mínima: \n1x Técnico/a de cardiólogía</Text>  
	</GameDBLocalizedString> 
	
	<!-- ### ### -->
	<!-- ######################################## Content for V0.14.0.2 Added Below ######################################## -->
	<!-- ### ### -->

</LocalizedStrings>
</GameDBStringTable>
</Database>