﻿<Database>
	<GameDBStringTable ID="LOC_ZHHANS_ADDON_ONCOLOGYSL_DIAGNOSES">
	<LanguageCode>zh-Hans</LanguageCode>
	<LanguageNameLocalized>Chinese</LanguageNameLocalized>
	<Contributors>
	<Name>1328411791 Yang zhouzhouzhou</Name>
	</Contributors>

	<LocalizedStrings>
		
        <!-- Diagnoses - Skin Cancer -->
		
        <GameDBLocalizedString>      
		<LocID>DIA_ONCO_SC1_1</LocID>                         
		<Text>基底细胞癌 (阶段 1)</Text>	
		</GameDBLocalizedString>
		
        <GameDBLocalizedString>      
		<LocID>DIA_ONCO_SC1_1_DESC</LocID>             
		<Text>基底细胞癌是人类最常见的癌症形式。 它是一种非黑色素瘤皮肤癌，始于表皮的基底细胞层（皮肤的顶层），生长非常缓慢，很少扩散（转移）。\n\n在第一阶段，肿瘤是 大约2厘米宽或更小，并且可能已经扩散到真皮中。</Text>	
		</GameDBLocalizedString>

        <GameDBLocalizedString>      
		<LocID>DIA_ONCO_SC1_2</LocID>                         
		<Text>基底细胞癌 (阶段 2)</Text>	
		</GameDBLocalizedString>
		
        <GameDBLocalizedString>      
		<LocID>DIA_ONCO_SC1_2_DESC</LocID>             
		<Text>基底细胞癌是人类最常见的癌症形式。 它是一种非黑色素瘤皮肤癌，始于表皮的基底细胞层（皮肤的顶层），生长非常缓慢，很少扩散（转移）。\n\n在第二阶段，肿瘤较大 宽度可能超过2厘米，可能已经扩散到真皮中，并且具有诸如神经周浸润的高风险特征。</Text>	
		</GameDBLocalizedString>
		
        <GameDBLocalizedString>      
		<LocID>DIA_ONCO_SC1_3</LocID>                         
		<Text>基底细胞癌 (阶段 3)</Text>	
		</GameDBLocalizedString>
		
        <GameDBLocalizedString>      
		<LocID>DIA_ONCO_SC1_3_DESC</LocID>             
		<Text>基底细胞癌是人类最常见的癌症形式。 它是一种非黑素瘤皮肤癌，始于表皮的基底细胞层（皮肤的顶层），生长非常缓慢，很少扩散（转移）。\n\n在第三阶段，癌症已经扩散 到皮肤下面的区域，例如肌肉，骨骼，软骨或淋巴结，但仅限于原始肿瘤附近的区域。</Text>	
		</GameDBLocalizedString>

        <GameDBLocalizedString>      
		<LocID>DIA_ONCO_SC1_4</LocID>                         
		<Text>基底细胞癌 (阶段 4)</Text>	
		</GameDBLocalizedString>
		
        <GameDBLocalizedString>      
		<LocID>DIA_ONCO_SC1_4_DESC</LocID>             
		<Text>基底细胞癌是人类最常见的癌症形式。 它是一种非黑素瘤皮肤癌，始于表皮的基底细胞层（皮肤的顶层），生长非常缓慢，很少扩散（转移）。\n\n在第4阶段，癌症已经扩散到皮肤以外的区域，例如大脑或肺等遥远的器官，或侵入了骨骼。</Text>	
		</GameDBLocalizedString>
		
		<GameDBLocalizedString>      
		<LocID>DIA_ONCO_SC2_1</LocID>                         
		<Text>鳞状细胞癌（阶段 1）</Text>	
		</GameDBLocalizedString>

        <GameDBLocalizedString>      
		<LocID>DIA_ONCO_SC2_1_DESC</LocID>             
		<Text>皮肤鳞状细胞癌是皮肤癌的一种常见形式，它在构成皮肤中层和外层的鳞状细胞中发展。\n\n在第1阶段，肿瘤大约为2厘米或更小，并且可能已经扩散到真皮中。</Text>	
		</GameDBLocalizedString>
		
		<GameDBLocalizedString>      
		<LocID>DIA_ONCO_SC2_2</LocID>                         
		<Text>鳞状细胞癌（阶段 2）</Text>	
		</GameDBLocalizedString>
		
        <GameDBLocalizedString>      
		<LocID>DIA_ONCO_SC2_2_DESC</LocID>             
		<Text>皮肤鳞状细胞癌是皮肤癌的一种常见形式，它在构成皮肤中层和外层的鳞状细胞中发展。\n\n在第二阶段，肿瘤大于2厘米宽，可能已经扩散到真皮，并具有高危特征，如神经周围侵犯。</Text>	
		</GameDBLocalizedString>
		
		<GameDBLocalizedString>      
		<LocID>DIA_ONCO_SC2_3</LocID>                         
		<Text>鳞状细胞癌（阶段 3）</Text>	
		</GameDBLocalizedString>
		
        <GameDBLocalizedString>      
		<LocID>DIA_ONCO_SC2_3_DESC</LocID>             
		<Text>皮肤鳞状细胞癌是皮肤癌的一种常见形式，它在构成皮肤中层和外层的鳞状细胞中发展。\n\n在第三阶段，肿瘤已经扩散到皮肤以下的区域，如肌肉、骨骼、软骨或淋巴结，但仅限于靠近原发肿瘤的部位。</Text>	
		</GameDBLocalizedString>

		<GameDBLocalizedString>      
		<LocID>DIA_ONCO_SC2_4</LocID>                         
		<Text>鳞状细胞癌（阶段 4）)</Text>	
		</GameDBLocalizedString>
		
        <GameDBLocalizedString>      
		<LocID>DIA_ONCO_SC2_4_DESC</LocID>             
		<Text>皮肤鳞状细胞癌是皮肤癌的一种常见形式，它在构成皮肤中层和外层的鳞状细胞中发展。\n\n在第四阶段，癌症已经扩散到皮肤以外的区域，比如大脑或肺等远处的器官，或者已经侵入骨骼。只有那些靠近原来肿瘤的。</Text>	
		</GameDBLocalizedString>

		<GameDBLocalizedString>      
		<LocID>DIA_ONCO_SC3_1</LocID>                         
		<Text>黑色素瘤（阶段 1）</Text>	
		</GameDBLocalizedString>
		
        <GameDBLocalizedString>      
		<LocID>DIA_ONCO_SC3_1_DESC</LocID>             
		<Text>黑色素瘤的发生是由于皮肤中的色素细胞(称为黑色素细胞)发生突变，并开始生长失控。\n\n在第一阶段，癌细胞已经深入皮肤，但还没有扩散到淋巴结或身体的其他部位。</Text>	
		</GameDBLocalizedString>
		
		<GameDBLocalizedString>      
		<LocID>DIA_ONCO_SC3_2</LocID>                         
		<Text>黑色素瘤（阶段 2）</Text>	
		</GameDBLocalizedString>
		
        <GameDBLocalizedString>      
		<LocID>DIA_ONCO_SC3_2_DESC</LocID>             
		<Text>黑色素瘤的发生是由于皮肤中的色素细胞(称为黑色素细胞)发生突变，并开始生长失控。\n\n第二阶段黑色素瘤更厚，它穿过表皮并进一步深入真皮，即皮肤的致密内层。它有更高的传播机会。</Text>	
		</GameDBLocalizedString>

		<GameDBLocalizedString>      
		<LocID>DIA_ONCO_SC3_3</LocID>                         
		<Text>黑色素瘤（阶段 3）</Text>	
		</GameDBLocalizedString>
		
        <GameDBLocalizedString>      
		<LocID>DIA_ONCO_SC3_3_DESC</LocID>             
		<Text>黑色素瘤的发生是由于皮肤中的色素细胞(称为黑色素细胞)发生突变，并开始生长失控。\n\n第三阶段是指黑色素瘤在局部或通过淋巴系统扩散到局部淋巴结。但它没有扩散到远处的淋巴结或器官。</Text>	
		</GameDBLocalizedString>
		
		<GameDBLocalizedString>      
		<LocID>DIA_ONCO_SC3_4</LocID>                         
		<Text>黑色素瘤（阶段 4）</Text>	
		</GameDBLocalizedString>
		
        <GameDBLocalizedString>      
		<LocID>DIA_ONCO_SC3_4_DESC</LocID>             
		<Text>黑色素瘤的发生是由于皮肤中的色素细胞(称为黑色素细胞)发生突变，并开始生长失控。\n\n第四阶段是指黑色素瘤通过血液扩散到身体其他部位，如皮肤或软组织的远处、远处淋巴结或其他器官。</Text>	
		</GameDBLocalizedString>
		
		<!-- Diagnoses - Adrenal Gland Cancer -->
		
		<GameDBLocalizedString>      
		<LocID>DIA_ONCO_AGC1_0</LocID>                         
		<Text>嗜铬细胞瘤（局部）</Text>	
		</GameDBLocalizedString>
		
        <GameDBLocalizedString>      
		<LocID>DIA_ONCO_AGC1_0_DESC</LocID>             
		<Text>嗜铬细胞瘤是一种罕见的肾上腺组织肿瘤。它会导致过多的肾上腺素和去甲肾上腺素的释放，这是一种控制心率、新陈代谢和血压的激素。局部的早期肿瘤在一个或两个肾上腺的肾上腺髓质中被发现。</Text>	
		</GameDBLocalizedString>
		
		<GameDBLocalizedString>      
		<LocID>DIA_ONCO_AGC1_1</LocID>                         
		<Text>嗜铬细胞瘤（区域）</Text>	
		</GameDBLocalizedString>
		
        <GameDBLocalizedString>      
		<LocID>DIA_ONCO_AGC1_1_DESC</LocID>             
		<Text>嗜铬细胞瘤是一种罕见的肾上腺组织肿瘤。它会导致过多的肾上腺素和去甲肾上腺素的释放，这是一种控制心率、新陈代谢和血压的激素。已经扩散的癌细胞开始在肿瘤附近的组织或淋巴结中被发现。</Text>	
		</GameDBLocalizedString>
		
		<GameDBLocalizedString>      
		<LocID>DIA_ONCO_AGC1_2</LocID>                         
		<Text>嗜铬细胞瘤（转移）</Text>	
		</GameDBLocalizedString>
		
        <GameDBLocalizedString>      
		<LocID>DIA_ONCO_AGC1_2_DESC</LocID>             
		<Text>嗜铬细胞瘤是一种罕见的肾上腺组织肿瘤。它会导致过多的肾上腺素和去甲肾上腺素的释放，这是一种控制心率、新陈代谢和血压的激素。转移的癌细胞和已经扩散的肿瘤开始一个遥远的身体的一部分出现。</Text>	
		</GameDBLocalizedString>
		
		<!-- Diagnoses - Lung Cancer -->
		
		<GameDBLocalizedString>      
		<LocID>DIA_ONCO_LC_0</LocID>                         
		<Text>非小细胞肺癌 (局部)</Text>	
		</GameDBLocalizedString>
		
        <GameDBLocalizedString>      
		<LocID>DIA_ONCO_LC_0_DESC</LocID>             
		<Text>非小细胞肺癌(NSCLC)是指健康细胞在肺内发生变化并生长失控，形成肿块，称为肿瘤、病变或结节。肺肿瘤可以发生在肺的任何部位。在肺部局部的地方发现的癌症，但没有进展到淋巴结或远处的器官。</Text>	
		</GameDBLocalizedString>
		
		<GameDBLocalizedString>      
		<LocID>DIA_ONCO_LC_1</LocID>                         
		<Text>非小细胞肺癌 (区域)</Text>	
		</GameDBLocalizedString>
		
        <GameDBLocalizedString>      
		<LocID>DIA_ONCO_LC_1_DESC</LocID>             
		<Text>非小细胞肺癌(NSCLC)是指健康细胞在肺内发生变化并生长失控，形成肿块，称为肿瘤、病变或结节。肺肿瘤可以发生在肺的任何部位。局部的癌细胞从肺部进展到附近的淋巴结。</Text>	
		</GameDBLocalizedString>
		
		<GameDBLocalizedString>      
		<LocID>DIA_ONCO_LC_2</LocID>                         
		<Text>非小细胞肺癌 (转移)</Text>	
		</GameDBLocalizedString>
		
        <GameDBLocalizedString>      
		<LocID>DIA_ONCO_LC_2_DESC</LocID>             
		<Text>非小细胞肺癌(NSCLC)是指健康细胞在肺内发生变化并生长失控，形成肿块，称为肿瘤、病变或结节。癌细胞已经从肺转移到附近的淋巴结。</Text>	
		</GameDBLocalizedString>
		
		<GameDBLocalizedString>      
		<LocID>DIA_ONCO_LC1_0</LocID>                         
		<Text>小细胞肺癌 (局限期)</Text>	
		</GameDBLocalizedString>
		
        <GameDBLocalizedString>      
		<LocID>DIA_ONCO_LC1_0_DESC</LocID>             
		<Text>小细胞肺癌（SCLC）开始于健康细胞的改变和生长失控，形成肿块，称为肿瘤、病变或结节。小细胞肺癌起源于肺的神经细胞或产生激素的细胞。“小细胞”指的是在显微镜下看到的癌细胞的大小和形状。局限期意味着癌症只是在一个部分的胸部和放射治疗可能是一个治疗选择。在首次诊断时，每3个小细胞肺癌患者中就有1人有局限期疾病。</Text>	
		</GameDBLocalizedString>
		
		<GameDBLocalizedString>      
		<LocID>DIA_ONCO_LC1_1</LocID>                         
		<Text>小细胞肺癌 (广泛期)</Text>	
		</GameDBLocalizedString>
		
        <GameDBLocalizedString>      
		<LocID>DIA_ONCO_LC1_1_DESC</LocID>             
		<Text>小细胞肺癌（SCLC）开始于健康细胞的改变和生长失控，形成肿块，称为肿瘤、病变或结节。小细胞肺癌起源于肺的神经细胞或产生激素的细胞。“小细胞”指的是在显微镜下看到的癌细胞的大小和形状。广泛分期是指小细胞肺癌已经扩散到身体的其他部位，如肺、骨、脑、骨髓等。许多医生认为小细胞肺癌已经扩散到肺周围的液体也是广泛的分期。当小细胞肺癌第一次被发现的时候，大约2 / 3的SCLC患者有广泛的疾病。</Text>	
		</GameDBLocalizedString>
		
		<!-- -->
		
		<GameDBLocalizedString>      
		<LocID>DIA_ONCO_BC1_0</LocID>                         
		<Text>直肠癌 (局部)</Text>	
		</GameDBLocalizedString>
		
        <GameDBLocalizedString>      
		<LocID>DIA_ONCO_BC1_0_DESC</LocID>             
		<Text>结肠和直肠腺癌占所有大肠癌病例的95％。 在胃肠道中，直肠和结肠腺癌在大肠内壁的细胞中发展。 结肠和直肠腺癌通常开始于称为息肉的组织生长。 一种称为腺瘤的特殊息肉可能会发展成癌症。 癌症局限于肠壁或可能已经扩散到肠壁的外表面。</Text>	
		</GameDBLocalizedString>
		
		<GameDBLocalizedString>      
		<LocID>DIA_ONCO_BC1_1</LocID>                         
		<Text>直肠癌 (区域)</Text>	
		</GameDBLocalizedString>
		
        <GameDBLocalizedString>      
		<LocID>DIA_ONCO_BC1_1_DESC</LocID>             
		<Text>结肠和直肠的腺癌占所有结直肠癌病例的95%。在胃肠道中，直肠和结肠腺癌在大肠内层的细胞中发生。结肠和直肠的腺癌通常开始于息肉组织的生长。一种叫做腺瘤的特殊类型的息肉可能发展成癌症。局部的癌症已经扩散到肠附近的淋巴结。</Text>	
		</GameDBLocalizedString>
		
		<GameDBLocalizedString>      
		<LocID>DIA_ONCO_BC1_2</LocID>                         
		<Text> 直肠癌 (转移)</Text>	
		</GameDBLocalizedString>
		
        <GameDBLocalizedString>      
		<LocID>DIA_ONCO_BC1_2_DESC</LocID>             
		<Text>结肠和直肠的腺癌占所有结直肠癌病例的95%。在胃肠道中，直肠和结肠腺癌在大肠内层的细胞中发生。结肠和直肠的腺癌通常开始于息肉组织的生长。一种叫做腺瘤的特殊类型的息肉可能发展成癌症。转移是指癌细胞在远处被发现并扩散。</Text>	
		</GameDBLocalizedString>
		
		<!-- -->
		
		<GameDBLocalizedString>      
		<LocID>DIA_ONCO_AGC2_0</LocID>                         
		<Text>肾上腺皮质癌 (局部)</Text>	
		</GameDBLocalizedString>
		
        <GameDBLocalizedString>      
		<LocID>DIA_ONCO_AGC2_0_DESC</LocID>             
		<Text>肾上腺皮质癌是一种罕见的疾病，其恶性细胞形成于肾上腺的外层。局部的肿瘤是5厘米或更小,只发现在肾上腺。</Text>	
		</GameDBLocalizedString>
		
		<GameDBLocalizedString>      
		<LocID>DIA_ONCO_AGC2_1</LocID>                         
		<Text>肾上腺皮质癌 (区域)</Text>	
		</GameDBLocalizedString>
		
        <GameDBLocalizedString>      
		<LocID>DIA_ONCO_AGC2_1_DESC</LocID>             
		<Text>嗜铬细胞瘤是一种罕见的肾上腺组织肿瘤。它会导致过多的肾上腺素和去甲肾上腺素的释放，这是一种控制心率、新陈代谢和血压的激素。区域,肿瘤大小和已蔓延至附近的淋巴结或附近的组织或器官(肾、隔膜、胰腺、脾脏或肝)或大血管(肾静脉或腔静脉),并有可能进一步蔓延到附近的淋巴结。</Text>	
		</GameDBLocalizedString>
		
		<GameDBLocalizedString>      
		<LocID>DIA_ONCO_AGC2_2</LocID>                         
		<Text>肾上腺皮质癌 (转移)</Text>	
		</GameDBLocalizedString>
		
        <GameDBLocalizedString>      
		<LocID>DIA_ONCO_AGC2_2_DESC</LocID>             
		<Text>嗜铬细胞瘤是一种罕见的肾上腺组织肿瘤。它会导致过多的肾上腺素和去甲肾上腺素的释放，这是一种控制心率、新陈代谢和血压的激素。转移,肿瘤大小,可能会蔓延到附近的淋巴结,并已扩散到身体的其他部位,如肺、骨或腹膜。</Text>	
		</GameDBLocalizedString>
		
		<GameDBLocalizedString>      
		<LocID>DIA_ONCO_MC001_0</LocID>                         
		<Text>神经内分泌肿瘤 (局限期)</Text>	
		</GameDBLocalizedString>
		
        <GameDBLocalizedString>      
		<LocID>DIA_ONCO_MC001_0_DESC</LocID>             
		<Text>神经内分泌肿瘤(NETs)是由内分泌(激素)和神经系统细胞产生的肿瘤。许多是良性的，而一些是恶性的。它们最常见于肠道，通常被称为类癌肿瘤，但也见于胰腺、肺和身体的其他部位。在有限的阶段，肿瘤小于4厘米，已经生长到连接阑尾和腹壁的膜。</Text>	
		</GameDBLocalizedString>
		
		<GameDBLocalizedString>      
		<LocID>DIA_ONCO_MC001_1</LocID>                         
		<Text>神经内分泌肿瘤 (广布期)</Text>	
		</GameDBLocalizedString>
		
        <GameDBLocalizedString>      
		<LocID>DIA_ONCO_MC001_1_DESC</LocID>             
		<Text>神经内分泌肿瘤(NETs)是由内分泌(激素)和神经系统细胞产生的肿瘤。许多是良性的，而一些是恶性的。它们最常见于肠道，通常被称为类癌肿瘤，但也见于胰腺、肺和身体的其他部位。广泛的阶段，肿瘤已生长通过腹膜或已侵入附近的器官或结构。</Text>	
		</GameDBLocalizedString>
		
		<GameDBLocalizedString>      
		<LocID>DIA_ONCO_BLC01_0</LocID>                         
		<Text>急性淋巴细胞白血病(B细胞）</Text>	
		</GameDBLocalizedString>
		
        <GameDBLocalizedString>      
		<LocID>DIA_ONCO_BLC01_0_DESC</LocID>             
		<Text>B细胞急性淋巴细胞白血病(ALL)(也称为急性淋巴细胞白血病)是一种影响血液和骨髓的癌症。都是因为未成熟的白细胞过度产生，称为淋巴母细胞或白血病母细胞。由于骨髓不能产生足够数量的红细胞、正常的白细胞和血小板，患有这些疾病的人更容易出现贫血、反复感染以及容易出现瘀伤和出血。在75-80%的成人病例中，所有的B细胞都出现在骨髓发育的早期阶段。 这种病因此被称作B细胞癌症，或Pre-B 癌症</Text>	
		</GameDBLocalizedString>
		
		<GameDBLocalizedString>      
		<LocID>DIA_ONCO_BLC01_1</LocID>                         
		<Text>B细胞急性白血</Text>	
		</GameDBLocalizedString>
		
        <GameDBLocalizedString>      
		<LocID>DIA_ONCO_BLC01_1_DESC</LocID>             
		<Text>B细胞急性淋巴细胞白血病，也被称为伯基特型急性淋巴细胞白血病(B-ALL)或成熟B细胞急性淋巴细胞白血病(ALL)，是一种影响你的“B淋巴细胞”的癌症。此类病例较少见，约占所有成人病例的3-5%。成熟b细胞的特征是淋巴母细胞表面存在免疫球蛋白。使用常规疗法，只有30-40%的患者进入完全缓解期，预后较差。</Text>	
		</GameDBLocalizedString>
		
		<GameDBLocalizedString>      
		<LocID>DIA_ONCO_BLC01_2</LocID>                         
		<Text>急性t淋巴性白血病</Text>	
		</GameDBLocalizedString>
		
        <GameDBLocalizedString>      
		<LocID>DIA_ONCO_BLC01_2_DESC</LocID>             
		<Text>t细胞急性淋巴细胞白血病(T-ALL)是一种急性白血病，它具有侵袭性，进展极其迅速。它影响淋巴细胞的干细胞产生，这种细胞是一种称为T淋巴细胞的白细胞，而不是影响B细胞的急性淋巴细胞白血病(ALL)。</Text>	
		</GameDBLocalizedString>
		
		<GameDBLocalizedString>      
		<LocID>DIA_ONCO_BLC02_A</LocID>                         
		<Text>慢性淋巴细胞白血病(稳定)</Text>	
		</GameDBLocalizedString>
		
        <GameDBLocalizedString>      
		<LocID>DIA_ONCO_BLC02_A_DESC</LocID>             
		<Text>慢性淋巴细胞白血病(CLL)是一种生长缓慢的白血病，影响b淋巴细胞的发育。B淋巴细胞(也称为B细胞)是特化的白细胞。在正常情况下，它们产生免疫球蛋白(也称为抗体)，帮助保护我们的身体免受感染和疾病。在CLL患者中，淋巴细胞发生恶性(癌变)变化，成为白血病细胞。需要强调的是，对于许多人来说，慢性淋巴细胞白血病在数月乃至数年内都保持稳定，对他们的生活方式或整体健康几乎没有影响。约有30-50%的CLL患者从不需要任何治疗，即使被确诊，也能存活多年。由于慢性淋巴细胞白血病发展缓慢，许多人没有任何症状，特别是在早期阶段，这种疾病是在常规血液检测中发现的。</Text>	
		</GameDBLocalizedString>
		
		<GameDBLocalizedString>      
		<LocID>DIA_ONCO_BLC02_B</LocID>                         
		<Text>慢性淋巴细胞白血病(危险)</Text>	
		</GameDBLocalizedString>
		
        <GameDBLocalizedString>      
		<LocID>DIA_ONCO_BLC02_B_DESC</LocID>             
		<Text>慢性淋巴细胞白血病(CLL)(晚期)(罕见)是一种生长缓慢的白血病，影响b淋巴细胞的发育。B淋巴细胞(也称为B细胞)是特化的白细胞。在正常情况下，它们产生免疫球蛋白(也称为抗体)，帮助保护我们的身体免受感染和疾病。在CLL患者中，淋巴细胞发生恶性(癌变)变化，成为白血病细胞。需要强调的是，对于许多人来说，慢性淋巴细胞白血病在数月乃至数年内都保持稳定，对他们的生活方式或整体健康几乎没有影响。约有30-50%的CLL患者从不需要任何治疗，即使被确诊，也能存活多年。由于慢性淋巴细胞白血病发展缓慢，许多人没有任何症状，特别是在早期阶段，这种疾病是在常规血液检测中发现的。</Text>	
		</GameDBLocalizedString>
		
		<GameDBLocalizedString>      
		<LocID>DIA_ONCO_BLC03_0</LocID>                         
		<Text>t细胞白血病（LGL）</Text>	
		</GameDBLocalizedString>
		
        <GameDBLocalizedString>      
		<LocID>DIA_ONCO_BLC03_0_DESC</LocID>             
		<Text>t细胞大颗粒淋巴细胞白血病是一种影响白细胞的慢性白血病，被称为“淋巴细胞”。淋巴细胞是人体免疫系统的一部分，有助于对抗某些感染。LGL白血病的特征是淋巴细胞增大，含有明显的颗粒，在显微镜下观察血液时可见。白血病有两种类型:t细胞(T-LGL)和自然杀伤细胞(NK-LGL)。t细胞和nk细胞低级别白血病的发生率在2%到5%之间。T细胞大颗粒淋巴细胞(LGL)白血病是一种细胞毒性T细胞的克隆性增殖，可导致中性粒细胞减少、贫血和/或血小板减少。这种情况通常与自身免疫性疾病有关，特别是类风湿关节炎和其他淋巴增生性疾病。</Text>	
		</GameDBLocalizedString>
		
		<GameDBLocalizedString>      
		<LocID>DIA_ONCO_BLC03_1</LocID>                         
		<Text>NK细胞白血病（LGL）</Text>	
		</GameDBLocalizedString>
		
        <GameDBLocalizedString>      
		<LocID>DIA_ONCO_BLC03_1_DESC</LocID>             
		<Text>nk细胞大颗粒淋巴细胞白血病是一种影响白细胞的慢性白血病，被称为“淋巴细胞”。淋巴细胞是人体免疫系统的一部分，有助于对抗某些感染。LGL白血病的特征是淋巴细胞增大，含有明显的颗粒，在显微镜下观察血液时可见。白血病有两种类型:t细胞(T-LGL)和自然杀伤细胞(NK-LGL)。t细胞和nk细胞低级别白血病的发生率在2%到5%之间。大多数nk细胞白血病患者无症状，但侵袭性变异的患者通常有肝肿大和脾肿大，约三分之一有淋巴结病，也可能发生淋巴结外侵犯。平均而言，患者比t细胞低级别白血病患者更年轻。</Text>	
		</GameDBLocalizedString>
		
		<GameDBLocalizedString>      
		<LocID>DIA_ONCO_BLC03_2</LocID>                         
		<Text>T细胞前淋巴细胞白血病</Text>	
		</GameDBLocalizedString>
		
        <GameDBLocalizedString>      
		<LocID>DIA_ONCO_BLC03_2_DESC</LocID>             
		<Text>t细胞前淋巴细胞白血病(T-PLL)是一种罕见的典型恶性肿瘤，其特征是成熟t细胞(t淋巴细胞)的生长失控。t细胞是一种白细胞，它能保护身体不受感染。T-PLL影响年龄中位数为61岁的老年人，男性比女性更常见。t细胞基因的异常变化(突变)会导致正常健康的t细胞变成癌细胞。突变t细胞中的这些遗传错误告诉细胞继续生长和分裂，而健康细胞通常会停止分裂并最终死亡。每一个来自最初的白血病细胞的细胞也有相同的突变DNA。因此，随着时间的推移，白血病细胞的数量会成倍增加，并在血液中传播到其他部位，包括骨髓、脾脏、肝脏、淋巴结，有时还有皮肤。</Text>	
		</GameDBLocalizedString>
		
		<GameDBLocalizedString>      
		<LocID>DIA_ONCO_BLC04_0</LocID>                         
		<Text>急性髓系白血病</Text>	
		</GameDBLocalizedString>
		
        <GameDBLocalizedString>      
		<LocID>DIA_ONCO_BLC04_0_DESC</LocID>             
		<Text>急性髓系白血病是由于机体产生了太多的未成熟的白细胞，即髓母细胞，也称为成髓细胞。成髓细胞增殖失控，继续分裂，但从未发育成正常细胞。异常的母细胞被称为白血病细胞。因为白血病细胞是不成熟和不正常的，所以它们不像白细胞那样具有通常的抗感染功能。它们还会排挤正常的白细胞，使其无法正常工作。这增加了感染的风险（类似于艾滋病）。</Text>	
		</GameDBLocalizedString>
		
		<GameDBLocalizedString>      
		<LocID>DIA_ONCO_BLC05_A</LocID>                         
		<Text>慢性髓细胞白血病（慢性阶段）</Text>	
		</GameDBLocalizedString>
		
        <GameDBLocalizedString>      
		<LocID>DIA_ONCO_BLC05_A_DESC</LocID>             
		<Text>慢性髓性白血病(CML)是一种影响血液和骨髓的癌症。在CML中，骨髓产生太多的白细胞，称为粒细胞。这些细胞(有时称为原细胞或白血病原细胞)逐渐聚集在骨髓中，干扰正常的血细胞生成。它们还会从骨髓中流出，在血液中在体内循环。因为它们还没有完全成熟，它们无法正常工作来对抗感染。随着时间的推移，红细胞和血小板的缺乏会导致贫血、出血和/或瘀伤。总的来说，CML是一种罕见的疾病，约占所有癌症诊断的0.03%。许多慢性髓性白血病(CML)患者没有任何症状。慢性白细胞数量增加，在血液和骨髓中发现少量称为原始细胞的不成熟细胞。</Text>	
		</GameDBLocalizedString>
		
		<GameDBLocalizedString>      
		<LocID>DIA_ONCO_BLC05_B</LocID>                         
		<Text>慢性髓细胞白血病（加速发展阶段）</Text>	
		</GameDBLocalizedString>
		
        <GameDBLocalizedString>      
		<LocID>DIA_ONCO_BLC05_B_DESC</LocID>             
		<Text>慢性髓性白血病(CML)(加速发展阶段)是一种影响血液和骨髓的癌症。在CML中，骨髓产生太多的白细胞，称为粒细胞。这些细胞(有时称为原细胞或白血病原细胞)逐渐聚集在骨髓中，干扰正常的血细胞生成。它们还会从骨髓中流出，在血液中在体内循环。因为它们还没有完全成熟，它们无法正常工作来对抗感染。随着时间的推移，红细胞和血小板的缺乏会导致贫血、出血和/或瘀伤。总的来说，CML是一种罕见的疾病，约占所有癌症诊断的0.03%。许多慢性髓性白血病(CML)患者没有任何症状。加速-在加速期，未成熟的胚细胞数量增加，有时会出现新的染色体改变，除了Ph染色体外。</Text>	
		</GameDBLocalizedString>
		
		<GameDBLocalizedString>      
		<LocID>DIA_ONCO_BLC05_C</LocID>                         
		<Text>慢性髓性白血病（爆炸发展阶段）</Text>	
		</GameDBLocalizedString>
		
        <GameDBLocalizedString>      
		<LocID>DIA_ONCO_BLC05_C_DESC</LocID>             
		<Text>慢性髓性白血病(CML)是一种影响血液和骨髓的癌症。在CML中，骨髓产生太多的白细胞，称为粒细胞。这些细胞(有时称为原细胞或白血病原细胞)逐渐聚集在骨髓中，干扰正常的血细胞生成。它们还会从骨髓中流出，在血液中在体内循环。因为它们还没有完全成熟，它们无法正常工作来对抗感染。随着时间的推移，红细胞和血小板的缺乏会导致贫血、出血和/或瘀伤。总的来说，CML是一种罕见的疾病，约占所有癌症诊断的0.03%。许多慢性髓性白血病(CML)患者没有任何症状。爆炸危机-爆炸阶段(也称为“爆炸危机阶段”)。母细胞期表现为髓系白血病的急性期。</Text>	
		</GameDBLocalizedString>
		
		<GameDBLocalizedString>      
		<LocID>DIA_ONCO_BLC06_0</LocID>                         
		<Text>毛细胞白血病</Text>	
		</GameDBLocalizedString>
		
        <GameDBLocalizedString>      
		<LocID>DIA_ONCO_BLC06_0_DESC</LocID>             
		<Text>毛细胞白血病(HCL)是一种罕见的慢性淋巴系统白血病，b淋巴细胞异常聚集于骨髓、肝脏和脾脏。在显微镜下，这些细胞表面有微小的毛发状突起，因此被称为“毛细胞”。</Text>	
		</GameDBLocalizedString>

		<GameDBLocalizedString>      
		<LocID>DIA_ONCO_BLC06_1</LocID>                         
		<Text>毛细胞白血病变异</Text>	
		</GameDBLocalizedString>
		
        <GameDBLocalizedString>      
		<LocID>DIA_ONCO_BLC06_1_DESC</LocID>             
		<Text>毛细胞白血病(HCL-V)被定义为一种罕见的、不活跃的小的、成熟的B细胞白血病，其特征是脾肿大、白细胞计数升高和骨髓细胞增生。与传统HCL相比，HCL- v具有更强的侵袭性和耐药性。HCL变种之前被认为是HCL的一个亚型，但在2008年，世界卫生组织得出结论，它是HCL的一个独立实体，在生物学上是不同的。HCL变异较HCL少见，临床病程不同。</Text>	
		</GameDBLocalizedString>
		
		<!-- ### ### -->
		<!-- ######################################## Content for V0.13 Added Below ######################################## -->
		<!-- ### ### -->
		
		<GameDBLocalizedString>      
		<LocID>DIA_ONCO_BREC1_0</LocID>                         
		<Text>导管原位癌</Text>	
		</GameDBLocalizedString>
		
		<GameDBLocalizedString>      
		<LocID>DIA_ONCO_BREC1_0M</LocID>                         
		<Text>导管原位癌</Text>	
		</GameDBLocalizedString>
		
        <GameDBLocalizedString>      
		<LocID>DIA_ONCO_BREC1_0_DESC</LocID>             
		<Text>导管原位癌是一种非侵袭性乳腺癌。“导管癌”指的是发生在乳管内的癌症，“癌”指的是发生在皮肤或其他组织(包括乳腺组织)、覆盖或排列内部器官的任何癌症，“原位癌”指的是“原位癌”。DCIS被称为“非侵入性”，因为它没有扩散到乳管以外的任何正常乳腺组织。乳腺导管原位癌并不会危及生命，但是乳腺导管原位癌会增加以后发生侵袭性乳腺癌的风险。导管原位癌(Ductal carcinoma in situ, DCIS)是指导管内细胞过多，具有癌的特征，但仍局限于导管内。虽然这种情况很少见，但男性也可能患上乳腺癌。但通常没有任何症状。</Text>	
		</GameDBLocalizedString>
		
		<GameDBLocalizedString>      
		<LocID>DIA_ONCO_BREC1_1</LocID>                         
		<Text>浸润性导管癌</Text>	
		</GameDBLocalizedString>
		
		<GameDBLocalizedString>      
		<LocID>DIA_ONCO_BREC1_1M</LocID>                         
		<Text>浸润性导管癌</Text>	
		</GameDBLocalizedString>
		
        <GameDBLocalizedString>      
		<LocID>DIA_ONCO_BREC1_1_DESC</LocID>             
		<Text>浸润性导管癌(IDC)，有时也称为浸润性导管癌，是最常见的乳腺癌类型。大约80%的乳腺癌是浸润性导管癌。侵袭性意味着癌症已经“侵入”或扩散到周围的乳腺组织。导管意味着癌症始于乳管，这些“管道”将牛奶从产奶小叶输送到乳头。癌是指任何开始于皮肤或其他覆盖内部器官的组织，如乳腺组织的癌症。总之，“浸润性导管癌”指的是已经突破乳管壁并开始侵入乳腺组织的癌症。随着时间的推移，浸润性导管癌会扩散到淋巴结，并可能扩散到身体的其他部位。虽然这种情况很少见，但男性也可能患上乳腺癌。 \n\n但不会有任何症状</Text>	
		</GameDBLocalizedString>
		
		<GameDBLocalizedString>      
		<LocID>DIA_ONCO_BREC1_2</LocID>                         
		<Text>转移性乳腺癌</Text>	
		</GameDBLocalizedString>
		
		<GameDBLocalizedString>      
		<LocID>DIA_ONCO_BREC1_2M</LocID>                         
		<Text>转移性乳腺癌</Text>	
		</GameDBLocalizedString>
		
        <GameDBLocalizedString>      
		<LocID>DIA_ONCO_BREC1_2_DESC</LocID>             
		<Text>转移性乳腺癌(也称为IV期乳腺癌)是指已经扩散到身体其他部位的乳腺癌，最常见的部位是肝脏、大脑、骨骼或肺部。癌细胞可以从乳腺的原发肿瘤中分离出来，通过血液或淋巴系统转移到身体的其他部位。淋巴系统是一个由节点和血管组成的大型网络，负责清除细菌、病毒和细胞废物。乳腺癌在最初的诊断和治疗几个月或几年之后，可能会在身体的其他部位复发。在被诊断患有早期乳腺癌的女性中，近30%会发展成转移性疾病。虽然这种情况很少见，但男性也可能患上乳腺癌。</Text>	
		</GameDBLocalizedString>
		
		<GameDBLocalizedString>      
		<LocID>DIA_ONCO_BRAC1_0</LocID>                         
		<Text>纤维性星形细胞瘤</Text>	
		</GameDBLocalizedString>
		
        <GameDBLocalizedString>      
		<LocID>DIA_ONCO_BRAC1_0_DESC</LocID>             
		<Text>I级星形细胞瘤又称毛细胞型星形细胞瘤。这些肿瘤发生在儿童和年轻人身上。与其他分级相比，它们的侵袭性较小，预后较好。它们通常出现在小脑、脑干附近、下丘脑区域或视交叉，但也可能出现在星形胶质细胞存在的任何区域，包括大脑半球和脊髓。这些肿瘤通常生长缓慢，一般都是是良性的。</Text>	
		</GameDBLocalizedString>
		
		<GameDBLocalizedString>      
		<LocID>DIA_ONCO_BRAC1_1</LocID>                         
		<Text>弥漫性星形细胞瘤</Text>	
		</GameDBLocalizedString>
		
        <GameDBLocalizedString>      
		<LocID>DIA_ONCO_BRAC1_1_DESC</LocID>             
		<Text>弥漫性星形细胞瘤又称低级别浸润性星形细胞瘤。弥漫性浸润这一术语意味着在肿瘤和正常脑组织之间没有可识别的边界，即便这些边界在影像学上看起来边缘很好分辨。</Text>	
		</GameDBLocalizedString>
		
		<GameDBLocalizedString>      
		<LocID>DIA_ONCO_BRAC1_2</LocID>                         
		<Text>间变性星形细胞瘤</Text>	
		</GameDBLocalizedString>
		
        <GameDBLocalizedString>      
		<LocID>DIA_ONCO_BRAC1_2_DESC</LocID>             
		<Text>间变性星形细胞瘤是一种罕见的恶性脑瘤。星形细胞瘤是由一种叫做星形细胞的星形脑细胞发展而来的肿瘤。星形胶质细胞和类似的细胞形成组织，包围和保护大脑和脊髓内的其他神经细胞。</Text>	
		</GameDBLocalizedString>
		
		<GameDBLocalizedString>      
		<LocID>DIA_ONCO_BRAC1_3</LocID>                         
		<Text>胶质母细胞瘤</Text>	
		</GameDBLocalizedString>
		
        <GameDBLocalizedString>      
		<LocID>DIA_ONCO_BRAC1_3_DESC</LocID>             
		<Text>胶质母细胞瘤，又称多形性胶质母细胞瘤(GBM)，是最具侵袭性的肿瘤，起始于脑部。最初，胶质母细胞瘤的症状和体征是不容易与其它疾病分辨的。这些症状可能包括头痛、心情不畅、恶心以及类似中风的症状。</Text>	
		</GameDBLocalizedString>
		
		<GameDBLocalizedString>      
		<LocID>DIA_ONCO_OVAC1_0F</LocID>                         
		<Text>高级别浆液性癌</Text>	
		</GameDBLocalizedString>
		
        <GameDBLocalizedString>      
		<LocID>DIA_ONCO_OVAC1_0F_DESC</LocID>             
		<Text>高级别浆液性卵巢癌(HGSC)是一种起源于腹腔浆液上皮层的肿瘤，主要见于卵巢。HGSCs构成了绝大多数的卵巢癌，其存活率低。HGSC与起源于卵巢组织的低级别浆液性癌(LGSC)不同，其侵袭性较弱。</Text>
		</GameDBLocalizedString>
		
		<GameDBLocalizedString>      
		<LocID>DIA_ONCO_OVAC1_1F</LocID>                         
		<Text>低级别浆液性癌</Text>	
		</GameDBLocalizedString>
		
        <GameDBLocalizedString>      
		<LocID>DIA_ONCO_OVAC1_1F_DESC</LocID>             
		<Text>低级别浆液性卵巢癌是一种罕见的疾病，占卵巢癌病例的不到10%。低级别的卵巢浆液性癌(LGSC)较高级别的卵巢癌少见，侵袭性较差，但对多种化疗有抵抗作用，预后一般。</Text>
		</GameDBLocalizedString>
		
		<GameDBLocalizedString>      
		<LocID>DIA_ONCO_OVAC1_2F</LocID>                         
		<Text>转移性卵巢癌</Text>	
		</GameDBLocalizedString>
		
        <GameDBLocalizedString>      
		<LocID>DIA_ONCO_OVAC1_2F_DESC</LocID>             
		<Text>转移性卵巢癌是一种晚期恶性肿瘤，已从卵巢细胞扩散到远处的身体部位。这种类型的癌症可能扩散到肝脏、肺部周围的液体、脾脏、肠道、大脑、皮肤或腹腔外的淋巴结.</Text>
		</GameDBLocalizedString>
		
		<GameDBLocalizedString>      
		<LocID>DIA_ONCO_PROC1_0M</LocID>                         
		<Text>前列腺癌(1期)</Text>	
		</GameDBLocalizedString>
		
        <GameDBLocalizedString>      
		<LocID>DIA_ONCO_PROC1_0M_DESC</LocID>             
		<Text>前列腺癌是一种发生在前列腺的癌症，前列腺是一种小的胡桃状的腺体，在男性体内产生精液来滋养和运输精子。前列腺癌是男性最常见的癌症之一。通常前列腺癌生长缓慢，最初局限于前列腺，在那里可能不会造成严重的伤害。然而，虽然某些类型的前列腺癌生长缓慢，可能需要最低限度甚至不需要治疗，但其他类型的前列腺癌具有侵袭性，可以迅速扩散。在第一阶段，癌细胞仅限于前列腺。第一阶段不能在直肠指检中被发现。它通常被认为增长缓慢。</Text>
		</GameDBLocalizedString>
		
		<GameDBLocalizedString>      
		<LocID>DIA_ONCO_PROC1_1M</LocID>                         
		<Text>前列腺癌(2期)</Text>	
		</GameDBLocalizedString>
		
        <GameDBLocalizedString>      
		<LocID>DIA_ONCO_PROC1_1M_DESC</LocID>             
		<Text>前列腺癌是一种发生在前列腺的癌症，前列腺是一种小的胡桃状的腺体，在男性体内产生精液来滋养和运输精子。前列腺癌是男性最常见的癌症之一。通常前列腺癌生长缓慢，最初局限于前列腺，在那里可能不会造成严重的伤害。然而，虽然某些类型的前列腺癌生长缓慢，可能需要最低限度甚至不需要治疗，但其他类型的前列腺癌具有侵袭性，可以迅速扩散。处于第二阶段的癌症可能在直肠指检中被发现。这种疾病仍然局限于前列腺，但是这些细胞可能是不正常的，而且可能生长得更快。</Text>
		</GameDBLocalizedString>
		
		<GameDBLocalizedString>      
		<LocID>DIA_ONCO_PROC1_2M</LocID>                         
		<Text>前列腺癌(3期)</Text>	
		</GameDBLocalizedString>
		
        <GameDBLocalizedString>      
		<LocID>DIA_ONCO_PROC1_2M_DESC</LocID>             
		<Text>前列腺癌是一种发生在前列腺的癌症，前列腺是一种小的胡桃状的腺体，在男性体内产生精液来滋养和运输精子。前列腺癌是男性最常见的癌症之一。通常前列腺癌生长缓慢，最初局限于前列腺，在那里可能不会造成严重的伤害。然而，虽然某些类型的前列腺癌生长缓慢，可能需要最低限度甚至不需要治疗，但其他类型的前列腺癌具有侵袭性，可以迅速扩散。第三阶段的前列腺癌，癌细胞在前列腺附近的组织中。它也可能到达了精囊。</Text>
		</GameDBLocalizedString>
		
		<GameDBLocalizedString>      
		<LocID>DIA_ONCO_PROC1_3M</LocID>                         
		<Text>前列腺癌(4期)</Text>	
		</GameDBLocalizedString>
		
        <GameDBLocalizedString>      
		<LocID>DIA_ONCO_PROC1_3M_DESC</LocID>             
		<Text>前列腺癌是一种发生在前列腺的癌症，前列腺是一种小的胡桃状的腺体，在男性体内产生精液来滋养和运输精子。前列腺癌是男性最常见的癌症之一。通常前列腺癌生长缓慢，最初局限于前列腺，在那里可能不会造成严重的伤害。然而，虽然某些类型的前列腺癌生长缓慢，可能需要最低限度甚至不需要治疗，但其他类型的前列腺癌具有侵袭性，可以迅速扩散。第四阶段前列腺癌意味着癌症已经侵入身体的其他部位，如直肠、附近的淋巴结或骨头。</Text>
		</GameDBLocalizedString>
		
		<GameDBLocalizedString>      
		<LocID>DIA_ONCO_BLC07_0</LocID>                         
		<Text>弥漫性大b细胞淋巴瘤</Text>	
		</GameDBLocalizedString>
		
        <GameDBLocalizedString>      
		<LocID>DIA_ONCO_BLC07_0_DESC</LocID>             
		<Text>弥漫性大b细胞淋巴瘤是一种侵袭性非霍奇金淋巴瘤，由淋巴系统中的b细胞发展而来。在显微镜下，大的恶性淋巴细胞遍布整个标本。DLBCL是最常见的非霍奇金淋巴瘤亚型，占所有病例的30% ~ 40%。</Text>
		</GameDBLocalizedString>
		
		<GameDBLocalizedString>      
		<LocID>DIA_ONCO_BLC08_0</LocID>                         
		<Text>滤泡性淋巴瘤</Text>	
		</GameDBLocalizedString>
		
        <GameDBLocalizedString>      
		<LocID>DIA_ONCO_BLC08_0_DESC</LocID>             
		<Text>滤泡性淋巴瘤是最常见的惰性(生长缓慢)NHL亚型，占所有NHL的20%至30%。滤泡性淋巴瘤通常发生于中老年人。与大多数惰性淋巴瘤一样，诊断为滤泡性淋巴瘤的患者通常在诊断时身体的许多部位都有淋巴瘤。一小部分患者的淋巴瘤会逐渐转化为更具侵袭性的NHL，通常是DLBC。</Text>
		</GameDBLocalizedString>
		
		<GameDBLocalizedString>      
		<LocID>DIA_ONCO_SC4_0</LocID>                         
		<Text>梅氏细胞癌(局部)</Text>	
		</GameDBLocalizedString>
		
        <GameDBLocalizedString>      
		<LocID>DIA_ONCO_SC4_0_DESC</LocID>             
		<Text>梅氏细胞癌是一种罕见的皮肤癌，通常表现为肉色或蓝红色结节，多见于面部、头部或颈部。梅氏细胞癌又称皮肤神经内分泌癌。默克尔细胞癌在早期有快速生长和转移(扩散)的趋势。它通常首先扩散到附近的淋巴结，然后可能扩散到身体、肺、大脑、骨骼或其他器官远处的淋巴结或皮肤。这种细胞癌是皮肤癌死亡的第二大常见原因，仅次于黑色素瘤。</Text>
		</GameDBLocalizedString>
		
		<GameDBLocalizedString>      
		<LocID>DIA_ONCO_SC4_1</LocID>                         
		<Text>梅氏细胞癌(已转移)</Text>	
		</GameDBLocalizedString>
		
        <GameDBLocalizedString>      
		<LocID>DIA_ONCO_SC4_1_DESC</LocID>             
		<Text>梅氏细胞癌是一种罕见的皮肤癌，通常表现为肉色或蓝红色结节，多见于面部、头部或颈部。默克尔细胞癌又称皮肤神经内分泌癌。这种细胞癌在早期有快速生长和转移(扩散)的趋势。它通常首先扩散到附近的淋巴结，然后可能扩散到身体、肺、大脑、骨骼或其他器官远处的淋巴结或皮肤。是皮肤癌死亡的第二大常见原因，仅次于黑色素瘤。</Text>
		</GameDBLocalizedString>
		
	</LocalizedStrings>
	</GameDBStringTable>
</Database>