<Database>

<GameDBStringTable ID="LOC_IT_ADDON_ONCO_BUILDING_MODE">
<LanguageCode>it</LanguageCode>
<LanguageNameLocalized>Italian</LanguageNameLocalized>
<Contributors>
<Name>Jerry76</Name>
</Contributors>

<LocalizedStrings>
	<GameDBLocalizedString>      
		<LocID>ROOM_TYPE_ONCO_OFFICE</LocID>                          	
		<Text>Ambulatorio di Oncologia</Text>   
	</GameDBLocalizedString>

	<GameDBLocalizedString>      
		<LocID>ROOM_TYPE_ONCO_OFFICE_DESCRIPTION</LocID>              	
		<Text>Ambulatorio diagnostico comune di Oncologia. Min. Requisiti Staff:\n1x Dottore</Text>  
	</GameDBLocalizedString>
	
	<GameDBLocalizedString>      
		<LocID>OBJECT_DECAL_MOD_ONCO</LocID>       			
		<Text>Oncologia</Text>  
	</GameDBLocalizedString>

        <GameDBLocalizedString>      
		<LocID>OBJECT_DECAL_MOD_DESC</LocID>       
		<Text>Adesivo murale</Text>  
	</GameDBLocalizedString>

        <!-- ### ### -->
	<!-- ######################################## V0.13 Below ######################################## -->
	<!-- ### ### -->
	
	<GameDBLocalizedString>
		<LocID>ROOM_TYPE_INPATIENT_ONCO_OFFICE</LocID>                               
		<Text>Unità Diagnostica</Text>   
	</GameDBLocalizedString>
            
	<GameDBLocalizedString>      
		<LocID>ROOM_TYPE_INPATIENT_ONCO_OFFICE_DESC</LocID>                   
		<Text>L'unità diagnostica del dipartimento di oncologia fornisce procedure di esame e trattamento per i pazienti ospedalizzati. \n\nMin. Requisiti Staff: \n1x Dottore \n(Personale nella stanza del Medico di Guardia)</Text>
	</GameDBLocalizedString>
	
	<GameDBLocalizedString>
		<LocID>ROOM_TYPE_ONCO_NEURODIAGNOSTIC_UNIT_NE</LocID>                   
		<Text>Unità di Neuro-Oncologica</Text>  
	</GameDBLocalizedString>
	
	<GameDBLocalizedString>      
		<LocID>ROOM_TYPE_ONCO_NEURODIAGNOSTIC_UNIT_NE_DESC</LocID>       
		<Text>L'unità di neuro-oncologica fornisce esami neurologici specifici per il supporto oncologico. \n\nMin. Requisiti Staff: \n1x Tecnologo - Neurologo</Text>  
	</GameDBLocalizedString>
	
	<GameDBLocalizedString>      
		<LocID>ROOM_TYPE_DIAGNOSTIC_SONOGRAPHY_UNIT_ONCO</LocID>                     
		<Text>Unità di Ecografia</Text>  
	</GameDBLocalizedString>
            
	<GameDBLocalizedString>      
		<LocID>ROOM_TYPE_DIAGNOSTIC_SONOGRAPHY_UNIT_ONCO_DESCRIPTION</LocID>         
		<Text>L'unità di Ecografia fornisce esami e trattamenti specifici a base di ultrasuoni. \n\nMin. Requisiti staff: \n1x Tecnologo - ECO</Text>  
	</GameDBLocalizedString>


</LocalizedStrings>
</GameDBStringTable>
</Database>