<Database>
	<GameDBStringTable ID="LOC_IT_ADDON_ONCOLOGY_SKILLS">
	
	<LanguageCode>it</LanguageCode>
	<LanguageNameLocalized>Italian</LanguageNameLocalized>
	<Contributors>
		<Name>Jerry76</Name>
	</Contributors>
        
	<LocalizedStrings>
            
<!-- ### Skills ### -->
			
	<GameDBLocalizedString>      
		<LocID>DPT_ONCOLOGY</LocID>                                          	
		<Text>Oncologia</Text>  
	</GameDBLocalizedString>
	
	<GameDBLocalizedString>      
		<LocID>SKILL_DOC_SPEC_ONCO</LocID>                   
		<Text>Oncologia</Text>  
	</GameDBLocalizedString>
	
	<GameDBLocalizedString>      
		<LocID>SKILL_DOC_SPEC_ONCO_DESCR</LocID>                   
		<Text>L'oncologia dà accesso a procedure specializzate per l'individuazione, la diagnosi e il trattamento di varie forme di cancro.</Text>  
	</GameDBLocalizedString>
	
	<GameDBLocalizedString>      
		<LocID>SKILL_DOC_SPEC_ONCO_SURGERY</LocID>                   
		<Text>Oncologia chirurgica</Text>  
	</GameDBLocalizedString>
	
	<GameDBLocalizedString>      
		<LocID>SKILL_DOC_SPEC_ONCO_SURG_DESCR</LocID>                   
		<Text>L'oncologia chirurgica consente al medico di agire come chirurgo principale presso il dipartimento di oncologia e influisce sulla frequenza con cui gli interventi chirurgici finiranno con complicazioni.</Text>  
	</GameDBLocalizedString>

	
	</LocalizedStrings>	
	</GameDBStringTable>
</Database>