<Database>

<GameDBStringTable ID="LOC_RU_ADDON_ONCO_BUILDING_MODE">
<LanguageCode>ru</LanguageCode>
<LanguageNameLocalized>Русский</LanguageNameLocalized>
<Contributors>
<Name>Sleepy068</Name>
</Contributors>

<LocalizedStrings>
	<GameDBLocalizedString>      
		<LocID>ROOM_TYPE_ONCO_OFFICE</LocID>                          	
		<Text>Кабинет онколога</Text>   
	</GameDBLocalizedString>
	<GameDBLocalizedString>      
		<LocID>ROOM_TYPE_ONCO_OFFICE_DESCRIPTION</LocID>              	
		<Text>Кабинет врача, специализирующийся на онкологии. Требования к персоналу:\n1x доктор</Text>  
	</GameDBLocalizedString>

	<GameDBLocalizedString>      
		<LocID>OBJECT_DECAL_MOD_ONCO</LocID>       			
		<Text>Онкология</Text>  
	</GameDBLocalizedString>
			
    <GameDBLocalizedString>      
		<LocID>OBJECT_DECAL_MOD_DESC</LocID>       
		<Text>Настенный знак онкологического отделения</Text>  
	</GameDBLocalizedString>

</LocalizedStrings>
</GameDBStringTable>
</Database>