<Database>
	<GameDBStringTable ID="LOC_RU_ADDON_ONCOLOGYSL_DIAGNOSES">
	<LanguageCode>ru</LanguageCode>
	<LanguageNameLocalized>Русский</LanguageNameLocalized>
	<Contributors>
	<Name>Sleepy068</Name>
	</Contributors>

	<LocalizedStrings>
		
        <!-- Diagnoses - Skin Cancer -->
			<GameDBLocalizedString>
			<LocID>DIA_ONCO_SC1_1</LocID>                         
			<Text>Базалиома (1 стадия)</Text>	
			</GameDBLocalizedString>
			<GameDBLocalizedString>      
			<LocID>DIA_ONCO_SC1_1_DESC</LocID>             
			<Text>Базально-клеточная карцинома является наиболее распространенной формой рака у людей. Это тип немеланомного рака кожи, который начинается в базально-клеточном слое эпидермиса (верхний слой кожи), растет очень медленно и редко метастазирует.\n 1 СТАДИЯ - опухоль около 2-х сантиметров в ширину или меньше с возможным распространением в дерму.</Text>	
			</GameDBLocalizedString>
			<GameDBLocalizedString>      
			<LocID>DIA_ONCO_SC1_2</LocID>                         
			<Text>Базалиома (2 стадия)</Text>	
			</GameDBLocalizedString>
			<GameDBLocalizedString>      
			<LocID>DIA_ONCO_SC1_2_DESC</LocID>             
			<Text>Базально-клеточная карцинома является наиболее распространенной формой рака у людей. Это тип немеланомного рака кожи, который начинается в базально-клеточном слое эпидермиса (верхний слой кожи), растет очень медленно и редко метастазирует.\n 2 СТАДИЯ - опухоль имеет ширину более 2 сантиметров, может распространиться в дерму, имеет признаки высокого риска, такие как периневральная инвазия.</Text>	
			</GameDBLocalizedString>
			<GameDBLocalizedString>      
			<LocID>DIA_ONCO_SC1_3</LocID>                         
			<Text>Базалиома (3 стадия)</Text>	
			</GameDBLocalizedString>
			<GameDBLocalizedString>      
			<LocID>DIA_ONCO_SC1_3_DESC</LocID>             
			<Text>Базально-клеточная карцинома является наиболее распространенной формой рака у людей. Это тип немеланомного рака кожи, который начинается в базально-клеточном слое эпидермиса (верхний слой кожи), растет очень медленно и редко метастазирует.\n 3 СТАДИЯ - рак распространился на области под кожей (мышечная ткань, кости, хрящевая ткань или лимфатические узлы) в непосредственной близости от первичного злокачественного образования.</Text>	
			</GameDBLocalizedString>
			<GameDBLocalizedString>      
			<LocID>DIA_ONCO_SC1_4</LocID>                         
			<Text>Базалиома (4 стадия)</Text>	
			</GameDBLocalizedString>
			<GameDBLocalizedString>      
			<LocID>DIA_ONCO_SC1_4_DESC</LocID>             
			<Text>Базально-клеточная карцинома является наиболее распространенной формой рака у людей. Это тип немеланомного рака кожи, который начинается в базально-клеточном слое эпидермиса (верхний слой кожи), растет очень медленно и редко метастазирует.\n 4 СТАДИЯ - рак распространился от первичного образования дальше и метастазировал в отдаленные органы, мозг, легкие и кости.</Text>	
			</GameDBLocalizedString>
			<GameDBLocalizedString>      
			<LocID>DIA_ONCO_SC2_1</LocID>                         
			<Text>Папилярный рак кожи (1 стадия)</Text>	
			</GameDBLocalizedString>
			<GameDBLocalizedString>      
			<LocID>DIA_ONCO_SC2_1_DESC</LocID>             
			<Text>Папиллярный рак кожи — форма плоскоклеточного рака. Внешне такая опухоль выглядит как гриб: массивный узел на ножке или широком основании. Они часто покрываются корками папиллом, приобретая вид цветной капусты, легко кровоточат.\n 1 СТАДИЯ - опухоль около 2-х сантиметров в ширину или меньше с возможным распространением в дерму.</Text>	
			</GameDBLocalizedString>
			<GameDBLocalizedString>      
			<LocID>DIA_ONCO_SC2_2</LocID>                         
			<Text>Папилярный рак кожи (2 стадия)</Text>	
			</GameDBLocalizedString>
			<GameDBLocalizedString>      
			<LocID>DIA_ONCO_SC2_2_DESC</LocID>             
			<Text>Папиллярный рак кожи — форма плоскоклеточного рака. Внешне такая опухоль выглядит как гриб: массивный узел на ножке или широком основании. Они часто покрываются корками папиллом, приобретая вид цветной капусты, легко кровоточат.\n 2 СТАДИЯ - опухоль имеет ширину более 2 сантиметров, может распространиться в дерму, имеет признаки высокого риска, такие как периневральная инвазия.</Text>	
			</GameDBLocalizedString>
			<GameDBLocalizedString>      
			<LocID>DIA_ONCO_SC2_3</LocID>                         
			<Text>Папилярный рак кожи (3 стадия)</Text>	
			</GameDBLocalizedString>
			<GameDBLocalizedString>      
			<LocID>DIA_ONCO_SC2_3_DESC</LocID>             
			<Text>Папиллярный рак кожи — форма плоскоклеточного рака. Внешне такая опухоль выглядит как гриб: массивный узел на ножке или широком основании. Они часто покрываются корками папиллом, приобретая вид цветной капусты, легко кровоточат.\n 3 СТАДИЯ - рак распространился на области под кожей (мышечная ткань, кости, хрящевая ткань или лимфатические узлы) в непосредственной близости от первичного злокачественного образования.</Text>	
			</GameDBLocalizedString>
			<GameDBLocalizedString>      
			<LocID>DIA_ONCO_SC2_4</LocID>                         
			<Text>Папилярный рак кожи (4 стадия)</Text>	
			</GameDBLocalizedString>
			<GameDBLocalizedString>      
			<LocID>DIA_ONCO_SC2_4_DESC</LocID>             
			<Text>Папиллярный рак кожи — форма плоскоклеточного рака. Внешне такая опухоль выглядит как гриб: массивный узел на ножке или широком основании. Они часто покрываются корками папиллом, приобретая вид цветной капусты, легко кровоточат.\n 4 СТАДИЯ - рак распространился от первичного образования дальше и метастазировал в отдаленные органы, мозг, легкие и кости.</Text>	
			</GameDBLocalizedString>
			<GameDBLocalizedString>      
			<LocID>DIA_ONCO_SC3_1</LocID>                         
			<Text>Меланома (1 стадия)</Text>	
			</GameDBLocalizedString>
			<GameDBLocalizedString>      
			<LocID>DIA_ONCO_SC3_1_DESC</LocID>             
			<Text>Меланома кожи развивается из меланоцитов кожи, пигментных клеток, продуцирующих меланин. Выглядит она как постепенно растущее пигментированное пятно на неизмененной коже. Однако некоторые меланомы могут развиваться из обычных родинок. На поздних стадиях развития, образование начинает мокнуть, кровоточить, вызывать зуд или жжение.\n 1 СТАДИЯ - рак незначительно проник под кожу. Лимфоузлы впорядке.</Text>	
			</GameDBLocalizedString>
			<GameDBLocalizedString>      
			<LocID>DIA_ONCO_SC3_2</LocID>                         
			<Text>Меланома (2 стадия)</Text>	
			</GameDBLocalizedString>
			<GameDBLocalizedString>      
			<LocID>DIA_ONCO_SC3_2_DESC</LocID>             
			<Text>Меланома кожи развивается из меланоцитов кожи, пигментных клеток, продуцирующих меланин. Выглядит она как постепенно растущее пигментированное пятно на неизмененной коже. Однако некоторые меланомы могут развиваться из обычных родинок. На поздних стадиях развития, образование начинает мокнуть, кровоточить, вызывать зуд или жжение.\n 2 СТАДИЯ - новообразование расширилось,распространилось в дерму. Повышенный риск дальнейшего распространения.</Text>	
			</GameDBLocalizedString>
			<GameDBLocalizedString>      
			<LocID>DIA_ONCO_SC3_3</LocID>                         
			<Text>Меланома (3 стадия)</Text>	
			</GameDBLocalizedString>
			<GameDBLocalizedString>      
			<LocID>DIA_ONCO_SC3_3_DESC</LocID>             
			<Text>Меланома кожи развивается из меланоцитов кожи, пигментных клеток, продуцирующих меланин. Выглядит она как постепенно растущее пигментированное пятно на неизмененной коже. Однако некоторые меланомы могут развиваться из обычных родинок. На поздних стадиях развития, образование начинает мокнуть, кровоточить, вызывать зуд или жжение.\n 3 СТАДИЯ - меланома распространилась локально в ближайший лимфатический узел. Высокий риск метастазирования.</Text>	
			</GameDBLocalizedString>
			<GameDBLocalizedString>      
			<LocID>DIA_ONCO_SC3_4</LocID>                         
			<Text>Меланома (4 стадия)</Text>	
			</GameDBLocalizedString>
		
			<GameDBLocalizedString>      
			<LocID>DIA_ONCO_SC3_4_DESC</LocID>             
			<Text>Меланома кожи развивается из меланоцитов кожи, пигментных клеток, продуцирующих меланин. Выглядит она как постепенно растущее пигментированное пятно на неизмененной коже. Однако некоторые меланомы могут развиваться из обычных родинок. На поздних стадиях развития, образование начинает мокнуть, кровоточить, вызывать зуд или жжение.\n 4 СТАДИЯ - меланома распространилась через кровоток в другие части тела, отдаленные участки кожи и мягкие ткани. Поражены отдаленные лимфатические узлы и другие органы.</Text>	
			</GameDBLocalizedString>
			<!-- Diagnoses - Adrenal Gland Cancer -->
			<GameDBLocalizedString>      
		<LocID>DIA_ONCO_AGC1_0</LocID>                         
		<Text>Феохромоцитома (начальная)</Text>	
		</GameDBLocalizedString>
		
        <GameDBLocalizedString>      
		<LocID>DIA_ONCO_AGC1_0_DESC</LocID>             
		<Text>Феохромоцитома - это редкая опухоль ткани надпочечников. Приводит к избыточной выработке адреналина и норадреналина с характерными кризами. Во время приступа появляются чувство страха, беспокойство, дрожь, озноб, бледность кожных покровов, головная боль, боль за грудиной, в области сердца, тахикардия, экстрасистолия, тошнота, рвота, повышение температуры тела, потливость, сухость во рту.\n Сейчас опухоль обнаружена на ранней стадии в надпочечниках. </Text>	
		</GameDBLocalizedString>
		
		<GameDBLocalizedString>      
		<LocID>DIA_ONCO_AGC1_1</LocID>                         
		<Text>Феохромоцитома (локально распространилась)</Text>	
		</GameDBLocalizedString>
		
        <GameDBLocalizedString>      
		<LocID>DIA_ONCO_AGC1_1_DESC</LocID>             
		<Text>Феохромоцитома - это редкая опухоль ткани надпочечников. Приводит к избыточной выработке адреналина и норадреналина с характерными кризами. Во время приступа появляются чувство страха, беспокойство, дрожь, озноб, бледность кожных покровов, головная боль, боль за грудиной, в области сердца, тахикардия, экстрасистолия, тошнота, рвота, повышение температуры тела, потливость, сухость во рту.\n Сейчас рак распространился от изночального места к окружающим тканям и лимфатическим узлам.</Text>	
		</GameDBLocalizedString>
		
		<GameDBLocalizedString>      
		<LocID>DIA_ONCO_AGC1_2</LocID>                         
		<Text>Феохромоцитома (запущенная)</Text>	
		</GameDBLocalizedString>
		
        <GameDBLocalizedString>      
		<LocID>DIA_ONCO_AGC1_2_DESC</LocID>             
		<Text>Феохромоцитома - это редкая опухоль ткани надпочечников. Приводит к избыточной выработке адреналина и норадреналина с характерными кризами. Во время приступа появляются чувство страха, беспокойство, дрожь, озноб, бледность кожных покровов, головная боль, боль за грудиной, в области сердца, тахикардия, экстрасистолия, тошнота, рвота, повышение температуры тела, потливость, сухость во рту.\n Рак распространился к отдаленным частям тела.</Text>	
		</GameDBLocalizedString>
		<!-- Diagnoses - Lung Cancer -->
		<GameDBLocalizedString>      
		<LocID>DIA_ONCO_LC_0</LocID>                         
		<Text>Рак легких (начальный)</Text>	
		</GameDBLocalizedString>
		
        <GameDBLocalizedString>      
		<LocID>DIA_ONCO_LC_0_DESC</LocID>             
		<Text>Рак легких (NSCLC) начинается, когда здоровые клетки в легких изменяются и выходят из-под контроля, образуя массу, называемую опухолью, поражением или узелком. Опухоль может начаться в любом месте легкого.\n На данной стадии опухоль до 3 см в наибольшем измерении, расположена в одном сегменте лёгкого или в пределах сегментарного бронха. Метастазов нет.</Text>	
		</GameDBLocalizedString>
		
		<GameDBLocalizedString>      
		<LocID>DIA_ONCO_LC_1</LocID>                         
		<Text>Рак легких (локально распространился)</Text>	
		</GameDBLocalizedString>
		
        <GameDBLocalizedString>      
		<LocID>DIA_ONCO_LC_1_DESC</LocID>             
		<Text>Рак легких (NSCLC) начинается, когда здоровые клетки в легких изменяются и выходят из-под контроля, образуя массу, называемую опухолью, поражением или узелком. Опухоль может начаться в любом месте легкого.\n На этой стадии опухоль до 6 см в наибольшем измерении, расположена в одном сегменте лёгкого или в пределах сегментарного бронха. Наблюдаются единичные метастазы в пульмональных и бронхопульмональных лимфатических узлах.</Text>	
		</GameDBLocalizedString>
		
		<GameDBLocalizedString>      
		<LocID>DIA_ONCO_LC_2</LocID>                         
		<Text>Рак легких (запущенный)</Text>	
		</GameDBLocalizedString>
		
        <GameDBLocalizedString>      
		<LocID>DIA_ONCO_LC_2_DESC</LocID>             
		<Text>Рак легких (NSCLC) начинается, когда здоровые клетки в легких изменяются и выходят из-под контроля, образуя массу, называемую опухолью, поражением или узелком. Опухоль может начаться в любом месте легкого.\n Рак прогрессировал за пределы лёгкого с распространением на соседние органы и обширными местными и отдалёнными метастазами, присоединяется плеврит и/или перикардит.</Text>	
		</GameDBLocalizedString>
		
		<GameDBLocalizedString>      
		<LocID>DIA_ONCO_LC1_0</LocID>                         
		<Text>Мелкоклеточный рак легких (локальный)</Text>	
		</GameDBLocalizedString>
		
        <GameDBLocalizedString>      
		<LocID>DIA_ONCO_LC1_0_DESC</LocID>             
		<Text>Мелкоклеточный рак лёгкого (SCLC) принадлежит к числу самых злокачественных опухолей. Он отличается коротким анамнезом, скрытым и быстрым протеканием, ранним метастазированием, плохим прогнозом. SCLC начинается в нервных клетках или гормон-продуцирующих клетках легких. Термин «мелкая клетка» относится к размеру и форме раковых клеток, видимым под микроскопом.\n Локальная стадия рака находится только в одной части грудной клетки, и лучевая терапия еще может помочь пациенту.</Text>	
		</GameDBLocalizedString>
		
		<GameDBLocalizedString>      
		<LocID>DIA_ONCO_LC1_1</LocID>                         
		<Text>Мелкоклеточный рак легких (обширная стадия)</Text>	
		</GameDBLocalizedString>
		
        <GameDBLocalizedString>      
		<LocID>DIA_ONCO_LC1_1_DESC</LocID>             
		<Text>Мелкоклеточный рак лёгкого (SCLC) принадлежит к числу самых злокачественных опухолей. Он отличается коротким анамнезом, скрытым и быстрым протеканием, ранним метастазированием, плохим прогнозом. SCLC начинается в нервных клетках или гормон-продуцирующих клетках легких. Термин «мелкая клетка» относится к размеру и форме раковых клеток, видимым под микроскопом.\n В обширной стадии рак распространился на другое легкое, кость, мозг или костный мозг.</Text>	
		</GameDBLocalizedString>
		
		<!-- -->
		
		<GameDBLocalizedString>      
		<LocID>DIA_ONCO_BC1_0</LocID>                         
		<Text>Рак прямой кишки (начальный)</Text>	
		</GameDBLocalizedString>
		
        <GameDBLocalizedString>      
		<LocID>DIA_ONCO_BC1_0_DESC</LocID>             
		<Text>Аденокарцинома прямой кишки составляет 95 процентов всех случаев колоректального рака. В желудочно-кишечном тракте в клетках слизистой оболочки толстой кишки развиваются аденокарциномы прямой и толстой кишки. Новообразования обычно начинаются как рост ткани, называемой полипом. Определенный тип полипа, называемый аденомой, может развиться в рак.\n Обнаруженный рак ограничен стенкой кишечника или может распространиться на наружную поверхность стенки кишечника. </Text>	
		</GameDBLocalizedString>
		
		<GameDBLocalizedString>      
		<LocID>DIA_ONCO_BC1_1</LocID>                         
		<Text>Рак прямой кишки (локально распространился)</Text>	
		</GameDBLocalizedString>
		
        <GameDBLocalizedString>      
		<LocID>DIA_ONCO_BC1_1_DESC</LocID>             
		<Text>Аденокарцинома прямой кишки составляет 95 процентов всех случаев колоректального рака. В желудочно-кишечном тракте в клетках слизистой оболочки толстой кишки развиваются аденокарциномы прямой и толстой кишки. Новообразования обычно начинаются как рост ткани, называемой полипом. Определенный тип полипа, называемый аденомой, может развиться в рак.\n Рак распространился в лимфатические узлы вблизи кишечника.</Text>	
		</GameDBLocalizedString>
		
		<GameDBLocalizedString>      
		<LocID>DIA_ONCO_BC1_2</LocID>                         
		<Text>Рак прямой кишки (запущенный)</Text>	
		</GameDBLocalizedString>
		
        <GameDBLocalizedString>      
		<LocID>DIA_ONCO_BC1_2_DESC</LocID>             
		<Text>Аденокарцинома прямой кишки составляет 95 процентов всех случаев колоректального рака. В желудочно-кишечном тракте в клетках слизистой оболочки толстой кишки развиваются аденокарциномы прямой и толстой кишки. Новообразования обычно начинаются как рост ткани, называемой полипом. Определенный тип полипа, называемый аденомой, может развиться в рак. Рак обнаружен в отдаленных местах и ​​распространился.</Text>	
		</GameDBLocalizedString>
		
		<GameDBLocalizedString>      
		<LocID>DIA_ONCO_AGC2_0</LocID>                         
		<Text>Адренокортикальная карцинома (начальная)</Text>	
		</GameDBLocalizedString>
		
        <GameDBLocalizedString>      
		<LocID>DIA_ONCO_AGC2_0_DESC</LocID>             
		<Text>Адренокортикальная карцинома - это редкое заболевание, при котором злокачественные клетки образуются во внешнем слое надпочечника.\n Обнаруженная, опухоль размером 5 сантиметров или меньше и находится только в надпочечнике. </Text>	
		</GameDBLocalizedString>
		
		<GameDBLocalizedString>      
		<LocID>DIA_ONCO_AGC2_1</LocID>                         
		<Text>Адренокортикальная карцинома (локально распространилась)</Text>	
		</GameDBLocalizedString>
		
        <GameDBLocalizedString>      
		<LocID>DIA_ONCO_AGC2_1_DESC</LocID>             
		<Text>Адренокортикальная карцинома - это редкое заболевание, при котором злокачественные клетки образуются во внешнем слое надпочечника.\n Крупная опухоль распространилась на близлежащие лимфатические узлы, ткани, органы (почка, диафрагма, поджелудочная железа, селезенка или печень) или на крупные кровеносные сосуды (почечная вена или полая вена).</Text>	
		</GameDBLocalizedString>
		
		<GameDBLocalizedString>      
		<LocID>DIA_ONCO_AGC2_2</LocID>                         
		<Text>Адренокортикальная карцинома (запущенная)</Text>	
		</GameDBLocalizedString>
		
        <GameDBLocalizedString>      
		<LocID>DIA_ONCO_AGC2_2_DESC</LocID>             
		<Text>Адренокортикальная карцинома - это редкое заболевание, при котором злокачественные клетки образуются во внешнем слое надпочечника.\n Опухоль распространилась на близлежащие лимфатические узлы и другие части тела, такие как легкие, кости и брюшина.</Text>	
		</GameDBLocalizedString>
		
		<GameDBLocalizedString>      
		<LocID>DIA_ONCO_MC001_0</LocID>                         
		<Text>Нейроэндокриная опухоль ЖКТ (начальная)</Text>	
		</GameDBLocalizedString>
		
        <GameDBLocalizedString>      
		<LocID>DIA_ONCO_MC001_0_DESC</LocID>             
		<Text>Нейроэндокринные опухоли - это новообразования, которые возникают из клеток эндокринной (гормональной) и нервной систем. Многие доброкачественные, а некоторые злокачественные. Они чаще всего встречаются в кишечнике, где их часто называют карциноидными опухолями, но также обнаруживаются в поджелудочной железе, легких и остальной части тела.\n В локальной стадии опухоль меньше 4 см и выросла до мембраны, соединяющей аппендикс со стенкой живота.</Text>	
		</GameDBLocalizedString>
		
		<GameDBLocalizedString>      
		<LocID>DIA_ONCO_MC001_1</LocID>                         
		<Text>Нейроэндокриная опухоль ЖКТ (запущеная)</Text>	
		</GameDBLocalizedString>
		
        <GameDBLocalizedString>      
		<LocID>DIA_ONCO_MC001_1_DESC</LocID>             
		<Text>Нейроэндокринные опухоли - это новообразования, которые возникают из клеток эндокринной (гормональной) и нервной систем. Многие доброкачественные, а некоторые злокачественные. Они чаще всего встречаются в кишечнике, где их часто называют карциноидными опухолями, но также обнаруживаются в поджелудочной железе, легких и остальной части тела.\n Опухоль проросла через брюшину и проникла в близлежащие органы. </Text>	
		</GameDBLocalizedString>
		
		<GameDBLocalizedString>      
		<LocID>DIA_ONCO_BLC01_0</LocID>                         
		<Text>Острый лейкоз (Пре-B-ОЛЛ)</Text>	
		</GameDBLocalizedString>
		
        <GameDBLocalizedString>      
		<LocID>DIA_ONCO_BLC01_0_DESC</LocID>             
		<Text>Pre-B-Острый лимфоцитарный лейкоз (Пре-В-ОЛЛ) - это тип рака, который поражает кровь и костный мозг. ОЛЛ характеризуется перепроизводством незрелых лейкоцитов, называемых лимфобластами или лейкозными бластами. Поскольку костный мозг не способен вырабатывать достаточное количество эритроцитов, нормальных белых клеток и тромбоцитов, люди с ОЛЛ становятся более восприимчивыми к анемии, рецидивирующим инфекциям и кровотечению. В 75-80% случаев, ОЛЛ возникает в B-лимфоцитах на ранних стадиях развития в костном мозге. Поэтому заболевание называют В-клеткой-предшественником ОЛЛ или Пре-B-ОЛЛ.</Text>	
		</GameDBLocalizedString>
		
		<GameDBLocalizedString>      
		<LocID>DIA_ONCO_BLC01_1</LocID>                         
		<Text>Острый лейкоз(В-ОЛЛ)</Text>	
		</GameDBLocalizedString>
		
        <GameDBLocalizedString>      
		<LocID>DIA_ONCO_BLC01_1_DESC</LocID>             
		<Text>B-клеточный острый лимфоцитарный лейкоз, также известный как острый лимфобластный лейкоз Бёркита (B-ОЛЛ) или острый лимфобластный лейкоз (ОЛЛ) у зрелых B-клеток - это рак, который поражает ваши "B-лимфоциты" - белые клетки крови которые растут в мягком центре ваших костей, называемых костным мозгом. Этот тип ОЛЛ встречается реже, составляя около 3-5% всех случаев заболевания среди взрослых. Отличительной чертой зрелых В-клеток ОЛЛ является наличие поверхностного иммуноглобулина на лимфобластах. Используя традиционные схемы, только 30-40% пациентов достигают полной ремиссии, и лишь немногие пациенты выживают в течение длительного времени.</Text>	
		</GameDBLocalizedString>
		
		<GameDBLocalizedString>      
		<LocID>DIA_ONCO_BLC01_2</LocID>                         
		<Text>Острый лейкоз (T-ОЛЛ)</Text>	
		</GameDBLocalizedString>
		
        <GameDBLocalizedString>      
		<LocID>DIA_ONCO_BLC01_2_DESC</LocID>             
		<Text>Т-клеточный острый лимфоцитарный лейкоз (T-ОЛЛ) - это агрессивный и быстро прогрессирующий тип острого лейкоза. Он влияет на стволовые клетки производящие лимфоидные клетки, в частности, на тип лейкоцитов, называемых Т-лимфоцитами, в отличие от острого лимфобластного лейкоза (ОЛЛ), который обычно поражает В-лимфоциты. </Text>	
		</GameDBLocalizedString>
		
		<GameDBLocalizedString>      
		<LocID>DIA_ONCO_BLC02_A</LocID>                         
		<Text>Хронический лейкоз (Стабильный)</Text>	
		</GameDBLocalizedString>
		
        <GameDBLocalizedString>      
		<LocID>DIA_ONCO_BLC02_A_DESC</LocID>             
		<Text>Хронический лимфоцитарный лейкоз (ХЛЛ) (стабильный) - это тип медленно растущего лейкоза, который поражает развивающиеся В-лимфоциты. В нормальных условиях они производят иммуноглобулины (также называемые антителами), которые помогают защитить наш организм от инфекций и болезней. У людей с ХЛЛ лимфоциты подвергаются злокачественному (злокачественному) изменению и становятся лейкозными клетками. Важно подчеркнуть, что для многих людей ХЛЛ остается стабильным в течение многих месяцев и лет и практически не влияет на их образ жизни или общее состояние здоровья.  </Text>	
		</GameDBLocalizedString>
		
		<GameDBLocalizedString>      
		<LocID>DIA_ONCO_BLC02_B</LocID>                         
		<Text>Хронический лейкоз (прогрессирующий)</Text>	
		</GameDBLocalizedString>
		
        <GameDBLocalizedString>      
		<LocID>DIA_ONCO_BLC02_B_DESC</LocID>             
		<Text>Хронический лимфоцитарный лейкоз (ХЛЛ) (стабильный) - это тип медленно растущего лейкоза, который поражает развивающиеся В-лимфоциты. В нормальных условиях они производят иммуноглобулины (также называемые антителами), которые помогают защитить наш организм от инфекций и болезней. У людей с ХЛЛ лимфоциты подвергаются злокачественному (злокачественному) изменению и становятся лейкозными клетками. Важно подчеркнуть, что для многих людей ХЛЛ остается стабильным в течение многих месяцев и лет и практически не влияет на их образ жизни или общее состояние здоровья. </Text>	
		</GameDBLocalizedString>
		
		<GameDBLocalizedString>      
		<LocID>DIA_ONCO_BLC03_0</LocID>                         
		<Text>Т-клеточный крупнозернистый лейкоз (T-LGL)</Text>	
		</GameDBLocalizedString>
		
        <GameDBLocalizedString>      
		<LocID>DIA_ONCO_BLC03_0_DESC</LocID>             
		<Text>Т-клеточный крупнозернистый лимфоцитарный лейкоз (LGL) - это тип хронического лейкоза, поражающего лимфоциты. Лимфоциты являются частью иммунной системы организма и помогают бороться с определенными инфекциями. LGL характеризуется увеличенными лимфоцитами, содержащими заметные гранулы, которые можно увидеть, когда кровь исследуют под микроскопом.\n Т-клеточный лейкоз гранулярного лимфоцита (LGL) представляет собой клональную пролиферацию цитотоксических Т-клеток, которая вызывает нейтропению, анемию и / или тромбоцитопению. Это состояние часто связано с аутоиммунными расстройствами, особенно ревматоидным артритом, и другими лимфопролиферативными расстройствами. </Text>	
		</GameDBLocalizedString>
		
		<GameDBLocalizedString>      
		<LocID>DIA_ONCO_BLC03_1</LocID>                         
		<Text>НК-клеточный крупнозернистый лейкоз (NK-LGL)</Text>	
		</GameDBLocalizedString>
		
        <GameDBLocalizedString>      
		<LocID>DIA_ONCO_BLC03_1_DESC</LocID>             
		<Text>НК-клеточный крупнозернистый лимфоцитарный лейкоз (LGL) - это тип хронического лейкоза, поражающего лимфоциты. Лимфоциты являются частью иммунной системы организма и помогают бороться с определенными инфекциями. LGL характеризуется увеличенными лимфоцитами, содержащими заметные гранулы, которые можно увидеть, когда кровь исследуют под микроскопом.\n Большинство случаев NK-клеточной лейкемии бессимптомно, но пациенты с агрессивным вариантом обычно имеют гепатомегалию и спленомегалию. Около трети страдают лимфаденопатией, также может происходить экстранодальное вовлечение. В среднем пациенты моложе, чем пациенты с Т-клеточным лейкозом LGL.</Text>	
		</GameDBLocalizedString>
		
		<GameDBLocalizedString>      
		<LocID>DIA_ONCO_BLC03_2</LocID>                         
		<Text>Т-клеточный пролимфоцитарный лейкоз</Text>	
		</GameDBLocalizedString>
		
        <GameDBLocalizedString>      
		<LocID>DIA_ONCO_BLC03_2_DESC</LocID>             
		<Text>Т-клеточный пролимфоцитарный лейкоз (T-PLL) является чрезвычайно редким и типично агрессивным раком, который характеризуется неконтролируемым ростом зрелых Т-клеток (Т-лимфоцитов). Т-клетки - это тип лейкоцитов, который защищает организм от инфекций. T-PLL поражает пожилых людей и чаще встречается у мужчин, чем у женщин. Каждая клетка, которая возникает из начальной клетки лейкемии, также имеет ту же мутированную ДНК. В результате со временем количество лейкозных клеток увеличивается и может перемещаться в крови в другие места, включая костный мозг, селезенку, печень, лимфатические узлы и иногда кожу. </Text>	
		</GameDBLocalizedString>
		
		<GameDBLocalizedString>      
		<LocID>DIA_ONCO_BLC04_0</LocID>                         
		<Text>Острый миелолейкоз</Text>	
		</GameDBLocalizedString>
		
        <GameDBLocalizedString>      
		<LocID>DIA_ONCO_BLC04_0_DESC</LocID>             
		<Text>Острый миелоидный лейкоз развивается, когда организм вырабатывает слишком много незрелых лейкоцитов, известных как миелоидные бластные клетки, также называемые миелобластами. Миелобласты бесконтрольной делятся и никогда не созревают в нормальные клетки. Аномальные бластные клетки известны как лейкозные клетки. Поскольку лейкозные клетки незрелые и аномальные, они не выполняют обычную функцию борьбы с инфекцией белых кровяных клеток. Они также вытесняют нормальные лейкоциты, которые затем не могут работать должным образом. Это увеличивает риск инфекций. </Text>	
		</GameDBLocalizedString>
		
		<GameDBLocalizedString>      
		<LocID>DIA_ONCO_BLC05_A</LocID>                         
		<Text>Хронический миелолейкоз (стабильный)</Text>	
		</GameDBLocalizedString>
		
        <GameDBLocalizedString>      
		<LocID>DIA_ONCO_BLC05_A_DESC</LocID>             
		<Text>Хронический миелолейкоз (ХМЛ) - это вид рака, который поражает кровь и костный мозг. При ХМЛ костный мозг продуцирует слишком много белых клеток, называемых гранулоцитами. Эти клетки (иногда называемые бластами или лейкозными бластами) постепенно заполняют костный мозг, мешая нормальной выработке клеток крови. Они также выливаются из костного мозга и циркулируют по всему телу в кровотоке. Поскольку они не полностью зрелые, они не могут правильно бороться с инфекциями. Со временем нехватка эритроцитов и тромбоцитов может вызвать анемию и кровотечение. В целом, ХМЛ является редким заболеванием, на которое приходится около 0,03% всех диагностированных раковых заболеваний. Многие люди с хроническим миелолейкозом (ХМЛ) не имеют симптомов.\n В стабильной фазе количество лейкоцитов повышено, в крови и костном мозге обнаруживается небольшое количество незрелых клеток, называемых бластными клетками.</Text>	
		</GameDBLocalizedString>
		
		<GameDBLocalizedString>      
		<LocID>DIA_ONCO_BLC05_B</LocID>                         
		<Text>Хронический миелолейкоз (прогрессирующий)</Text>	
		</GameDBLocalizedString>
		
        <GameDBLocalizedString>      
		<LocID>DIA_ONCO_BLC05_B_DESC</LocID>             
		<Text>Хронический миелолейкоз (ХМЛ) - это вид рака, который поражает кровь и костный мозг. При ХМЛ костный мозг продуцирует слишком много белых клеток, называемых гранулоцитами. Эти клетки (иногда называемые бластами или лейкозными бластами) постепенно заполняют костный мозг, мешая нормальной выработке клеток крови. Они также выливаются из костного мозга и циркулируют по всему телу в кровотоке. Поскольку они не полностью зрелые, они не могут правильно бороться с инфекциями. Со временем нехватка эритроцитов и тромбоцитов может вызвать анемию и кровотечение. В целом, ХМЛ является редким заболеванием, на которое приходится около 0,03% всех диагностированных раковых заболеваний. Многие люди с хроническим миелолейкозом (ХМЛ) не имеют симптомов.\n В прогрессирующей фазе число незрелых бластных клеток возросло, и иногда, помимо Ph-хромосомы, могут происходить новые хромосомные изменения. </Text>	
		</GameDBLocalizedString>
		
		<GameDBLocalizedString>      
		<LocID>DIA_ONCO_BLC05_C</LocID>                         
		<Text>Хронический миелолейкоз (взрывной)</Text>	
		</GameDBLocalizedString>
		
        <GameDBLocalizedString>      
		<LocID>DIA_ONCO_BLC05_C_DESC</LocID>             
		<Text>Хронический миелолейкоз (ХМЛ) - это вид рака, который поражает кровь и костный мозг. При ХМЛ костный мозг продуцирует слишком много белых клеток, называемых гранулоцитами. Эти клетки (иногда называемые бластами или лейкозными бластами) постепенно заполняют костный мозг, мешая нормальной выработке клеток крови. Они также выливаются из костного мозга и циркулируют по всему телу в кровотоке. Поскольку они не полностью зрелые, они не могут правильно бороться с инфекциями. Со временем нехватка эритроцитов и тромбоцитов может вызвать анемию и кровотечение. В целом, ХМЛ является редким заболеванием, на которое приходится около 0,03% всех диагностированных раковых заболеваний. Многие люди с хроническим миелолейкозом (ХМЛ) не имеют симптомов.\n Рак вышел из под контролля. Взрывная фаза появляется и ведет себя как острая форма миелолейкоза.</Text>	
		</GameDBLocalizedString>
		
		<GameDBLocalizedString>      
		<LocID>DIA_ONCO_BLC06_0</LocID>                         
		<Text>Волосатоклеточный лейкоз</Text>	
		</GameDBLocalizedString>
		
        <GameDBLocalizedString>      
		<LocID>DIA_ONCO_BLC06_0_DESC</LocID>             
		<Text>Волосатоклеточный лейкоз (HCL) - это редкий тип хронической лейкемии лимфоидной системы, при которой аномальные В-лимфоциты накапливаются в костном мозге, печени и селезенке. Под микроскопом видно, что эти клетки имеют крошечные волосяные выступы на поверхности, отсюда и название «волосатая клетка».</Text>	
		</GameDBLocalizedString>

		<GameDBLocalizedString>      
		<LocID>DIA_ONCO_BLC06_1</LocID>                         
		<Text>Вариативный волосатоклеточный лейкоз (HCL-V)</Text>	
		</GameDBLocalizedString>
		
        <GameDBLocalizedString>      
		<LocID>DIA_ONCO_BLC06_1_DESC</LocID>             
		<Text>Вариативный волосатоклеточный лейкоз (HCL-V) определяется как редкая и вялая форма малой зрелой В-клеточной лейкемии, характеризующейся спленомегалией, повышенным количеством лейкоцитов и гиперклеточным костным мозгом. HCL-V более агрессивен и устойчив к терапии, чем классический HCL. Ранее считалось, что HCL-V является подтипом HCL, но в 2008 году Всемирная организация здравоохранения пришла к выводу, что он является отдельным субъектом от HCL и биологически отличается. HCL-V встречается реже, чем HCL, и имеет другое клиническое течение.</Text>	
		</GameDBLocalizedString>
		
	</LocalizedStrings>
	</GameDBStringTable>
</Database>

