<Database>

<GameDBStringTable ID="LOC_FR_ADDON_ONCO_BUILDING_MODE">
<LanguageCode>fr</LanguageCode>
<LanguageNameLocalized>Français</LanguageNameLocalized>
<Contributors>
<Name>Nico57970</Name>
</Contributors>

<LocalizedStrings>
	<GameDBLocalizedString>      
		<LocID>ROOM_TYPE_ONCO_OFFICE</LocID>                          	
		<Text>Cabinet d'Oncologie</Text>   
	</GameDBLocalizedString>
	<GameDBLocalizedString>      
		<LocID>ROOM_TYPE_ONCO_OFFICE_DESCRIPTION</LocID>              	
		<Text>Le cabinet d'oncologie est un cabinet ambulatoire de diagnostic commun. \n\nMin .Personnel Requis:\n1x Docteur</Text>  
	</GameDBLocalizedString>

	<GameDBLocalizedString>      
		<LocID>OBJECT_DECAL_MOD_ONCO</LocID>       			
		<Text>Oncologie A</Text>  
	</GameDBLocalizedString>
			
    <GameDBLocalizedString>      
		<LocID>OBJECT_DECAL_MOD_DESC</LocID>       
		<Text>Autocollant mural</Text>  
	</GameDBLocalizedString>
	
	<GameDBLocalizedString>      
		<LocID>OBJECT_DECAL_MOD_ONCO1</LocID>       			
		<Text>Oncologie B</Text>  
	</GameDBLocalizedString>
	
	<GameDBLocalizedString>      
		<LocID>OBJECT_DECAL_MOD_ONCO2</LocID>       			
		<Text>Oncologie C</Text>  
	</GameDBLocalizedString>
	
	<GameDBLocalizedString>      
		<LocID>OBJECT_DECAL_MOD_ONCO3</LocID>       			
		<Text>Oncologie D</Text>  
	</GameDBLocalizedString>
	
	<!-- ### ### -->
	<!-- ######################################## V0.13 Below ######################################## -->
	<!-- ### ### -->
	
	<GameDBLocalizedString>
		<LocID>ROOM_TYPE_INPATIENT_ONCO_OFFICE</LocID>                               
		<Text>Unité de diagnostique</Text>   
	</GameDBLocalizedString>
            
	<GameDBLocalizedString>      
		<LocID>ROOM_TYPE_INPATIENT_ONCO_OFFICE_DESC</LocID>                   
		<Text>L'unité de diagnostique du département d'Oncologie fournit les procédures d'examens et de traitements aux	patients hospitalisés. \n\nMin. Personnel requis: \n1x Docteur \n(Personnel basé dans la salle de veille)</Text>
	</GameDBLocalizedString>
	
	<GameDBLocalizedString>
		<LocID>ROOM_TYPE_ONCO_NEURODIAGNOSTIC_UNIT_NE</LocID>                   
		<Text>Unité de neurologie</Text>  
	</GameDBLocalizedString>
	
	<GameDBLocalizedString>      
		<LocID>ROOM_TYPE_ONCO_NEURODIAGNOSTIC_UNIT_NE_DESC</LocID>       
		<Text>L'unité de neurologie fournit les examens neurologique spécialisé dans l'oncologie. \n\nMin. Personnel requis: \n1x Technicien - Neurologiste</Text>  
	</GameDBLocalizedString>
	
	<GameDBLocalizedString>      
		<LocID>ROOM_TYPE_DIAGNOSTIC_SONOGRAPHY_UNIT_ONCO</LocID>                     
		<Text>Unité d'échographie</Text>  
	</GameDBLocalizedString>
            
	<GameDBLocalizedString>      
		<LocID>ROOM_TYPE_DIAGNOSTIC_SONOGRAPHY_UNIT_ONCO_DESCRIPTION</LocID>         
		<Text>L'unité d'échographie fournit des examens et des traitements spécifiques à base d'échographie. \n\nMin. Personnel requis: \n1x Technicien - Echographiste</Text>  
	</GameDBLocalizedString>
       
	<!-- ### ### -->
	<!-- ######################################## V0.13.2.0 Below ######################################## -->
	<!-- ### ### -->
            
	<GameDBLocalizedString>      
		<LocID>MOD_ONCO_OBJECT_PICT01</LocID>                               
		<Text>Cadre Oncologie A</Text>  
	</GameDBLocalizedString>
	
    <GameDBLocalizedString>      
		<LocID>MOD_ONCO_OBJECT_PICT01_DESC</LocID>                   
		<Text>Une image encadrée pour rappeler aux patients de ne jamais perdre espoir.</Text>  
	</GameDBLocalizedString>
    
	<GameDBLocalizedString>      
		<LocID>MOD_ONCO_OBJECT_PICT02</LocID>                               
		<Text>Cadre Oncologie B</Text>  
	</GameDBLocalizedString>
	
    <GameDBLocalizedString>      
		<LocID>MOD_ONCO_OBJECT_PICT02_DESC</LocID>                   
		<Text>Une image encadrée pour rappeler aux patients de ne jamais perdre espoir.</Text>  
	</GameDBLocalizedString>
	
	<GameDBLocalizedString>      
		<LocID>MOD_ONCO_OBJECT_CUBE1</LocID>                               
		<Text>Meuble "Cube"  A</Text>  
	</GameDBLocalizedString>
	
    <GameDBLocalizedString>      
		<LocID>MOD_ONCO_OBJECT_CUBE1_DESC</LocID>                   
		<Text>Une meuble formant quatre cubes.</Text>  
	</GameDBLocalizedString>
	
	<GameDBLocalizedString>      
		<LocID>MOD_ONCO_OBJECT_CUBE2</LocID>                               
		<Text>Meuble "Cube" B</Text>  
	</GameDBLocalizedString>
	
    <GameDBLocalizedString>      
		<LocID>MOD_ONCO_OBJECT_CUBE2_DESC</LocID>                   
		<Text>Une meuble formant quatre cubes.</Text>  
	</GameDBLocalizedString>
	
	<GameDBLocalizedString>      
		<LocID>MOD_ONCO_OBJECT_PLANT01</LocID>                               
		<Text>Plante en pot</Text>  
	</GameDBLocalizedString>
	
    <GameDBLocalizedString>      
		<LocID>MOD_ONCO_OBJECT_PLANT01_DESC</LocID>                   
		<Text>Une belle plante en pot.</Text>  
	</GameDBLocalizedString>	   


</LocalizedStrings>
</GameDBStringTable>
</Database>