<Database>
	<!-- Oncology Mod by Sleepy068 -->
    <GameDBStringTable ID="LOC_EN_ADDON_ONCOLOGYSL_EXAMINATIONS">

        <LanguageCode>en</LanguageCode>
        <LanguageNameLocalized>English</LanguageNameLocalized>

        <Contributors>
            <Name>Sleepy068</Name>
        </Contributors>

        <LocalizedStrings>
		<!-- ### ### -->
		<!-- ######################################## Content for V0.15.0.0 Added Below ######################################## -->
		<!-- ### ### -->
		
		<!-- ======================================== -->
		<!-- ============= Core Content ============= -->
		<!-- ======================================== -->
		
		
		<!-- ============================================== -->
		<!-- ============= CRP Export Content ============= -->
		<!-- ============================================== -->

		<GameDBLocalizedString>    
			<LocID>EXM_CRP_OVARIAN_BIOPSY_SAMPLE</LocID>                               
			<Text>Ovarian Biopsy Sample</Text>  
		</GameDBLocalizedString>
		
		<GameDBLocalizedString>     
			<LocID>EXM_CRP_OVARIAN_BIOPSY_SAMPLE_DESC</LocID>                               
			<Text>There is currently no effective screening test for ovarian cancer. When a patient is suspected to have ovarian cancer the doctor will perform various tests to find any abnormalities that need to be followed up with a biopsy. The only way to confirm a diagnosis of ovarian cancer is by taking a tissue sample (biopsy) and looking at the cells under a microscope. \n\nRequired Lab: Histology</Text>  
		</GameDBLocalizedString>
		
		<GameDBLocalizedString>    
			<LocID>EXM_CRP_OVARIAN_BIOPSY_TEST</LocID>                               
			<Text>Ovarian Biopsy Test</Text>  
		</GameDBLocalizedString>
		
		<GameDBLocalizedString>     
			<LocID>EXM_CRP_OVARIAN_BIOPSY_TEST_DESC</LocID>                               
			<Text>Histology technicians are currently working with the sample provided by the patient. They should return their results soon.</Text>  
		</GameDBLocalizedString>
		
		<GameDBLocalizedString>    
			<LocID>EXM_CRP_VAGINAL_BIOPSY_SAMPLE</LocID>                               
			<Text>Vaginal Biopsy Sample</Text>  
		</GameDBLocalizedString>
		
		<GameDBLocalizedString>     
			<LocID>EXM_CRP_VAGINAL_BIOPSY_SAMPLE_DESC</LocID>                               
			<Text>Certain signs and symptoms may strongly suggest vaginal cancer, but many of them can be caused by other problems. The only way to be certain that it's cancer is to do a biopsy. In this procedure, a small piece of tissue from the suspicious area is removed. A technician specializing in diagnosing diseases with lab tests (Histology Lab Technician) will then look at the tissue sample under a microscope to see if cancer or a pre-cancerous condition is present and, if so, what type it is. \n\nRequired Lab: Histology</Text>  
		</GameDBLocalizedString>
		
		<GameDBLocalizedString>    
			<LocID>EXM_CRP_VAGINAL_BIOPSY_TEST</LocID>                               
			<Text>Vaginal Biopsy Test</Text>  
		</GameDBLocalizedString>
		
		<GameDBLocalizedString>     
			<LocID>EXM_CRP_VAGINAL_BIOPSY_TEST_DESC</LocID>                               
			<Text>Histology technicians are currently working with the sample provided by the patient. They should return their results soon.</Text>  
		</GameDBLocalizedString>
		
		<GameDBLocalizedString>    
			<LocID>EXM_CRP_SALIVARYGLAND_BIOPSY_SAMPLE</LocID>                               
			<Text>Salivary Gland Biopsy Sample</Text>  
		</GameDBLocalizedString>
		
		<GameDBLocalizedString>     
			<LocID>EXM_CRP_SALIVARYGLAND_BIOPSY_SAMPLE_DESC</LocID>                               
			<Text>A salivary gland biopsy involves the removal of cells or small pieces of tissue from one or more salivary glands in order to be examined in the laboratory. \n\nRequired Lab: Histology</Text>  
		</GameDBLocalizedString>
		
		<GameDBLocalizedString>    
			<LocID>EXM_CRP_SALIVARYGLAND_BIOPSY_TEST</LocID>                               
			<Text>Salivary Gland Biopsy Test</Text>  
		</GameDBLocalizedString>
		
		<GameDBLocalizedString>     
			<LocID>EXM_CRP_SALIVARYGLAND_BIOPSY_TEST_DESC</LocID>                               
			<Text>Histology technicians are currently working with the sample provided by the patient. They should return their results soon.</Text>  
		</GameDBLocalizedString>
		
</LocalizedStrings>
</GameDBStringTable>
</Database>