<Database>
	<!-- Oncology Mod by Sleepy068 -->
	<GameDBTreatment ID="TRT_SLP_IMIQUIMOD_CREAM"> <!-- $355 -->
        <AbbreviationLocID>TRT_SLP_IMIQUIMOD_CREAM_DESC</AbbreviationLocID>
        <DiscomfortLevel>Positive</DiscomfortLevel>
		
        <Procedure>
        <StaffSelectionRules>REQUIRED_ROOM_OR_DEFAULT_ROOM</StaffSelectionRules>
		
		<RequiredSkillsToPrescribe>
			<SkillRef>SKILL_DOC_QUALIF_GENERAL_MEDICINE</SkillRef>
		</RequiredSkillsToPrescribe>
		
		<RequiredDoctorQualificationList>
			<SkillRef>SKILL_DOC_QUALIF_GENERAL_MEDICINE</SkillRef>
		</RequiredDoctorQualificationList>

		<RequiredEquipmentList>
			<RequiredEquipment>
				<Tag>receipt</Tag>
			</RequiredEquipment>
		</RequiredEquipmentList>

		<RequiredRoomTags>
			<Tag>receipt</Tag>
		</RequiredRoomTags>
            
		<ProcedureScript>ProcedureScriptTreatmentReceipt</ProcedureScript>
        </Procedure>
		
        <TreatmentType>RECEIPT</TreatmentType>
		<PharmacyPickup>true</PharmacyPickup>
        <Cost>25</Cost>
        <DurationHours>0</DurationHours>
		<IconIndex>2021</IconIndex>
		
		<CustomIconBigAssetRef>ASSET_ONC_TRT_ICON_001</CustomIconBigAssetRef>
        <CustomIconSmallAssetRef>ASSET_ONC_TRT_ICON_002</CustomIconSmallAssetRef>
		
    </GameDBTreatment>

	<GameDBTreatment ID="TRT_SLP_PHOTODYNAMIC_THERAPY"> <!-- $415 -->
        <AbbreviationLocID>TRT_SLP_PHOTODYNAMIC_THERAPY_DESC</AbbreviationLocID>
        <DiscomfortLevel>Low</DiscomfortLevel>
		
        <Procedure>
        <StaffSelectionRules>REQUIRED_ROOM_OR_DEFAULT_ROOM</StaffSelectionRules>
		
		<RequiredSkillsToPrescribe>
			<SkillRef>SKILL_DOC_QUALIF_GENERAL_MEDICINE</SkillRef>
		</RequiredSkillsToPrescribe>
		
		<RequiredDoctorQualificationList>
			<SkillRef>SKILL_DOC_QUALIF_GENERAL_MEDICINE</SkillRef>
		</RequiredDoctorQualificationList>

        <RequiredEquipmentList>
            <RequiredEquipment>
                <Tag>sit_exam</Tag>
            </RequiredEquipment>
            <RequiredEquipment>
                <Tag>doc_equipment</Tag>
            </RequiredEquipment>
            <RequiredEquipment>
                <Tag>clean_hands</Tag>
			</RequiredEquipment>
		</RequiredEquipmentList>
		
		<RequiredRoomTags>
			<Tag>examinations_basic_equipment</Tag>
		</RequiredRoomTags>

		<ProcedureScript>ProcedureScriptTreatmentProcedure</ProcedureScript>
		
		<AnimationSetupSitting>
                <AnimationNameIn>stand_treatment_in</AnimationNameIn> <!--TODO tempAnim-->
                <AnimationNameIdle>stand_treatment_idle</AnimationNameIdle>
                <AnimationNameOut>stand_treatment_out</AnimationNameOut>
            </AnimationSetupSitting>
            <AnimationSetupLying>
                <AnimationNameIn>stand_treatment_in</AnimationNameIn> <!--TODO tempAnim-->
                <AnimationNameIdle>stand_treatment_idle</AnimationNameIdle>
                <AnimationNameOut>stand_treatment_out</AnimationNameOut>
            </AnimationSetupLying>

		<DressLevel>HALF</DressLevel>
		<DressLevelAfter>FULL</DressLevelAfter>
		</Procedure>
		
        <TreatmentType>PROCEDURE</TreatmentType>
        <Cost>50</Cost>
        <DurationHours>0</DurationHours>
		<IconIndex>1861</IconIndex>
		
		<CustomIconBigAssetRef>ASSET_ONC_TRT_ICON_003</CustomIconBigAssetRef>
        <CustomIconSmallAssetRef>ASSET_ONC_TRT_ICON_004</CustomIconSmallAssetRef>
		
    </GameDBTreatment>
	
	<GameDBTreatment ID="TRT_SL_DOCTORS_ADVICE"> <!-- $- -->
        <AbbreviationLocID>TRT_SL_DOCTORS_ADVICE_DESC</AbbreviationLocID>
        <DiscomfortLevel>None</DiscomfortLevel>
        <Procedure>
        <StaffSelectionRules>REQUIRED_ROOM_OR_DEFAULT_ROOM</StaffSelectionRules>

		<RequiredSkillsToPrescribe>
			<SkillRef>SKILL_DOC_QUALIF_GENERAL_MEDICINE</SkillRef>
		</RequiredSkillsToPrescribe>

		<RequiredDoctorQualificationList>
			<SkillRef>SKILL_DOC_QUALIF_GENERAL_MEDICINE</SkillRef>
		</RequiredDoctorQualificationList>
		
		<RequiredRoomTags>
			<Tag>receipt</Tag>
		</RequiredRoomTags>

		<ProcedureScript>ProcedureScriptTreatmentPrescription</ProcedureScript>

		<AnimationSetupSitting>
			<AnimationNameIn>sit_doc_recommendation_in</AnimationNameIn>
			<AnimationNameIdle>sit_doc_recommendation_idle</AnimationNameIdle>
			<AnimationNameOut>sit_doc_recommendation_out</AnimationNameOut>
		</AnimationSetupSitting>

		<DressLevel>FULL</DressLevel>
		<DressLevelAfter>FULL</DressLevelAfter>
        </Procedure>
        <TreatmentType>PRESCRIPTION</TreatmentType>
        <Cost>50</Cost>
        <IconIndex>1901</IconIndex>
        <DurationHours>0</DurationHours>
    </GameDBTreatment>

	<GameDBTreatment ID="TRT_SLP_CHEMOTHERAPY"> <!-- $3200 -->
        <AbbreviationLocID>TRT_SLP_CHEMOTHERAPY_DESC</AbbreviationLocID>
        <DiscomfortLevel>High</DiscomfortLevel>
        <Procedure>
            <StaffSelectionRules>REQUIRED_ROOM_OR_DEFAULT_ROOM</StaffSelectionRules>

            <RequiredSkillsToPrescribe>
                <SkillRef>SKILL_DOC_QUALIF_GENERAL_MEDICINE</SkillRef>
            </RequiredSkillsToPrescribe>

            <RequiredDoctorQualificationList>
                <SkillRef>SKILL_DOC_QUALIF_GENERAL_MEDICINE</SkillRef>
            </RequiredDoctorQualificationList>

            <RequiredRoomTags>
                <Tag>receipt</Tag>
            </RequiredRoomTags>

            <ProcedureScript>ProcedureScriptTreatmentReceipt</ProcedureScript>
        </Procedure>
		
        <TreatmentType>RECEIPT</TreatmentType>
        <ReceiptType>IV_BAG</ReceiptType>
        <Cost>50</Cost>
        <IconIndex>2055</IconIndex>
        <DurationHours>4</DurationHours>
        <HospitalizationTreatmentRef>TRT_HOSPITALIZATION_NORMAL</HospitalizationTreatmentRef>
        <AllowedWithAnyHospitalization>true</AllowedWithAnyHospitalization>
    </GameDBTreatment>
	
	<GameDBTreatment ID="TRT_SLP_HYPER_CVAD"> <!-- $5125 -->
        <AbbreviationLocID>TRT_SLP_HYPER_CVAD_DESC</AbbreviationLocID>
        <DiscomfortLevel>High</DiscomfortLevel>
        <Procedure>
            <StaffSelectionRules>REQUIRED_ROOM_OR_DEFAULT_ROOM</StaffSelectionRules>

            <RequiredSkillsToPrescribe>
                <SkillRef>SKILL_DOC_QUALIF_GENERAL_MEDICINE</SkillRef>
            </RequiredSkillsToPrescribe>

            <RequiredDoctorQualificationList>
                <SkillRef>SKILL_DOC_QUALIF_GENERAL_MEDICINE</SkillRef>
            </RequiredDoctorQualificationList>

            <RequiredRoomTags>
                <Tag>receipt</Tag>
            </RequiredRoomTags>

            <ProcedureScript>ProcedureScriptTreatmentReceipt</ProcedureScript>
        </Procedure>
		
        <TreatmentType>RECEIPT</TreatmentType>
        <ReceiptType>IV_BAG</ReceiptType>
        <Cost>50</Cost>
        <IconIndex>2055</IconIndex>
		
		<CustomIconBigAssetRef>ASSET_ONC_TRT_ICON_025</CustomIconBigAssetRef>
        <CustomIconSmallAssetRef>ASSET_ONC_TRT_ICON_026</CustomIconSmallAssetRef>
		
        <DurationHours>16</DurationHours>
        <HospitalizationTreatmentRef>TRT_HOSPITALIZATION_NORMAL</HospitalizationTreatmentRef>
        <AllowedWithAnyHospitalization>true</AllowedWithAnyHospitalization>
    </GameDBTreatment>

	<GameDBTreatment ID="TRT_SLP_TARGETED_THERAPY"> <!-- $920 -->
        <AbbreviationLocID>TRT_SLP_TARGETED_THERAPY_DESC</AbbreviationLocID>
        <DiscomfortLevel>Medium</DiscomfortLevel>
		
        <Procedure>
        <StaffSelectionRules>REQUIRED_ROOM_OR_DEFAULT_ROOM</StaffSelectionRules>
		
		<RequiredSkillsToPrescribe>
			<SkillRef>SKILL_DOC_QUALIF_GENERAL_MEDICINE</SkillRef>
		</RequiredSkillsToPrescribe>
		
		<RequiredDoctorQualificationList>
			<SkillRef>SKILL_DOC_QUALIF_GENERAL_MEDICINE</SkillRef>
		</RequiredDoctorQualificationList>

		<RequiredEquipmentList>
			<RequiredEquipment>
				<Tag>receipt</Tag>
			</RequiredEquipment>
		</RequiredEquipmentList>

		<RequiredRoomTags>
			<Tag>receipt</Tag>
		</RequiredRoomTags>
            
		<ProcedureScript>ProcedureScriptTreatmentReceipt</ProcedureScript>
        </Procedure>
		
        <TreatmentType>RECEIPT</TreatmentType>
		<PharmacyPickup>true</PharmacyPickup>
        <Cost>120</Cost>
        <DurationHours>0</DurationHours>
		<IconIndex>1159</IconIndex>
		
		<CustomIconBigAssetRef>ASSET_ONC_TRT_ICON_005</CustomIconBigAssetRef>
        <CustomIconSmallAssetRef>ASSET_ONC_TRT_ICON_006</CustomIconSmallAssetRef>
		
    </GameDBTreatment>
	
	<GameDBTreatment ID="TRT_SLP_IMMUNOTHERAPY_DRUGS"> <!-- $2296 -->
        <AbbreviationLocID>TRT_SLP_IMMUNOTHERAPY_DRUGS_DESC</AbbreviationLocID>
        <DiscomfortLevel>Low</DiscomfortLevel>
		
        <Procedure>
        <StaffSelectionRules>REQUIRED_ROOM_OR_DEFAULT_ROOM</StaffSelectionRules>
		
		<RequiredSkillsToPrescribe>
			<SkillRef>SKILL_DOC_QUALIF_GENERAL_MEDICINE</SkillRef>
		</RequiredSkillsToPrescribe>
		
		<RequiredDoctorQualificationList>
			<SkillRef>SKILL_DOC_QUALIF_GENERAL_MEDICINE</SkillRef>
		</RequiredDoctorQualificationList>

		<RequiredEquipmentList>
			<RequiredEquipment>
				<Tag>receipt</Tag>
			</RequiredEquipment>
		</RequiredEquipmentList>

		<RequiredRoomTags>
			<Tag>receipt</Tag>
		</RequiredRoomTags>
            
		<ProcedureScript>ProcedureScriptTreatmentReceipt</ProcedureScript>
        </Procedure>
		
        <TreatmentType>RECEIPT</TreatmentType>
		<PharmacyPickup>true</PharmacyPickup>
        <Cost>150</Cost>
        <DurationHours>0</DurationHours>
		<IconIndex>2021</IconIndex>
		
		<CustomIconBigAssetRef>ASSET_ONC_TRT_ICON_007</CustomIconBigAssetRef>
        <CustomIconSmallAssetRef>ASSET_ONC_TRT_ICON_008</CustomIconSmallAssetRef>
		
    </GameDBTreatment>
	
	<GameDBTreatment ID="TRT_SLP_EPIPEN"> <!-- $- -->
        <AbbreviationLocID>TRT_SLP_EPIPEN_DESC</AbbreviationLocID>
        <DiscomfortLevel>Positive</DiscomfortLevel>
        <Procedure>
		<StaffSelectionRules>REQUIRED_ROOM_OR_DEFAULT_ROOM</StaffSelectionRules>

		<RequiredSkillsToPrescribe>
			<SkillRef>SKILL_DOC_QUALIF_GENERAL_MEDICINE</SkillRef>
		</RequiredSkillsToPrescribe>

		<RequiredDoctorQualificationList>
			<SkillRef>SKILL_DOC_QUALIF_GENERAL_MEDICINE</SkillRef>
		</RequiredDoctorQualificationList>

		<RequiredEquipmentList>
			<RequiredRoomTags>
				<Tag>receipt</Tag>
			</RequiredRoomTags>
		</RequiredEquipmentList>

		<RequiredRoomTags>
			<Tag>receipt</Tag>
		</RequiredRoomTags>
            
		<ProcedureScript>ProcedureScriptTreatmentReceipt</ProcedureScript>
        </Procedure>
		
        <TreatmentType>RECEIPT</TreatmentType>
		<PharmacyPickup>false</PharmacyPickup>
        <Cost>150</Cost>
        <DurationHours>0</DurationHours>
		<IconIndex>2021</IconIndex>
		
		<CustomIconBigAssetRef>ASSET_ONC_TRT_ICON_009</CustomIconBigAssetRef>
        <CustomIconSmallAssetRef>ASSET_ONC_TRT_ICON_010</CustomIconSmallAssetRef>
		
        <IconIndex>1961</IconIndex>
        <DurationHours>0</DurationHours>
    </GameDBTreatment>
	
	<GameDBTreatment ID="TRT_SLP_MITOTANE"> <!-- $- -->
        <AbbreviationLocID>TRT_SLP_MITOTANE_DESC</AbbreviationLocID>
        <DiscomfortLevel>Positive</DiscomfortLevel>
		
        <Procedure>
        <StaffSelectionRules>REQUIRED_ROOM_OR_DEFAULT_ROOM</StaffSelectionRules>
		
		<RequiredSkillsToPrescribe>
			<SkillRef>SKILL_DOC_QUALIF_GENERAL_MEDICINE</SkillRef>
		</RequiredSkillsToPrescribe>
		
		<RequiredDoctorQualificationList>
			<SkillRef>SKILL_DOC_QUALIF_GENERAL_MEDICINE</SkillRef>
		</RequiredDoctorQualificationList>

		<RequiredEquipmentList>
			<RequiredEquipment>
				<Tag>receipt</Tag>
			</RequiredEquipment>
		</RequiredEquipmentList>

		<RequiredRoomTags>
			<Tag>receipt</Tag>
		</RequiredRoomTags>
            
		<ProcedureScript>ProcedureScriptTreatmentReceipt</ProcedureScript>
        </Procedure>
		
        <TreatmentType>RECEIPT</TreatmentType>
		<PharmacyPickup>true</PharmacyPickup>
        <Cost>60</Cost>
        <DurationHours>0</DurationHours>
		<IconIndex>2021</IconIndex>
		
		<CustomIconBigAssetRef>ASSET_ONC_TRT_ICON_011</CustomIconBigAssetRef>
        <CustomIconSmallAssetRef>ASSET_ONC_TRT_ICON_012</CustomIconSmallAssetRef>
		
    </GameDBTreatment>
	
	<GameDBTreatment ID="TRT_SLP_SPIRONOLACTONE"> <!-- $- -->
        <AbbreviationLocID>TRT_SLP_SPIRONOLACTONE_DESC</AbbreviationLocID>
        <DiscomfortLevel>Positive</DiscomfortLevel>
		
        <Procedure>
        <StaffSelectionRules>REQUIRED_ROOM_OR_DEFAULT_ROOM</StaffSelectionRules>
		
		<RequiredSkillsToPrescribe>
			<SkillRef>SKILL_DOC_QUALIF_GENERAL_MEDICINE</SkillRef>
		</RequiredSkillsToPrescribe>
		
		<RequiredDoctorQualificationList>
			<SkillRef>SKILL_DOC_QUALIF_GENERAL_MEDICINE</SkillRef>
		</RequiredDoctorQualificationList>

		<RequiredEquipmentList>
			<RequiredEquipment>
				<Tag>receipt</Tag>
			</RequiredEquipment>
		</RequiredEquipmentList>

		<RequiredRoomTags>
			<Tag>receipt</Tag>
		</RequiredRoomTags>
            
		<ProcedureScript>ProcedureScriptTreatmentReceipt</ProcedureScript>
        </Procedure>
		
        <TreatmentType>RECEIPT</TreatmentType>
		<PharmacyPickup>true</PharmacyPickup>
        <Cost>15</Cost>
        <DurationHours>0</DurationHours>
		<IconIndex>2021</IconIndex>
		
		<CustomIconBigAssetRef>ASSET_ONC_TRT_ICON_007</CustomIconBigAssetRef>
        <CustomIconSmallAssetRef>ASSET_ONC_TRT_ICON_008</CustomIconSmallAssetRef>
		
    </GameDBTreatment>
	
	<GameDBTreatment ID="TRT_SLP_OCTREOTIDE_INJECTION"> <!-- $- -->
        <AbbreviationLocID>TRT_SLP_OCTREOTIDE_INJECTION_DESC</AbbreviationLocID>
        <DiscomfortLevel>Positive</DiscomfortLevel>
        <Procedure>
            <StaffSelectionRules>REQUIRED_ROOM_OR_DEFAULT_ROOM</StaffSelectionRules>
			
			<RequiredSkillsToPrescribe>
				<SkillRef>SKILL_DOC_QUALIF_GENERAL_MEDICINE</SkillRef>
			</RequiredSkillsToPrescribe>
			
            <RequiredDoctorQualificationList>
                <SkillRef>SKILL_DOC_QUALIF_GENERAL_MEDICINE</SkillRef>
            </RequiredDoctorQualificationList>

            <RequiredEquipmentList>
                <RequiredEquipment>
                    <Tag>sit_exam</Tag>
                </RequiredEquipment>
                <RequiredEquipment>
                    <Tag>doc_equipment</Tag>
                </RequiredEquipment>
				<RequiredEquipment>
                    <Tag>clean_hands</Tag>
                </RequiredEquipment>
            </RequiredEquipmentList>

            <RequiredRoomTags>
				<Tag>examinations_basic_equipment</Tag>
				<Tag>any_inpatient_office</Tag>
                <Tag>icu</Tag>
                <Tag>trauma_center</Tag>
                <Tag>observation</Tag>
                <Tag>ward</Tag>
            </RequiredRoomTags>

            <ProcedureScript>ProcedureScriptTreatmentProcedure</ProcedureScript>

            <AnimationSetupSitting>
                <AnimationNameIn>stand_treatment_in</AnimationNameIn> <!--TODO tempAnim-->
                <AnimationNameIdle>stand_treatment_idle</AnimationNameIdle>
                <AnimationNameOut>stand_treatment_out</AnimationNameOut>
            </AnimationSetupSitting>
            <AnimationSetupLying>
                <AnimationNameIn>stand_treatment_in</AnimationNameIn> <!--TODO tempAnim-->
                <AnimationNameIdle>stand_treatment_idle</AnimationNameIdle>
                <AnimationNameOut>stand_treatment_out</AnimationNameOut>
            </AnimationSetupLying>

            <DressLevel>FULL</DressLevel>
            <DressLevelAfter>FULL</DressLevelAfter>
        </Procedure>
        <TreatmentType>PROCEDURE</TreatmentType>
        <Cost>50</Cost>
		
		<CustomIconBigAssetRef>ASSET_ONC_TRT_ICON_009</CustomIconBigAssetRef>
        <CustomIconSmallAssetRef>ASSET_ONC_TRT_ICON_010</CustomIconSmallAssetRef>
		
        <IconIndex>1961</IconIndex>
        <DurationHours>0</DurationHours>
    </GameDBTreatment>

	<GameDBTreatment ID="TRT_SL_ACTIVE_MONITOR"> <!-- $160 -->
        <AbbreviationLocID>TRT_SL_ACTIVE_MONITOR_DESC</AbbreviationLocID>
        <DiscomfortLevel>None</DiscomfortLevel>
        <Procedure>
        <StaffSelectionRules>REQUIRED_ROOM_OR_DEFAULT_ROOM</StaffSelectionRules>
		
		<RequiredSkillsToPrescribe>
			<SkillRef>SKILL_DOC_QUALIF_GENERAL_MEDICINE</SkillRef>
		</RequiredSkillsToPrescribe>
		
		<RequiredDoctorQualificationList>
			<SkillRef>SKILL_DOC_QUALIF_GENERAL_MEDICINE</SkillRef>
		</RequiredDoctorQualificationList>
		
		<RequiredRoomTags>
			<Tag>receipt</Tag>
		</RequiredRoomTags>

		<ProcedureScript>ProcedureScriptTreatmentPrescription</ProcedureScript>

		<AnimationSetupSitting>
			<AnimationNameIn>sit_doc_recommendation_in</AnimationNameIn>
			<AnimationNameIdle>sit_doc_recommendation_idle</AnimationNameIdle>
			<AnimationNameOut>sit_doc_recommendation_out</AnimationNameOut>
		</AnimationSetupSitting>

		<DressLevel>FULL</DressLevel>
		<DressLevelAfter>FULL</DressLevelAfter>
        </Procedure>
        <TreatmentType>PRESCRIPTION</TreatmentType>
        <Cost>50</Cost>
		
		<CustomIconBigAssetRef>ASSET_ONC_TRT_ICON_013</CustomIconBigAssetRef>
        <CustomIconSmallAssetRef>ASSET_ONC_TRT_ICON_014</CustomIconSmallAssetRef>
		
        <IconIndex>1901</IconIndex>
        <DurationHours>0</DurationHours>
    </GameDBTreatment>

	<GameDBTreatment ID="TRT_SLP_G_CSF"> <!-- $- -->
        <AbbreviationLocID>TRT_SLP_G_CSF_DESC</AbbreviationLocID>
        <DiscomfortLevel>Positive</DiscomfortLevel>
		
        <Procedure>
        <StaffSelectionRules>REQUIRED_ROOM_OR_DEFAULT_ROOM</StaffSelectionRules>
		
		<RequiredSkillsToPrescribe>
			<SkillRef>SKILL_DOC_QUALIF_GENERAL_MEDICINE</SkillRef>
		</RequiredSkillsToPrescribe>
		
		<RequiredDoctorQualificationList>
			<SkillRef>SKILL_DOC_QUALIF_GENERAL_MEDICINE</SkillRef>
		</RequiredDoctorQualificationList>

		<RequiredEquipmentList>
			<RequiredEquipment>
				<Tag>receipt</Tag>
			</RequiredEquipment>
		</RequiredEquipmentList>

		<RequiredRoomTags>
			<Tag>receipt</Tag>
		</RequiredRoomTags>
            
		<ProcedureScript>ProcedureScriptTreatmentReceipt</ProcedureScript>
        </Procedure>
		
        <TreatmentType>RECEIPT</TreatmentType>
		<PharmacyPickup>true</PharmacyPickup>
        <Cost>110</Cost>
        <DurationHours>0</DurationHours>
		<IconIndex>2021</IconIndex>
		
		<CustomIconBigAssetRef>ASSET_ONC_TRT_ICON_015</CustomIconBigAssetRef>
        <CustomIconSmallAssetRef>ASSET_ONC_TRT_ICON_016</CustomIconSmallAssetRef>
		
    </GameDBTreatment>

	<GameDBTreatment ID="TRT_SLP_METHOTREXATE"> <!-- $850 -->
        <AbbreviationLocID>TRT_SLP_METHOTREXATE_DESC</AbbreviationLocID>
        <DiscomfortLevel>High</DiscomfortLevel>
        <Procedure>
            <StaffSelectionRules>REQUIRED_ROOM_OR_DEFAULT_ROOM</StaffSelectionRules>

            <RequiredSkillsToPrescribe>
                <SkillRef>SKILL_DOC_QUALIF_GENERAL_MEDICINE</SkillRef>
            </RequiredSkillsToPrescribe>

            <RequiredDoctorQualificationList>
                <SkillRef>SKILL_DOC_QUALIF_GENERAL_MEDICINE</SkillRef>
            </RequiredDoctorQualificationList>

            <RequiredRoomTags>
                <Tag>receipt</Tag>
            </RequiredRoomTags>

            <ProcedureScript>ProcedureScriptTreatmentReceipt</ProcedureScript>
        </Procedure>
		
        <TreatmentType>RECEIPT</TreatmentType>
        <ReceiptType>IV_BAG</ReceiptType>
        <Cost>50</Cost>
        <IconIndex>2055</IconIndex>
		
		<CustomIconBigAssetRef>ASSET_ONC_TRT_ICON_021</CustomIconBigAssetRef>
        <CustomIconSmallAssetRef>ASSET_ONC_TRT_ICON_022</CustomIconSmallAssetRef>
		
        <DurationHours>3</DurationHours>
        <HospitalizationTreatmentRef>TRT_HOSPITALIZATION_NORMAL</HospitalizationTreatmentRef>
        <AllowedWithAnyHospitalization>true</AllowedWithAnyHospitalization>
    </GameDBTreatment>
	 
	<GameDBTreatment ID="TRT_SLP_ALEMTUZUMAB"> <!-- $4130 -->
        <AbbreviationLocID>TRT_SLP_ALEMTUZUMAB_DESC</AbbreviationLocID>
        <DiscomfortLevel>High</DiscomfortLevel>
        <Procedure>
            <StaffSelectionRules>REQUIRED_ROOM_OR_DEFAULT_ROOM</StaffSelectionRules>

            <RequiredSkillsToPrescribe>
                <SkillRef>SKILL_DOC_QUALIF_GENERAL_MEDICINE</SkillRef>
            </RequiredSkillsToPrescribe>

            <RequiredDoctorQualificationList>
                <SkillRef>SKILL_DOC_QUALIF_GENERAL_MEDICINE</SkillRef>
            </RequiredDoctorQualificationList>

            <RequiredRoomTags>
                <Tag>receipt</Tag>
            </RequiredRoomTags>

            <ProcedureScript>ProcedureScriptTreatmentReceipt</ProcedureScript>
        </Procedure>
		
        <TreatmentType>RECEIPT</TreatmentType>
        <ReceiptType>IV_BAG</ReceiptType>
        <Cost>50</Cost>
        <IconIndex>2055</IconIndex>
		
		<CustomIconBigAssetRef>ASSET_ONC_TRT_ICON_023</CustomIconBigAssetRef>
        <CustomIconSmallAssetRef>ASSET_ONC_TRT_ICON_024</CustomIconSmallAssetRef>
		
        <DurationHours>6</DurationHours>
        <HospitalizationTreatmentRef>TRT_HOSPITALIZATION_NORMAL</HospitalizationTreatmentRef>
        <AllowedWithAnyHospitalization>true</AllowedWithAnyHospitalization>
    </GameDBTreatment>
	
	<GameDBTreatment ID="TRT_SLP_BRAF_INH"> <!-- BRAF inhibitors $- -->
        <AbbreviationLocID>TRT_SLP_BRAF_INH_DESC</AbbreviationLocID>
        <DiscomfortLevel>Low</DiscomfortLevel>
		
        <Procedure>
        <StaffSelectionRules>REQUIRED_ROOM_OR_DEFAULT_ROOM</StaffSelectionRules>
		
		<RequiredSkillsToPrescribe>
			<SkillRef>SKILL_DOC_QUALIF_GENERAL_MEDICINE</SkillRef>
		</RequiredSkillsToPrescribe>
		
		<RequiredDoctorQualificationList>
			<SkillRef>SKILL_DOC_QUALIF_GENERAL_MEDICINE</SkillRef>
		</RequiredDoctorQualificationList>

		<RequiredEquipmentList>
			<RequiredEquipment>
				<Tag>receipt</Tag>
			</RequiredEquipment>
		</RequiredEquipmentList>

		<RequiredRoomTags>
			<Tag>receipt</Tag>
		</RequiredRoomTags>
            
		<ProcedureScript>ProcedureScriptTreatmentReceipt</ProcedureScript>
        </Procedure>
		
        <TreatmentType>RECEIPT</TreatmentType>
		<PharmacyPickup>true</PharmacyPickup>
        <Cost>140</Cost>
        <DurationHours>0</DurationHours>
		<IconIndex>2021</IconIndex>
		
		<CustomIconBigAssetRef>ASSET_ONC_TRT_ICON_019</CustomIconBigAssetRef>
        <CustomIconSmallAssetRef>ASSET_ONC_TRT_ICON_020</CustomIconSmallAssetRef>
		
    </GameDBTreatment>
	
	<GameDBTreatment ID="TRT_SLP_TAMOXIFEN"> <!-- $- -->
        <AbbreviationLocID>TRT_SLP_TAMOXIFEN_DESC</AbbreviationLocID>
        <DiscomfortLevel>None</DiscomfortLevel>
		
        <Procedure>
        <StaffSelectionRules>REQUIRED_ROOM_OR_DEFAULT_ROOM</StaffSelectionRules>
		
		<RequiredSkillsToPrescribe>
			<SkillRef>SKILL_DOC_QUALIF_GENERAL_MEDICINE</SkillRef>
		</RequiredSkillsToPrescribe>
		
		<RequiredDoctorQualificationList>
			<SkillRef>SKILL_DOC_QUALIF_GENERAL_MEDICINE</SkillRef>
		</RequiredDoctorQualificationList>

		<RequiredEquipmentList>
			<RequiredEquipment>
				<Tag>receipt</Tag>
			</RequiredEquipment>
		</RequiredEquipmentList>

		<RequiredRoomTags>
			<Tag>receipt</Tag>
		</RequiredRoomTags>
            
		<ProcedureScript>ProcedureScriptTreatmentReceipt</ProcedureScript>
        </Procedure>
		
        <TreatmentType>RECEIPT</TreatmentType>
		<PharmacyPickup>true</PharmacyPickup>
        <Cost>19</Cost>
        <DurationHours>0</DurationHours>
		<IconIndex>2021</IconIndex>
		
		<CustomIconBigAssetRef>ASSET_ONC_TRT_ICON_027</CustomIconBigAssetRef>
        <CustomIconSmallAssetRef>ASSET_ONC_TRT_ICON_028</CustomIconSmallAssetRef>
		
    </GameDBTreatment>

	<GameDBTreatment ID="TRT_SLP_HYPERSALINE"> <!--Hypertonic Saline $- -->
        <AbbreviationLocID>TRT_SLP_HYPERSALINE_DESC</AbbreviationLocID>
        <DiscomfortLevel>Positive</DiscomfortLevel>
		
        <Procedure>
        <StaffSelectionRules>REQUIRED_ROOM_OR_DEFAULT_ROOM</StaffSelectionRules>
		
		<RequiredSkillsToPrescribe>
			<SkillRef>SKILL_DOC_QUALIF_GENERAL_MEDICINE</SkillRef>
		</RequiredSkillsToPrescribe>
		
		<RequiredDoctorQualificationList>
			<SkillRef>SKILL_DOC_QUALIF_GENERAL_MEDICINE</SkillRef>
		</RequiredDoctorQualificationList>

		<RequiredEquipmentList>
			<RequiredEquipment>
				<Tag>receipt</Tag>
			</RequiredEquipment>
		</RequiredEquipmentList>

		<RequiredRoomTags>
			<Tag>receipt</Tag>
		</RequiredRoomTags>
            
		<ProcedureScript>ProcedureScriptTreatmentReceipt</ProcedureScript>
        </Procedure>
		
        <TreatmentType>RECEIPT</TreatmentType>
		<PharmacyPickup>true</PharmacyPickup>
        <Cost>20</Cost>
        <DurationHours>0</DurationHours>
		<IconIndex>2021</IconIndex>
		
		<CustomIconBigAssetRef>ASSET_ONC_TRT_ICON_029</CustomIconBigAssetRef>
        <CustomIconSmallAssetRef>ASSET_ONC_TRT_ICON_030</CustomIconSmallAssetRef>
		
    </GameDBTreatment>

	<GameDBTreatment ID="TRT_SL_INCISION_AND_DRAINAGE"> <!-- Oncology Version -->
        <AbbreviationLocID>TRT_SL_INCISION_AND_DRAINAGE_DESC</AbbreviationLocID>
        <DiscomfortLevel>High</DiscomfortLevel>
        <Procedure>
            <StaffSelectionRules>REQUIRED_ROOM_OR_DEFAULT_ROOM</StaffSelectionRules>

			<RequiredSkillsToPrescribe>
				<SkillRef>SKILL_DOC_QUALIF_GENERAL_MEDICINE</SkillRef>
			</RequiredSkillsToPrescribe>

            <RequiredDoctorQualificationList>
				<SkillRef>SKILL_DOC_QUALIF_GENERAL_MEDICINE</SkillRef>
            </RequiredDoctorQualificationList>

            <RequiredEquipmentList>
                <RequiredEquipment>
                    <Tag>sit_exam</Tag>
                </RequiredEquipment>
                <RequiredEquipment>
                    <Tag>doc_equipment</Tag>
                </RequiredEquipment>
                <RequiredEquipment>
                    <Tag>clean_hands</Tag>
                </RequiredEquipment>
            </RequiredEquipmentList>

            <RequiredRoomTags>
				<Tag>onco_office</Tag>
                <Tag>any_inpatient_office</Tag>
                <Tag>observation</Tag>
                <Tag>icu</Tag>                
            </RequiredRoomTags>

            <ProcedureScript>ProcedureScriptTreatmentProcedure</ProcedureScript>

            <AnimationSetupSitting>
                <AnimationNameIn>stand_treatment_in</AnimationNameIn> <!--TODO tempAnim-->
                <AnimationNameIdle>stand_treatment_idle</AnimationNameIdle>
                <AnimationNameOut>stand_treatment_out</AnimationNameOut>
            </AnimationSetupSitting>
            <AnimationSetupLying>
                <AnimationNameIn>stand_treatment_in</AnimationNameIn>
                <AnimationNameIdle>stand_treatment_idle</AnimationNameIdle>
                <AnimationNameOut>stand_treatment_out</AnimationNameOut>
            </AnimationSetupLying>

            <DressLevel>FULL</DressLevel>
            <DressLevelAfter>FULL</DressLevelAfter>
        </Procedure>
        <TreatmentType>PROCEDURE</TreatmentType>
        <Cost>50</Cost>
        <IconIndex>1977</IconIndex>
        <DurationHours>0</DurationHours>
    </GameDBTreatment>

	<!-- Estradiol Cream -->
	<GameDBTreatment ID="TRT_SLP_ESTRADIOL_CREAM"> <!-- $370 -->
        <AbbreviationLocID>TRT_SLP_ESTRADIOL_CREAM_DESC</AbbreviationLocID>
        <DiscomfortLevel>Positive</DiscomfortLevel>
		
        <Procedure>
        <StaffSelectionRules>REQUIRED_ROOM_OR_DEFAULT_ROOM</StaffSelectionRules>
		
		<RequiredSkillsToPrescribe>
			<SkillRef>SKILL_DOC_QUALIF_GENERAL_MEDICINE</SkillRef>
		</RequiredSkillsToPrescribe>
		
		<RequiredDoctorQualificationList>
			<SkillRef>SKILL_DOC_QUALIF_GENERAL_MEDICINE</SkillRef>
		</RequiredDoctorQualificationList>

		<RequiredEquipmentList>
			<RequiredEquipment>
				<Tag>receipt</Tag>
			</RequiredEquipment>
		</RequiredEquipmentList>

		<RequiredRoomTags>
			<Tag>receipt</Tag>
		</RequiredRoomTags>
            
		<ProcedureScript>ProcedureScriptTreatmentReceipt</ProcedureScript>
        </Procedure>
		
        <TreatmentType>RECEIPT</TreatmentType>
		<PharmacyPickup>true</PharmacyPickup>
        <Cost>35</Cost>
        <DurationHours>0</DurationHours>
		<IconIndex>2021</IconIndex>
		
		<CustomIconBigAssetRef>ASSET_ONC_TRT_ICON_031</CustomIconBigAssetRef>
        <CustomIconSmallAssetRef>ASSET_ONC_TRT_ICON_032</CustomIconSmallAssetRef>
		
    </GameDBTreatment>

	<!-- Hormone Therapy -->
	<GameDBTreatment ID="TRT_SLP_HORMONE_THERAPY"> <!-- $420 -->
        <AbbreviationLocID>TRT_SLP_HORMONE_THERAPY_DESC</AbbreviationLocID>
        <DiscomfortLevel>Positive</DiscomfortLevel>
		
        <Procedure>
        <StaffSelectionRules>REQUIRED_ROOM_OR_DEFAULT_ROOM</StaffSelectionRules>
		
		<RequiredSkillsToPrescribe>
                <SkillRef>SKILL_DOC_QUALIF_GENERAL_MEDICINE</SkillRef>
		</RequiredSkillsToPrescribe>
		
		<RequiredDoctorQualificationList>
			<SkillRef>SKILL_DOC_QUALIF_GENERAL_MEDICINE</SkillRef>
		</RequiredDoctorQualificationList>

		<RequiredEquipmentList>
			<RequiredEquipment>
				<Tag>receipt</Tag>
			</RequiredEquipment>
		</RequiredEquipmentList>

		<RequiredRoomTags>
			<Tag>receipt</Tag>
		</RequiredRoomTags>
            
		<ProcedureScript>ProcedureScriptTreatmentReceipt</ProcedureScript>
        </Procedure>
		
        <TreatmentType>RECEIPT</TreatmentType>
		<PharmacyPickup>true</PharmacyPickup>
        <Cost>55</Cost>
        <DurationHours>0</DurationHours>
		<IconIndex>2021</IconIndex>
		
		<CustomIconBigAssetRef>ASSET_ONC_TRT_ICON_033</CustomIconBigAssetRef>
        <CustomIconSmallAssetRef>ASSET_ONC_TRT_ICON_034</CustomIconSmallAssetRef>
		
    </GameDBTreatment>

	<!-- R-CHOP Chemotherapy -->
	<GameDBTreatment ID="TRT_SLP_RCHOP"> <!-- $3900 -->
        <AbbreviationLocID>TRT_SLP_RCHOP_DESC</AbbreviationLocID>
        <DiscomfortLevel>High</DiscomfortLevel>
        <Procedure>
            <StaffSelectionRules>REQUIRED_ROOM_OR_DEFAULT_ROOM</StaffSelectionRules>

            <RequiredSkillsToPrescribe>
                <SkillRef>SKILL_DOC_QUALIF_GENERAL_MEDICINE</SkillRef>
            </RequiredSkillsToPrescribe>

            <RequiredDoctorQualificationList>
                <SkillRef>SKILL_DOC_QUALIF_GENERAL_MEDICINE</SkillRef>
            </RequiredDoctorQualificationList>

            <RequiredRoomTags>
                <Tag>receipt</Tag>
            </RequiredRoomTags>

            <ProcedureScript>ProcedureScriptTreatmentReceipt</ProcedureScript>
        </Procedure>
		
        <TreatmentType>RECEIPT</TreatmentType>
        <ReceiptType>IV_BAG</ReceiptType>
        <Cost>50</Cost>
        <IconIndex>2055</IconIndex>
		
		<CustomIconBigAssetRef>ASSET_ONC_TRT_ICON_035</CustomIconBigAssetRef>
        <CustomIconSmallAssetRef>ASSET_ONC_TRT_ICON_036</CustomIconSmallAssetRef>
		
        <DurationHours>12</DurationHours>
        <HospitalizationTreatmentRef>TRT_HOSPITALIZATION_NORMAL</HospitalizationTreatmentRef>
        <AllowedWithAnyHospitalization>true</AllowedWithAnyHospitalization>
    </GameDBTreatment>

	<!-- Rituximab -->
	<GameDBTreatment ID="TRT_SLP_RITUXIMAB"> <!-- $1980 -->
        <AbbreviationLocID>TRT_SLP_RITUXIMAB_DESC</AbbreviationLocID>
        <DiscomfortLevel>High</DiscomfortLevel>
        <Procedure>
            <StaffSelectionRules>REQUIRED_ROOM_OR_DEFAULT_ROOM</StaffSelectionRules>

            <RequiredSkillsToPrescribe>
                <SkillRef>SKILL_DOC_QUALIF_GENERAL_MEDICINE</SkillRef>
            </RequiredSkillsToPrescribe>

            <RequiredDoctorQualificationList>
                <SkillRef>SKILL_DOC_QUALIF_GENERAL_MEDICINE</SkillRef>
            </RequiredDoctorQualificationList>

            <RequiredRoomTags>
                <Tag>receipt</Tag>
            </RequiredRoomTags>

            <ProcedureScript>ProcedureScriptTreatmentReceipt</ProcedureScript>
        </Procedure>
		
        <TreatmentType>RECEIPT</TreatmentType>
        <ReceiptType>IV_BAG</ReceiptType>
        <Cost>50</Cost>
        <IconIndex>2055</IconIndex>
		
		<CustomIconBigAssetRef>ASSET_ONC_TRT_ICON_037</CustomIconBigAssetRef>
        <CustomIconSmallAssetRef>ASSET_ONC_TRT_ICON_038</CustomIconSmallAssetRef>
		
        <DurationHours>6</DurationHours>
        <HospitalizationTreatmentRef>TRT_HOSPITALIZATION_NORMAL</HospitalizationTreatmentRef>
        <AllowedWithAnyHospitalization>true</AllowedWithAnyHospitalization>
    </GameDBTreatment>

	<!-- Gemcitabine -->
	<GameDBTreatment ID="TRT_SLP_GEMCITABINE"> <!-- $1363 -->
        <AbbreviationLocID>TRT_SLP_GEMCITABINE_DESC</AbbreviationLocID>
        <DiscomfortLevel>High</DiscomfortLevel>
        <Procedure>
            <StaffSelectionRules>REQUIRED_ROOM_OR_DEFAULT_ROOM</StaffSelectionRules>

            <RequiredSkillsToPrescribe>
                <SkillRef>SKILL_DOC_QUALIF_GENERAL_MEDICINE</SkillRef>
            </RequiredSkillsToPrescribe>

            <RequiredDoctorQualificationList>
                <SkillRef>SKILL_DOC_QUALIF_GENERAL_MEDICINE</SkillRef>
            </RequiredDoctorQualificationList>

            <RequiredRoomTags>
                <Tag>receipt</Tag>
            </RequiredRoomTags>

            <ProcedureScript>ProcedureScriptTreatmentReceipt</ProcedureScript>
        </Procedure>
		
        <TreatmentType>RECEIPT</TreatmentType>
        <ReceiptType>IV_BAG</ReceiptType>
        <Cost>50</Cost>
        <IconIndex>2055</IconIndex>
		
		<CustomIconBigAssetRef>ASSET_ONC_TRT_ICON_039</CustomIconBigAssetRef>
        <CustomIconSmallAssetRef>ASSET_ONC_TRT_ICON_040</CustomIconSmallAssetRef>
		
        <DurationHours>4</DurationHours>
        <HospitalizationTreatmentRef>TRT_HOSPITALIZATION_NORMAL</HospitalizationTreatmentRef>
        <AllowedWithAnyHospitalization>true</AllowedWithAnyHospitalization>
    </GameDBTreatment>

	<!-- Pamidronate and Octreotide Combination Treatment -->
	<GameDBTreatment ID="TRT_SLP_POCT"> <!-- $- -->
        <AbbreviationLocID>TRT_SLP_POCT_DESC</AbbreviationLocID>
        <DiscomfortLevel>Positive</DiscomfortLevel>
		
        <Procedure>
        <StaffSelectionRules>REQUIRED_ROOM_OR_DEFAULT_ROOM</StaffSelectionRules>
		
		<RequiredSkillsToPrescribe>
			<SkillRef>SKILL_DOC_QUALIF_GENERAL_MEDICINE</SkillRef>
		</RequiredSkillsToPrescribe>
		
		<RequiredDoctorQualificationList>
			<SkillRef>SKILL_DOC_QUALIF_GENERAL_MEDICINE</SkillRef>
		</RequiredDoctorQualificationList>

		<RequiredEquipmentList>
			<RequiredEquipment>
				<Tag>receipt</Tag>
			</RequiredEquipment>
		</RequiredEquipmentList>

		<RequiredRoomTags>
			<Tag>receipt</Tag>
		</RequiredRoomTags>
            
		<ProcedureScript>ProcedureScriptTreatmentReceipt</ProcedureScript>
        </Procedure>
		
        <TreatmentType>RECEIPT</TreatmentType>
		<PharmacyPickup>true</PharmacyPickup>
        <Cost>80</Cost>
        <DurationHours>0</DurationHours>
		<IconIndex>2021</IconIndex>
		
		<CustomIconBigAssetRef>ASSET_ONC_TRT_ICON_041</CustomIconBigAssetRef>
        <CustomIconSmallAssetRef>ASSET_ONC_TRT_ICON_042</CustomIconSmallAssetRef>
		
    </GameDBTreatment>

	<!-- 5-Fluorouracil (5-FU), Cisplatin, and Etoposide (FEP) Combination Treatment --> <!-- $4010 -->
	<GameDBTreatment ID="TRT_SLP_FEP"> <!-- $3440 -->
        <AbbreviationLocID>TRT_SLP_DEP_DESC</AbbreviationLocID>
        <DiscomfortLevel>Positive</DiscomfortLevel>
		
        <Procedure>
        <StaffSelectionRules>REQUIRED_ROOM_OR_DEFAULT_ROOM</StaffSelectionRules>
		
		<RequiredSkillsToPrescribe>
			<SkillRef>SKILL_DOC_QUALIF_GENERAL_MEDICINE</SkillRef>
		</RequiredSkillsToPrescribe>
		
		<RequiredDoctorQualificationList>
			<SkillRef>SKILL_DOC_QUALIF_GENERAL_MEDICINE</SkillRef>
		</RequiredDoctorQualificationList>

		<RequiredRoomTags>
			<Tag>receipt</Tag>
		</RequiredRoomTags>
            
		 <ProcedureScript>ProcedureScriptTreatmentReceipt</ProcedureScript>
        </Procedure>
		
        <TreatmentType>RECEIPT</TreatmentType>
        <ReceiptType>IV_BAG</ReceiptType>
        <Cost>50</Cost>
        <IconIndex>2055</IconIndex>
		
		<CustomIconBigAssetRef>ASSET_ONC_TRT_ICON_043</CustomIconBigAssetRef>
        <CustomIconSmallAssetRef>ASSET_ONC_TRT_ICON_044</CustomIconSmallAssetRef>
		
        <DurationHours>8</DurationHours>
        <HospitalizationTreatmentRef>TRT_HOSPITALIZATION_NORMAL</HospitalizationTreatmentRef>
        <AllowedWithAnyHospitalization>true</AllowedWithAnyHospitalization>
		
    </GameDBTreatment>

	<!-- Ammonul -->
	<GameDBTreatment ID="TRT_SLP_AMMONUL">
        <AbbreviationLocID>TRT_SLP_AMMONUL_DESC</AbbreviationLocID>
        <DiscomfortLevel>Positive</DiscomfortLevel>
		
        <Procedure>
        <StaffSelectionRules>REQUIRED_ROOM_OR_DEFAULT_ROOM</StaffSelectionRules>
		
		<RequiredSkillsToPrescribe>
			<SkillRef>SKILL_DOC_QUALIF_GENERAL_MEDICINE</SkillRef>
		</RequiredSkillsToPrescribe>
		
		<RequiredDoctorQualificationList>
			<SkillRef>SKILL_DOC_QUALIF_GENERAL_MEDICINE</SkillRef>
		</RequiredDoctorQualificationList>

		<RequiredRoomTags>
			<Tag>receipt</Tag>
		</RequiredRoomTags>
            
		 <ProcedureScript>ProcedureScriptTreatmentReceipt</ProcedureScript>
        </Procedure>
		
        <TreatmentType>RECEIPT</TreatmentType>
        <ReceiptType>IV_BAG</ReceiptType>
        <Cost>50</Cost>
        <IconIndex>2055</IconIndex>
		
		<CustomIconBigAssetRef>ASSET_ONC_TRT_ICON_045</CustomIconBigAssetRef>
        <CustomIconSmallAssetRef>ASSET_ONC_TRT_ICON_046</CustomIconSmallAssetRef>
		
        <DurationHours>3</DurationHours>
        <HospitalizationTreatmentRef>TRT_HOSPITALIZATION_NORMAL</HospitalizationTreatmentRef>
        <AllowedWithAnyHospitalization>true</AllowedWithAnyHospitalization>
		
    </GameDBTreatment>

	<!-- Lactulose -->
	<GameDBTreatment ID="TRT_SLP_LACTULOSE"> 
        <AbbreviationLocID>TRT_SLP_LACTULOSE_DESC</AbbreviationLocID>
        <DiscomfortLevel>Positive</DiscomfortLevel>
		
        <Procedure>
        <StaffSelectionRules>REQUIRED_ROOM_OR_DEFAULT_ROOM</StaffSelectionRules>
		
		<RequiredSkillsToPrescribe>
			<SkillRef>SKILL_DOC_QUALIF_GENERAL_MEDICINE</SkillRef>
		</RequiredSkillsToPrescribe>
		
		<RequiredDoctorQualificationList>
			<SkillRef>SKILL_DOC_QUALIF_GENERAL_MEDICINE</SkillRef>
		</RequiredDoctorQualificationList>

		<RequiredEquipmentList>
			<RequiredEquipment>
				<Tag>receipt</Tag>
			</RequiredEquipment>
		</RequiredEquipmentList>

		<RequiredRoomTags>
			<Tag>receipt</Tag>
		</RequiredRoomTags>
            
		<ProcedureScript>ProcedureScriptTreatmentReceipt</ProcedureScript>
        </Procedure>
		
        <TreatmentType>RECEIPT</TreatmentType>
		<PharmacyPickup>true</PharmacyPickup>
        <Cost>15</Cost>
        <DurationHours>0</DurationHours>
		<IconIndex>2021</IconIndex>
		
		<CustomIconBigAssetRef>ASSET_ONC_TRT_ICON_047</CustomIconBigAssetRef>
        <CustomIconSmallAssetRef>ASSET_ONC_TRT_ICON_048</CustomIconSmallAssetRef>
		
    </GameDBTreatment>

	<!-- Immunosuppressive Therapy  -->
	<GameDBTreatment ID="TRT_SLP_IMMUNOSUS_DRUGS">
        <AbbreviationLocID>TRT_SLP_IMMUNOSUS_DRUGS_DESC</AbbreviationLocID>
        <DiscomfortLevel>Low</DiscomfortLevel>
		
        <Procedure>
        <StaffSelectionRules>REQUIRED_ROOM_OR_DEFAULT_ROOM</StaffSelectionRules>
		
		<RequiredSkillsToPrescribe>
			<SkillRef>SKILL_DOC_QUALIF_GENERAL_MEDICINE</SkillRef>
		</RequiredSkillsToPrescribe>
		
		<RequiredDoctorQualificationList>
			<SkillRef>SKILL_DOC_QUALIF_GENERAL_MEDICINE</SkillRef>
		</RequiredDoctorQualificationList>

		<RequiredEquipmentList>
			<RequiredEquipment>
				<Tag>receipt</Tag>
			</RequiredEquipment>
		</RequiredEquipmentList>

		<RequiredRoomTags>
			<Tag>receipt</Tag>
		</RequiredRoomTags>
            
		<ProcedureScript>ProcedureScriptTreatmentReceipt</ProcedureScript>
        </Procedure>
		
        <TreatmentType>RECEIPT</TreatmentType>
		<PharmacyPickup>true</PharmacyPickup>
        <Cost>150</Cost>
        <DurationHours>0</DurationHours>
		<IconIndex>2021</IconIndex>
		
		<CustomIconBigAssetRef>ASSET_ONC_TRT_ICON_049</CustomIconBigAssetRef>
        <CustomIconSmallAssetRef>ASSET_ONC_TRT_ICON_050</CustomIconSmallAssetRef>
		
    </GameDBTreatment>
	
	
</Database>
