<Database>
	<!-- Oncology Mod by Sleepy068 -->
	<GameDBStringTable ID="LOC_ZHHANS_ADDON_ONCOLOGYSL_DIAGNOSES_NEURO">
	<LanguageCode>zh-Hans</LanguageCode>
	<LanguageNameLocalized>简体中文</LanguageNameLocalized>
	<Contributors>
	<Name>1328411791</Name>
	<Name>Frost</Name>
	</Contributors>

	<LocalizedStrings>
        <GameDBLocalizedString>      
		<LocID>DIA_ONCO_CRP_BRAC1_0_V2</LocID>                         
		<Text>毛细胞型星形细胞瘤</Text>	
		</GameDBLocalizedString>
		
        <GameDBLocalizedString>      
		<LocID>DIA_ONCO_CRP_BRAC1_0_DESC</LocID>             
		<Text>I级星形细胞瘤又称毛细胞型星形细胞瘤。这些肿瘤发生在儿童和年轻人身上。与其他分级相比，它们的侵袭性较小，预后较好。它们通常出现在小脑、脑干附近、下丘脑区域或视交叉，但也可能出现在星形胶质细胞存在的任何区域，包括大脑半球和脊髓。这些肿瘤通常生长缓慢，一般都是是良性的。</Text>	
		</GameDBLocalizedString>
		
		<GameDBLocalizedString>      
		<LocID>DIA_ONCO_CRP_BRAC1_1_V2</LocID>                         
		<Text>弥漫性星形细胞瘤</Text>	
		</GameDBLocalizedString>
		
        <GameDBLocalizedString>      
		<LocID>DIA_ONCO_CRP_BRAC1_1_DESC</LocID>             
		<Text>弥漫性星形细胞瘤又称低级别浸润性星形细胞瘤。弥漫性浸润这一术语意味着在肿瘤和正常脑组织之间没有可识别的边界，即便这些边界在影像学上看起来边缘很好分辨。</Text>	
		</GameDBLocalizedString>
		
		<GameDBLocalizedString>      
		<LocID>DIA_ONCO_CRP_BRAC1_2_V2</LocID>                         
		<Text>间变性星形细胞瘤</Text>	
		</GameDBLocalizedString>
		
        <GameDBLocalizedString>      
		<LocID>DIA_ONCO_CRP_BRAC1_2_DESC</LocID>             
		<Text>间变性星形细胞瘤是一种罕见的恶性脑瘤。星形细胞瘤是由一种叫做星形细胞的星形脑细胞发展而来的肿瘤。星形胶质细胞和类似的细胞形成组织，包围和保护大脑和脊髓内的其他神经细胞。</Text>	
		</GameDBLocalizedString>
		
		<GameDBLocalizedString>      
		<LocID>DIA_ONCO_CRP_BRAC1_3_V2</LocID>                         
		<Text>胶质母细胞瘤</Text>	
		</GameDBLocalizedString>
		
        <GameDBLocalizedString>      
		<LocID>DIA_ONCO_CRP_BRAC1_3_DESC</LocID>             
		<Text>胶质母细胞瘤，又称多形性胶质母细胞瘤(GBM)，是最具侵袭性的肿瘤，起始于脑部。最初，胶质母细胞瘤的症状和体征是不容易与其它疾病分辨的。这些症状可能包括头痛、心情不畅、恶心以及类似中风的症状。</Text>	
		</GameDBLocalizedString>
	</LocalizedStrings>
	</GameDBStringTable>
</Database>

