<Database>
	<!-- Oncology Mod by Sleepy068 -->
	<!-- Obsolete (Diagnosis Changes or no longer needed) 
	They need to remain in the code for those with existing saves.
	-->
	<!-- ========================================== -->
	<!-- ============= Obsolete ============= -->
	<!-- ========================================== -->
	<GameDBSymptom ID="SYM_SLP_LARGE_LYMPHNODE">
        <DescriptionLocID>SYM_SLP_LARGE_LYMPHNODE_DESC</DescriptionLocID>
        <DiscomfortLevel>Low</DiscomfortLevel>
        <PatientComplains>true</PatientComplains>
        <Hazard>Low</Hazard>
        <PatientMobility>MOBILE</PatientMobility>
		
        <Examinations>
			<ExaminationRef>EXM_INTERVIEW</ExaminationRef>
            <ExaminationRef>EXM_NECK_PALPATION</ExaminationRef>
        </Examinations>
		
		<Treatments>
			<TreatmentRef>TRT_NSAIDS</TreatmentRef>
		</Treatments>
		
        <ShameLevel>0</ShameLevel>
        <IsMainSymptom>false</IsMainSymptom>
		
		<CustomIconBigAssetRef>ASSET_ONC_SYM_ICON_049</CustomIconBigAssetRef>
        <CustomIconSmallAssetRef>ASSET_ONC_SYM_ICON_050</CustomIconSmallAssetRef>
		
        <IconIndex>1</IconIndex>
		
    </GameDBSymptom>

	<GameDBSymptom ID="SYM_SLP_PETECHIAE">
        <DescriptionLocID>SYM_SLP_PETECHIAE_DESC</DescriptionLocID>
        <DiscomfortLevel>None</DiscomfortLevel>
        <PatientComplains>true</PatientComplains>
        <Hazard>Low</Hazard>
        <PatientMobility>MOBILE</PatientMobility>
		
        <Examinations>
		    <ExaminationRef>EXM_INTERVIEW</ExaminationRef>
            <ExaminationRef>EXM_PHYSICAL_AND_VISUAL_EXAMINATION</ExaminationRef>
        </Examinations>
		
		<Treatments>
            <TreatmentRef>TRT_REST</TreatmentRef>
        </Treatments>
		
        <ShameLevel>0</ShameLevel>
        <IsMainSymptom>false</IsMainSymptom>
		
        <IconIndex>1343</IconIndex>
		
    </GameDBSymptom>
	 
	<GameDBSymptom ID="SYM_SL_HEMOPTYSIS">
        <DescriptionLocID>SYM_SL_HEMOPTYSIS_DESC</DescriptionLocID>
        <DiscomfortLevel>High</DiscomfortLevel>
        <PatientComplains>true</PatientComplains>
        <Hazard>High</Hazard>
        <PatientMobility>MOBILE</PatientMobility>
		
		<RiskOfCollapseStartHours>1</RiskOfCollapseStartHours>
        <RiskOfCollapseEndHours>24</RiskOfCollapseEndHours>
        <CollapseSymptomRef>SYM_EXHAUSTION</CollapseSymptomRef>
		
        <Examinations>
            <ExaminationRef>EXM_INTERVIEW</ExaminationRef>
			<ExaminationRef>EXM_PHYSICAL_AND_VISUAL_EXAMINATION</ExaminationRef>
            <ExaminationRef>EXM_CHEST_LISTENING</ExaminationRef>
        </Examinations>
        <Treatments>
            <TreatmentRef>TRT_SLP_ENDOVASCULAR_EMBOLISATION</TreatmentRef>
        </Treatments>
		
		<CollapseProcedureRef>CONTROL_PROCEDURE_COLLAPSE_LOW</CollapseProcedureRef>
        <ShameLevel>15</ShameLevel>
        <IsMainSymptom>false</IsMainSymptom>
        <IconIndex>1365</IconIndex>
		<CustomIconBigAssetRef>ASSET_ONC_SYM_ICON_021</CustomIconBigAssetRef>
        <CustomIconSmallAssetRef>ASSET_ONC_SYM_ICON_022</CustomIconSmallAssetRef>
    </GameDBSymptom>
	
	<GameDBSymptom ID="SYM_ONCO_BLC01_0_DETECTED">
        <DescriptionLocID>SYM_ONCO_BLC01_0_DETECTED_DESC</DescriptionLocID>
        <DiscomfortLevel>None</DiscomfortLevel>
        <PatientComplains>false</PatientComplains>
        <Hazard>Medium</Hazard>
        <PatientMobility>MOBILE</PatientMobility>
		
        <Examinations>
			<ExaminationRef>EXM_SLP_BONEBIOPSY_TEST</ExaminationRef>
        </Examinations>
        <Treatments>
            <TreatmentRef>TRT_SLP_CHEMOTHERAPY</TreatmentRef>
        </Treatments>
		
        <ShameLevel>0</ShameLevel>
        <IsMainSymptom>true</IsMainSymptom>
		
        <IconIndex>1</IconIndex>
		
		<CustomIconBigAssetRef>ASSET_ONC_SYM_ICON_057</CustomIconBigAssetRef>
		<CustomIconSmallAssetRef>ASSET_ONC_SYM_ICON_058</CustomIconSmallAssetRef>
    </GameDBSymptom>
	
	<GameDBSymptom ID="SYM_ONCO_BLC01_1_DETECTED">
        <DescriptionLocID>SYM_ONCO_BLC01_1_DETECTED_DESC</DescriptionLocID>
        <DiscomfortLevel>None</DiscomfortLevel>
        <PatientComplains>false</PatientComplains>
        <Hazard>Medium</Hazard>
        <PatientMobility>MOBILE</PatientMobility>
		
        <Examinations>
			<ExaminationRef>EXM_SLP_BONEBIOPSY_TEST</ExaminationRef>
        </Examinations>
        <Treatments>
            <TreatmentRef>TRT_SLP_HYPER_CVAD</TreatmentRef>
        </Treatments>
		
        <ShameLevel>0</ShameLevel>
        <IsMainSymptom>true</IsMainSymptom>
		
        <IconIndex>1</IconIndex>
		
		<CustomIconBigAssetRef>ASSET_ONC_SYM_ICON_057</CustomIconBigAssetRef>
		<CustomIconSmallAssetRef>ASSET_ONC_SYM_ICON_058</CustomIconSmallAssetRef>
    </GameDBSymptom>

	<GameDBSymptom ID="SYM_ONCO_BLC01_2_DETECTED">
        <DescriptionLocID>SYM_ONCO_BLC01_2_DETECTED_DESC</DescriptionLocID>
        <DiscomfortLevel>None</DiscomfortLevel>
        <PatientComplains>false</PatientComplains>
        <Hazard>Medium</Hazard>
        <PatientMobility>MOBILE</PatientMobility>
		
        <Examinations>
			<ExaminationRef>EXM_SLP_BONEBIOPSY_TEST</ExaminationRef>
        </Examinations>
        <Treatments>
            <TreatmentRef>TRT_SLP_CHEMOTHERAPY</TreatmentRef>
        </Treatments>
		
        <ShameLevel>0</ShameLevel>
        <IsMainSymptom>true</IsMainSymptom>
		
        <IconIndex>1</IconIndex>
		
		<CustomIconBigAssetRef>ASSET_ONC_SYM_ICON_057</CustomIconBigAssetRef>
		<CustomIconSmallAssetRef>ASSET_ONC_SYM_ICON_058</CustomIconSmallAssetRef>
    </GameDBSymptom>
	
	<GameDBSymptom ID="SYM_ONCO_BLC02_A_DETECTED">
        <DescriptionLocID>SYM_ONCO_BLC02_A_DETECTED_DESC</DescriptionLocID>
        <DiscomfortLevel>None</DiscomfortLevel>
        <PatientComplains>false</PatientComplains>
        <Hazard>Medium</Hazard>
        <PatientMobility>MOBILE</PatientMobility>
		
        <Examinations>
			<ExaminationRef>EXM_SLP_BONEBIOPSY_TEST</ExaminationRef>
        </Examinations>
        <Treatments>
            <TreatmentRef>TRT_SL_ACTIVE_MONITOR</TreatmentRef>
        </Treatments>
		
        <ShameLevel>0</ShameLevel>
        <IsMainSymptom>true</IsMainSymptom>
		
        <IconIndex>1</IconIndex>
		
		<CustomIconBigAssetRef>ASSET_ONC_SYM_ICON_135</CustomIconBigAssetRef>
		<CustomIconSmallAssetRef>ASSET_ONC_SYM_ICON_136</CustomIconSmallAssetRef>
    </GameDBSymptom>
	
	<GameDBSymptom ID="SYM_ONCO_BLC02_B_DETECTED">
        <DescriptionLocID>SYM_ONCO_BLC02_B_DETECTED_DESC</DescriptionLocID>
        <DiscomfortLevel>None</DiscomfortLevel>
        <PatientComplains>false</PatientComplains>
        <Hazard>Medium</Hazard>
        <PatientMobility>MOBILE</PatientMobility>
		
        <Examinations>
			<ExaminationRef>EXM_SLP_BONEBIOPSY_TEST</ExaminationRef>
        </Examinations>
        <Treatments>
            <TreatmentRef>TRT_SLP_CHEMOTHERAPY</TreatmentRef>
        </Treatments>
		
        <ShameLevel>0</ShameLevel>
        <IsMainSymptom>true</IsMainSymptom>
		
        <IconIndex>1</IconIndex>
		
		<CustomIconBigAssetRef>ASSET_ONC_SYM_ICON_135</CustomIconBigAssetRef>
		<CustomIconSmallAssetRef>ASSET_ONC_SYM_ICON_136</CustomIconSmallAssetRef>
    </GameDBSymptom>
	
	<GameDBSymptom ID="SYM_ONCO_BLC03_0_DETECTED">
        <DescriptionLocID>SYM_ONCO_BLC03_0_DETECTED_DESC</DescriptionLocID>
        <DiscomfortLevel>None</DiscomfortLevel>
        <PatientComplains>false</PatientComplains>
        <Hazard>Medium</Hazard>
        <PatientMobility>MOBILE</PatientMobility>
		
        <Examinations>
			<ExaminationRef>EXM_SLP_BONEBIOPSY_TEST</ExaminationRef>
        </Examinations>
        <Treatments>
            <TreatmentRef>TRT_SLP_METHOTREXATE</TreatmentRef>
        </Treatments>
		
        <ShameLevel>0</ShameLevel>
        <IsMainSymptom>true</IsMainSymptom>
		
        <IconIndex>1</IconIndex>
		
		<CustomIconBigAssetRef>ASSET_ONC_SYM_ICON_175</CustomIconBigAssetRef>
		<CustomIconSmallAssetRef>ASSET_ONC_SYM_ICON_176</CustomIconSmallAssetRef>
    </GameDBSymptom>
	
	<GameDBSymptom ID="SYM_ONCO_BLC03_1_DETECTED">
        <DescriptionLocID>SYM_ONCO_BLC03_1_DETECTED_DESC</DescriptionLocID>
        <DiscomfortLevel>None</DiscomfortLevel>
        <PatientComplains>false</PatientComplains>
        <Hazard>Medium</Hazard>
        <PatientMobility>MOBILE</PatientMobility>
		
        <Examinations>
			<ExaminationRef>EXM_SLP_BONEBIOPSY_TEST</ExaminationRef>
        </Examinations>
        <Treatments>
            <TreatmentRef>TRT_SLP_METHOTREXATE</TreatmentRef>
        </Treatments>
		
        <ShameLevel>0</ShameLevel>
        <IsMainSymptom>true</IsMainSymptom>
		
        <IconIndex>1</IconIndex>
		
		<CustomIconBigAssetRef>ASSET_ONC_SYM_ICON_175</CustomIconBigAssetRef>
		<CustomIconSmallAssetRef>ASSET_ONC_SYM_ICON_176</CustomIconSmallAssetRef>
    </GameDBSymptom>
	
	<GameDBSymptom ID="SYM_ONCO_BLC03_2_DETECTED">
        <DescriptionLocID>SYM_ONCO_BLC03_2_DETECTED_DESC</DescriptionLocID>
        <DiscomfortLevel>None</DiscomfortLevel>
        <PatientComplains>false</PatientComplains>
        <Hazard>Medium</Hazard>
        <PatientMobility>MOBILE</PatientMobility>
		
        <Examinations>
			<ExaminationRef>EXM_SLP_BONEBIOPSY_TEST</ExaminationRef>
        </Examinations>
        <Treatments>
            <TreatmentRef>TRT_SLP_ALEMTUZUMAB</TreatmentRef>
        </Treatments>
		
        <ShameLevel>0</ShameLevel>
        <IsMainSymptom>true</IsMainSymptom>
		
        <IconIndex>1</IconIndex>
		
		<CustomIconBigAssetRef>ASSET_ONC_SYM_ICON_175</CustomIconBigAssetRef>
		<CustomIconSmallAssetRef>ASSET_ONC_SYM_ICON_176</CustomIconSmallAssetRef>
    </GameDBSymptom>
	
	<GameDBSymptom ID="SYM_ONCO_BLC04_0_DETECTED">
        <DescriptionLocID>SYM_ONCO_BLC04_0_DETECTED_DESC</DescriptionLocID>
        <DiscomfortLevel>None</DiscomfortLevel>
        <PatientComplains>false</PatientComplains>
        <Hazard>Medium</Hazard>
        <PatientMobility>MOBILE</PatientMobility>
		
        <Examinations>
			<ExaminationRef>EXM_SLP_BONEBIOPSY_TEST</ExaminationRef>
        </Examinations>
        <Treatments>
            <TreatmentRef>TRT_SLP_CHEMOTHERAPY</TreatmentRef>
        </Treatments>
		
        <ShameLevel>0</ShameLevel>
        <IsMainSymptom>true</IsMainSymptom>
		
        <IconIndex>1</IconIndex>
		
		<CustomIconBigAssetRef>ASSET_ONC_SYM_ICON_059</CustomIconBigAssetRef>
		<CustomIconSmallAssetRef>ASSET_ONC_SYM_ICON_060</CustomIconSmallAssetRef>
    </GameDBSymptom>
	
	<GameDBSymptom ID="SYM_ONCO_BLC05_A_DETECTED">
        <DescriptionLocID>SYM_ONCO_BLC05_A_DETECTED_DESC</DescriptionLocID>
        <DiscomfortLevel>None</DiscomfortLevel>
        <PatientComplains>false</PatientComplains>
        <Hazard>Medium</Hazard>
        <PatientMobility>MOBILE</PatientMobility>
		
        <Examinations>
			<ExaminationRef>EXM_SLP_BONEBIOPSY_TEST</ExaminationRef>
        </Examinations>
        <Treatments>
            <TreatmentRef>TRT_SLP_TARGETED_THERAPY</TreatmentRef>
        </Treatments>
		
        <ShameLevel>0</ShameLevel>
        <IsMainSymptom>true</IsMainSymptom>
		
        <IconIndex>1</IconIndex>
		
		<CustomIconBigAssetRef>ASSET_ONC_SYM_ICON_137</CustomIconBigAssetRef>
		<CustomIconSmallAssetRef>ASSET_ONC_SYM_ICON_138</CustomIconSmallAssetRef>
    </GameDBSymptom>
	
	<GameDBSymptom ID="SYM_ONCO_BLC05_B_DETECTED">
        <DescriptionLocID>SYM_ONCO_BLC05_B_DETECTED_DESC</DescriptionLocID>
        <DiscomfortLevel>None</DiscomfortLevel>
        <PatientComplains>false</PatientComplains>
        <Hazard>Medium</Hazard>
        <PatientMobility>MOBILE</PatientMobility>
		
        <Examinations>
			<ExaminationRef>EXM_SLP_BONEBIOPSY_TEST</ExaminationRef>
        </Examinations>
        <Treatments>
            <TreatmentRef>TRT_SLP_TARGETED_THERAPY</TreatmentRef>
        </Treatments>
		
        <ShameLevel>0</ShameLevel>
        <IsMainSymptom>true</IsMainSymptom>
		
        <IconIndex>1</IconIndex>
		
		<CustomIconBigAssetRef>ASSET_ONC_SYM_ICON_137</CustomIconBigAssetRef>
		<CustomIconSmallAssetRef>ASSET_ONC_SYM_ICON_138</CustomIconSmallAssetRef>
    </GameDBSymptom>
	
	<GameDBSymptom ID="SYM_ONCO_BLC05_C_DETECTED">
        <DescriptionLocID>SYM_ONCO_BLC05_C_DETECTED_DESC</DescriptionLocID>
        <DiscomfortLevel>None</DiscomfortLevel>
        <PatientComplains>false</PatientComplains>
        <Hazard>Medium</Hazard>
        <PatientMobility>MOBILE</PatientMobility>
		
		<!-- <TreatmentRef>TRT_HOSPITALIZATION_NORMAL</TreatmentRef> - Must be included in Diagnosis Code -->
		
        <Examinations>
			<ExaminationRef>EXM_SLP_BONEBIOPSY_TEST</ExaminationRef>
        </Examinations>
        <Treatments>
            <TreatmentRef>TRT_SLP_CHEMOTHERAPY</TreatmentRef>
        </Treatments>
		
        <ShameLevel>0</ShameLevel>
        <IsMainSymptom>true</IsMainSymptom>
		
        <IconIndex>1</IconIndex>
		
		<CustomIconBigAssetRef>ASSET_ONC_SYM_ICON_137</CustomIconBigAssetRef>
		<CustomIconSmallAssetRef>ASSET_ONC_SYM_ICON_138</CustomIconSmallAssetRef>
    </GameDBSymptom>
	
	<GameDBSymptom ID="SYM_ONCO_BLC08_0_DETECTED">
        <DescriptionLocID>SYM_ONCO_BLC08_0_DETECTED_DESC</DescriptionLocID>
        <DiscomfortLevel>None</DiscomfortLevel>
        <PatientComplains>false</PatientComplains>
        <Hazard>Medium</Hazard>
        <PatientMobility>MOBILE</PatientMobility>
		
		<!-- <TreatmentRef>TRT_HOSPITALIZATION_NORMAL</TreatmentRef> - Must be included in Diagnosis Code 
		<ExaminationRef>EXM_SLP_LYMPHBIOPSY_SAMPLE</ExaminationRef> Patient Side-->
		
        <Examinations>
			<ExaminationRef>EXM_SLP_LYMPHBIOPSY_TEST</ExaminationRef>
        </Examinations>
        <Treatments>
            <TreatmentRef>TRT_SL_ACTIVE_MONITOR</TreatmentRef>
        </Treatments>
		
        <ShameLevel>0</ShameLevel>
        <IsMainSymptom>true</IsMainSymptom>
		
        <IconIndex>1</IconIndex>
		
		<CustomIconBigAssetRef>ASSET_ONC_SYM_ICON_355</CustomIconBigAssetRef>
		<CustomIconSmallAssetRef>ASSET_ONC_SYM_ICON_356</CustomIconSmallAssetRef>
    </GameDBSymptom>
	
	<GameDBSymptom ID="SYM_ONCO_BLC07_0_DETECTED">
        <DescriptionLocID>SYM_ONCO_BLC07_0_DETECTED_DESC</DescriptionLocID>
        <DiscomfortLevel>None</DiscomfortLevel>
        <PatientComplains>false</PatientComplains>
        <Hazard>Medium</Hazard>
        <PatientMobility>MOBILE</PatientMobility>
		
		<!-- <TreatmentRef>TRT_HOSPITALIZATION_NORMAL</TreatmentRef> - Must be included in Diagnosis Code 
		<ExaminationRef>EXM_SLP_LYMPHBIOPSY_SAMPLE</ExaminationRef> Patient Side-->
		
        <Examinations>
			<ExaminationRef>EXM_SLP_LYMPHBIOPSY_TEST</ExaminationRef>
        </Examinations>
        <Treatments>
            <TreatmentRef>TRT_SLP_RCHOP</TreatmentRef>
        </Treatments>
		
        <ShameLevel>0</ShameLevel>
        <IsMainSymptom>true</IsMainSymptom>
		
        <IconIndex>1</IconIndex>
		
		<CustomIconBigAssetRef>ASSET_ONC_SYM_ICON_353</CustomIconBigAssetRef>
		<CustomIconSmallAssetRef>ASSET_ONC_SYM_ICON_354</CustomIconSmallAssetRef>
    </GameDBSymptom>
	
	<GameDBSymptom ID="SYM_ONCO_BREC01_1_DETECTED">
        <DescriptionLocID>SYM_ONCO_BREC01_1_DETECTED_DESC</DescriptionLocID>
        <DiscomfortLevel>None</DiscomfortLevel>
        <PatientComplains>false</PatientComplains>
        <Hazard>Medium</Hazard>
        <PatientMobility>MOBILE</PatientMobility>
		
		<!-- <TreatmentRef>TRT_HOSPITALIZATION_NORMAL</TreatmentRef> 
			 <TreatmentRef>TRT_HOSPITALIZATION_HIGH_PRIORITY</TreatmentRef> 
		     - Must be included in Diagnosis Code if needed -->
			 
		<!-- <ExaminationRef>EXM_BIOPSY_SAMPLING</ExaminationRef> - Patient Side for testing -->
		
        <Examinations>
			<ExaminationRef>EXM_BIOPSY_TESTING</ExaminationRef>
        </Examinations>
        <Treatments>
            <TreatmentRef>TRT_SLP_SEG_MASTECTOMY</TreatmentRef>
        </Treatments>
		
        <ShameLevel>0</ShameLevel>
        <IsMainSymptom>true</IsMainSymptom>
		
        <IconIndex>1</IconIndex>
		
		<CustomIconBigAssetRef>ASSET_ONC_SYM_ICON_239</CustomIconBigAssetRef>
		<CustomIconSmallAssetRef>ASSET_ONC_SYM_ICON_240</CustomIconSmallAssetRef>
    </GameDBSymptom>
	
	<GameDBSymptom ID="SYM_ONCO_BREC01_1M_DETECTED">
        <DescriptionLocID>SYM_ONCO_BREC01_1_DETECTED_DESC</DescriptionLocID>
        <DiscomfortLevel>None</DiscomfortLevel>
        <PatientComplains>false</PatientComplains>
        <Hazard>Medium</Hazard>
        <PatientMobility>MOBILE</PatientMobility>
		
		<!-- <TreatmentRef>TRT_HOSPITALIZATION_NORMAL</TreatmentRef> 
			 <TreatmentRef>TRT_HOSPITALIZATION_HIGH_PRIORITY</TreatmentRef> 
		     - Must be included in Diagnosis Code if needed -->
			 
		<!-- <ExaminationRef>EXM_BIOPSY_SAMPLING</ExaminationRef> - Patient Side for testing -->
		
        <Examinations>
			<ExaminationRef>EXM_BIOPSY_TESTING</ExaminationRef>
        </Examinations>
        <Treatments>
            <TreatmentRef>TRT_SLP_SEG_MASTECTOMY</TreatmentRef>
        </Treatments>
		
        <ShameLevel>0</ShameLevel>
        <IsMainSymptom>true</IsMainSymptom>
		
        <IconIndex>1</IconIndex>
		
		<CustomIconBigAssetRef>ASSET_ONC_SYM_ICON_239</CustomIconBigAssetRef>
		<CustomIconSmallAssetRef>ASSET_ONC_SYM_ICON_240</CustomIconSmallAssetRef>
    </GameDBSymptom>
	
	<GameDBSymptom ID="SYM_ONCO_MC001_1_DETECTED">
        <DescriptionLocID>SYM_ONCO_MC001_1_DETECTED_DESC</DescriptionLocID>
        <DiscomfortLevel>None</DiscomfortLevel>
        <PatientComplains>false</PatientComplains>
        <Hazard>Medium</Hazard>
        <PatientMobility>MOBILE</PatientMobility>
		
        <Examinations>
			<ExaminationRef>EXM_CT</ExaminationRef>
            <ExaminationRef>EXM_MRI</ExaminationRef>
        </Examinations>
        <Treatments>
            <TreatmentRef>TRT_SLP_CHEMOTHERAPY</TreatmentRef>
        </Treatments>
		
        <ShameLevel>0</ShameLevel>
        <IsMainSymptom>true</IsMainSymptom>
		
        <IconIndex>1</IconIndex>
		
		<CustomIconBigAssetRef>ASSET_ONC_SYM_ICON_045</CustomIconBigAssetRef>
		<CustomIconSmallAssetRef>ASSET_ONC_SYM_ICON_046</CustomIconSmallAssetRef>
    </GameDBSymptom>
	
	<GameDBSymptom ID="SYM_ONCO_SC3_4_DETECTED">
        <DescriptionLocID>SYM_ONCO_SC3_4_DETECTED_DESC</DescriptionLocID>
        <DiscomfortLevel>None</DiscomfortLevel>
        <PatientComplains>false</PatientComplains>
        <Hazard>Medium</Hazard>
        <PatientMobility>MOBILE</PatientMobility>
		
        <Examinations>
			<ExaminationRef>EXM_CT</ExaminationRef>
            <ExaminationRef>EXM_MRI</ExaminationRef>
        </Examinations>
        <Treatments>
            <TreatmentRef>TRT_SLP_CHEMOTHERAPY</TreatmentRef>
        </Treatments>
		
        <ShameLevel>0</ShameLevel>
        <IsMainSymptom>true</IsMainSymptom>
		
        <IconIndex>1343</IconIndex>
		
		<CustomIconBigAssetRef>ASSET_ONC_SYM_ICON_003</CustomIconBigAssetRef>
        <CustomIconSmallAssetRef>ASSET_ONC_SYM_ICON_004</CustomIconSmallAssetRef>
		
    </GameDBSymptom>

	<GameDBSymptom ID="SYM_ONCO_SC4_1_DETECTED">
        <DescriptionLocID>SYM_ONCO_SC4_1_DETECTED_DESC</DescriptionLocID>
        <DiscomfortLevel>None</DiscomfortLevel>
        <PatientComplains>false</PatientComplains>
        <Hazard>Medium</Hazard>
        <PatientMobility>MOBILE</PatientMobility>
		
        <Examinations>
            <ExaminationRef>EXM_CT</ExaminationRef>
			<ExaminationRef>EXM_MRI</ExaminationRef>
        </Examinations>
        <Treatments>
            <TreatmentRef>TRT_SLP_CHEMOTHERAPY</TreatmentRef>
        </Treatments>
		
        <ShameLevel>0</ShameLevel>
        <IsMainSymptom>true</IsMainSymptom>
		
        <IconIndex>1343</IconIndex>
		
		<CustomIconBigAssetRef>ASSET_ONC_SYM_ICON_365</CustomIconBigAssetRef>
        <CustomIconSmallAssetRef>ASSET_ONC_SYM_ICON_366</CustomIconSmallAssetRef>
		
    </GameDBSymptom>
	

</Database>