<Database>
    <GameDBStringTable ID="LOC_DE_ADDON_ONCOLOGYSL_EXAMINATIONS">

        <LanguageCode>de</LanguageCode>
        <LanguageNameLocalized>Deutsch</LanguageNameLocalized>

        <Contributors>
			<Name>Sonic1305</Name>
            <Name>Bowelas</Name>
        </Contributors>

        <LocalizedStrings>
            <!-- Examinations -->
            <GameDBLocalizedString>      
			<LocID>EXM_SLP_CCBT</LocID>                                      
			<Text>Katecholamin-Blutentnahme</Text>  
			</GameDBLocalizedString>
			
			<GameDBLocalizedString>      
			<LocID>EXM_SLP_CCBT_DESC</LocID>                                      
			<Text>Katecholamin-Bluttests messen die Menge an Katecholaminen im Körper. "Katecholamine" ist ein Überbegriff für die Hormone Dopamin, Noradrenalin und Adrenalin.</Text>  
			</GameDBLocalizedString>
			
			<GameDBLocalizedString>      
			<LocID>EXM_SLP_CCBT_TEST</LocID>                                      
			<Text>Katecholamin-Bluttest</Text>  
			</GameDBLocalizedString>
			
			<GameDBLocalizedString>      
			<LocID>EXM_SLP_CCBT_TEST_DESC</LocID>                                      
			<Text>Katecholamin-Bluttests messen die Menge an Katecholaminen im Körper. "Katecholamine" ist ein Überbegriff für die Hormone Dopamin, Noradrenalin und Adrenalin.</Text>  
			</GameDBLocalizedString>
			
			<GameDBLocalizedString>      
			<LocID>EXM_SLP_CA</LocID>                                      
			<Text>CA-Blutentnahme</Text>  
			</GameDBLocalizedString>
			
			<GameDBLocalizedString>      
			<LocID>EXM_SLP_CA_DESC</LocID>                                      
			<Text>Ein Cancer Antigen(CA)-Test ist eine Blutuntersuchung, mit deren Hilfe bestimmte Krebsarten diagnostiziert und behandelt werden können. Tumormarker sind Substanzen, in der Regel Proteine, die vom Körper als Reaktion auf das Krebswachstum oder vom Krebsgewebe selbst produziert werden. Einige Tumormarker sind spezifisch für eine Krebsart, während andere bei mehreren Krebsarten auftreten. Viele der bekannten Marker treten nicht nur bei Krebs, sondern auch bei Krebserkrankungen auf. Folglich können sie nicht zur Diagnose von Krebs verwendet werden. \ n \ nErforderliches Labor: Hämatologie</Text>  
			</GameDBLocalizedString>
			
			<GameDBLocalizedString>      
			<LocID>EXM_SLP_CA_TEST</LocID>                                      
			<Text>CA-Bluttest</Text>  
			</GameDBLocalizedString>
			
			<GameDBLocalizedString>      
			<LocID>EXM_SLP_CA_TEST_DESC</LocID>                                      
			<Text>Ein Cancer Antigen(CA)-Test ist eine Blutuntersuchung, mit deren Hilfe bestimmte Krebsarten diagnostiziert und behandelt werden können. Tumormarker sind Substanzen, in der Regel Proteine, die vom Körper als Reaktion auf das Krebswachstum oder vom Krebsgewebe selbst produziert werden. Einige Tumormarker sind spezifisch für eine Krebsart, während andere bei mehreren Krebsarten auftreten. Viele der bekannten Marker treten nicht nur bei Krebs, sondern auch bei Krebserkrankungen auf. Folglich können sie nicht zur Diagnose von Krebs verwendet werden.</Text>  
			</GameDBLocalizedString>
			
			<GameDBLocalizedString>      
			<LocID>EXM_SLP_COLONOSCOPY</LocID>                                      
			<Text>Koloskopie</Text>  
			</GameDBLocalizedString>
			
			<GameDBLocalizedString>      
			<LocID>EXM_SLP_COLONOSCOPY_DESC</LocID>                                      
			<Text>Eine Darmspiegelung ist ein medizinischer Eingriff, bei dem nach Krebs, Darmpolypen oder anderen Anomalien im Darm gesucht wird. Die Koloskopie wird mit einem Instrument durchgeführt, das als Koloskop (eine Art Endoskop) bezeichnet wird - ein langer, dünner, flexibler Schlauch, der eine Kamera und ein Licht enthält.</Text>  
			</GameDBLocalizedString>
			
				<GameDBLocalizedString>      
			<LocID>EXM_SLP_UAS</LocID>                                      
			<Text>Urin Antigenspiegel Probenahme</Text>  
			</GameDBLocalizedString>
			
			<GameDBLocalizedString>      
			<LocID>EXM_SLP_UAS_DESC</LocID>                                      
			<Text>Urintest zur Überprüfung der Menge krebsbedingter Antigene im Urin. Indem die Konzentration des vergossenen Antigens aus einer Vielzahl von Pathogenen in den Nieren für die Ausscheidung im Urin genutzt wird, können Urinantigentests verwendet werden, um schnelle Testergebnisse zu erhalten. \ n \ nErforderliches Labor: Histologie</Text>  
			</GameDBLocalizedString>
			
			<GameDBLocalizedString>      
			<LocID>EXM_SLP_UAS_TEST</LocID>                                      
			<Text>Urin Antigenspiegel Test</Text>  
			</GameDBLocalizedString>
			
			<GameDBLocalizedString>      
			<LocID>EXM_SLP_UAS_TEST_DESC</LocID>                                      
			<Text>Urintest zur Überprüfung der Menge krebsbedingter Antigene im Urin. Indem die Konzentration des vergossenen Antigens aus einer Vielzahl von Pathogenen in den Nieren für die Ausscheidung im Urin genutzt wird, können Urinantigentests verwendet werden, um schnelle Testergebnisse zu erhalten.</Text>  
			</GameDBLocalizedString>
			
			<GameDBLocalizedString>      
			<LocID>EXM_SLP_BONEBIOPSY_SAMPLE</LocID>                                      
			<Text>Knochenmark-Biopsieprobe</Text>  
			</GameDBLocalizedString>
			
			<GameDBLocalizedString>      
			<LocID>EXM_SLP_BONEBIOPSY_SAMPLE_DESC</LocID>                                      
			<Text>Eine Knochenmarkbiopsie sammelt eine zylindrische Kernprobe, die die Knochenmarkstruktur bewahrt. Die Biopsieprobe wird von einem Spezialisten ausgewertet, um die Zellularität zu bestimmen. Das Zellvolumen wird mit dem Volumen anderer Bestandteile des Knochenmarks verglichen, ob die verschiedenen Zelllinien in ausreichender Anzahl vorliegen und ob abnorme Infiltrate im Knochenmark vorhanden sind.</Text>  
			</GameDBLocalizedString>
			
			<GameDBLocalizedString>      
			<LocID>EXM_SLP_BONEBIOPSY_TEST</LocID>                                      
			<Text>Knochenmark-Biopsietest</Text>  
			</GameDBLocalizedString>
			
			<GameDBLocalizedString>      
			<LocID>EXM_SLP_BONEBIOPSY_TEST_DESC</LocID>                                      
			<Text>Eine Knochenmarkbiopsie sammelt eine zylindrische Kernprobe, die die Knochenmarkstruktur bewahrt. Die Biopsieprobe wird von einem Spezialisten ausgewertet, um die Zellularität zu bestimmen. Das Zellvolumen wird mit dem Volumen anderer Bestandteile des Knochenmarks verglichen, ob die verschiedenen Zelllinien in ausreichender Anzahl vorliegen und ob abnorme Infiltrate im Knochenmark vorhanden sind.</Text>  
			</GameDBLocalizedString>
			
			<GameDBLocalizedString>      
			<LocID>EXM_SLP_FLOWCYT</LocID>                                      
			<Text>Durchflusszytometrie-Probe</Text>  
			</GameDBLocalizedString>
			
			<GameDBLocalizedString>      
			<LocID>EXM_SLP_FLOWCYT_DESC</LocID>                                      
			<Text>Die Durchflusszytometrie ist eine Technik, mit der physikalische und chemische Eigenschaften einer Population von Zellen oder Partikeln erfasst und gemessen werden. Eine Probe, die Zellen oder Partikel enthält, wird in einer Flüssigkeit suspendiert und in das Durchflusszytometer-Instrument injiziert.</Text>  
			</GameDBLocalizedString>
			
			<GameDBLocalizedString>      
			<LocID>EXM_SLP_FLOWCYT_TEST</LocID>                                      
			<Text>Durchflusszytometrie-Test</Text>  
			</GameDBLocalizedString>
			
			<GameDBLocalizedString>      
			<LocID>EXM_SLP_FLOWCYT_TEST_DESC</LocID>                                      
			<Text>Die Durchflusszytometrie ist eine Technik, mit der physikalische und chemische Eigenschaften einer Population von Zellen oder Partikeln erfasst und gemessen werden. Eine Probe, die Zellen oder Partikel enthält, wird in einer Flüssigkeit suspendiert und in das Durchflusszytometer-Instrument injiziert.</Text>  
			</GameDBLocalizedString>

			<GameDBLocalizedString>      
			<LocID>EXM_SLP_CBC_SAMPLING</LocID>                                      
			<Text>(Onkologie) CBC-Probenahme</Text>  
			</GameDBLocalizedString>
			
			<GameDBLocalizedString>      
			<LocID>EXM_SLP_BLOOD_SMEAR_SAMPLE</LocID>                                      
			<Text>Blutausstrichprobe</Text>  
			</GameDBLocalizedString>
			
			<GameDBLocalizedString>      
			<LocID>EXM_SLP_BLOOD_SMEAR_SAMPLE_DESC</LocID>                                      
			<Text>Ein Blutfilm - oder peripherer Blutausstrich - ist eine dünne Blutschicht, die auf einem Glasobjektträger verschmiert und dann so angefärbt wird, dass die verschiedenen Blutzellen mikroskopisch untersucht werden können.</Text>  
			</GameDBLocalizedString>
			
			<GameDBLocalizedString>      
			<LocID>EXM_SLP_BLOOD_SMEAR_TEST</LocID>                                      
			<Text>Blutabstrich-Test</Text>  
			</GameDBLocalizedString>
			
			<GameDBLocalizedString>      
			<LocID>EXM_SLP_BLOOD_SMEAR_TEST_DESC</LocID>                                      
			<Text>Ein Blutfilm - oder peripherer Blutausstrich - ist eine dünne Blutschicht, die auf einem Glasobjektträger verschmiert und dann so angefärbt wird, dass die verschiedenen Blutzellen mikroskopisch untersucht werden können.</Text>  
			</GameDBLocalizedString>
			
			<GameDBLocalizedString>      
			<LocID>EXM_SLP_LIVER_FT_SAMPLING</LocID>                                      
			<Text>Leberfunktionstest-Probenahme</Text>  
			</GameDBLocalizedString>
			
			<GameDBLocalizedString>      
			<LocID>EXM_SLP_LIVER_FT_SAMPLING_DESC</LocID>                                      
			<Text>Leberfunktionstests (auch LFT genannt) sind Blutuntersuchungen, die Aufschluss über die Funktionsweise der Leber geben können. Sie testen den Gehalt einer Reihe von Proteinen und Enzymen, die entweder von Leberzellen produziert oder bei Schädigung von Leberzellen ins Blut abgegeben werden. \ n \ nErforderliches Labor: Hämatologie</Text>  
			</GameDBLocalizedString>
			
			<GameDBLocalizedString>      
			<LocID>EXM_SLP_LIVER_FT_TEST</LocID>                                      
			<Text>Leberfunktionstest</Text>  
			</GameDBLocalizedString>
			
			<GameDBLocalizedString>      
			<LocID>EXM_SLP_LIVER_FT_TEST_DESC</LocID>                                      
			<Text>Leberfunktionstests (auch LFT genannt) sind Blutuntersuchungen, die Aufschluss über die Funktionsweise der Leber geben können. Sie testen den Gehalt einer Reihe von Proteinen und Enzymen, die entweder von Leberzellen produziert oder bei Schädigung von Leberzellen ins Blut abgegeben werden.</Text>  
			</GameDBLocalizedString>
			
			
			<GameDBLocalizedString>      
			<LocID>EXM_SLP_FISH_SAMPLE</LocID>                                      
			<Text>F.I.S.H. Probenahme</Text>  
			</GameDBLocalizedString>
			
			<GameDBLocalizedString>      
			<LocID>EXM_SLP_FISH_SAMPLE_DESC</LocID>                                      
			<Text>Die Fluoreszenz-in-situ-Hybridisierung (FISH) ist eine molekularzytogenetische Technik, bei der fluoreszierende Sonden verwendet werden, die nur an die Teile einer Nukleinsäuresequenz mit einem hohen Grad an Sequenzkomplementarität binden. Es wurde in den frühen 1980er Jahren von biomedizinischen Forschern entwickelt, um das Vorhandensein oder Fehlen spezifischer DNA-Sequenzen auf Chromosomen nachzuweisen und zu lokalisieren. Mithilfe der Fluoreszenzmikroskopie kann festgestellt werden, wo die Fluoreszenzsonde an die Chromosomen gebunden ist. FISH wird häufig zum Auffinden spezifischer Merkmale in der DNA zur Verwendung in der genetischen Beratung, Medizin und Artenidentifikation verwendet. FISH kann auch zum Nachweis und zur Lokalisierung spezifischer RNA-Ziele (mRNA, lncRNA und miRNA) in Zellen, zirkulierenden Tumorzellen und Gewebeproben verwendet werden. \ n \ nErforderliches Labor: Histologie</Text>  
			</GameDBLocalizedString>
			
			<GameDBLocalizedString>      
			<LocID>EXM_SLP_FISH_TEST</LocID>                                      
			<Text>F.I.S.H. Test</Text>  
			</GameDBLocalizedString>
			
			<GameDBLocalizedString>      
			<LocID>EXM_SLP_FISH_TEST_DESC</LocID>                                      
			<Text>Die Fluoreszenz-in-situ-Hybridisierung (FISH) ist eine molekularzytogenetische Technik, bei der fluoreszierende Sonden verwendet werden, die nur an die Teile einer Nukleinsäuresequenz mit einem hohen Grad an Sequenzkomplementarität binden. Es wurde in den frühen 1980er Jahren von biomedizinischen Forschern entwickelt, um das Vorhandensein oder Fehlen spezifischer DNA-Sequenzen auf Chromosomen nachzuweisen und zu lokalisieren. Mithilfe der Fluoreszenzmikroskopie kann festgestellt werden, wo die Fluoreszenzsonde an die Chromosomen gebunden ist. FISH wird häufig zum Auffinden spezifischer Merkmale in der DNA zur Verwendung in der genetischen Beratung, Medizin und Artenidentifikation verwendet. FISH kann auch zum Nachweis und zur Lokalisierung spezifischer RNA-Ziele (mRNA, lncRNA und miRNA) in Zellen, zirkulierenden Tumorzellen und Gewebeproben verwendet werden.</Text>  
			</GameDBLocalizedString>
			
			
			<GameDBLocalizedString>      
			<LocID>EXM_SLP_IV_STAINING_SAMPLE</LocID>                                      
			<Text>In-Vitro-Färbeprobe</Text>  
			</GameDBLocalizedString>
			
			<GameDBLocalizedString>      
			<LocID>EXM_SLP_IV_STAINING_SAMPLE_DESC</LocID>                                      
			<Text>Die Färbung ist eine Technik, mit der der Kontrast in Proben im Allgemeinen auf mikroskopischer Ebene erhöht wird. Flecken und Farbstoffe werden häufig in der Histologie (Untersuchung von Gewebe unter dem Mikroskop) und in den medizinischen Bereichen der Histopathologie, Hämatologie und Zytopathologie verwendet, die sich auf die Untersuchung und Diagnose von Krankheiten auf mikroskopischer Ebene konzentrieren. Mit Färbungen können biologische Gewebe (zum Beispiel Muskelfasern oder Bindegewebe), Zellpopulationen (Klassifizierung verschiedener Blutzellen) oder Organellen innerhalb einzelner Zellen definiert werden. \ n \ nErforderliches Labor: Histologie</Text>  
			</GameDBLocalizedString>
			
			<GameDBLocalizedString>      
			<LocID>EXM_SLP_IV_STAINING_TEST</LocID>                                      
			<Text>In-Vitro-Färbetest</Text>  
			</GameDBLocalizedString>
			
			<GameDBLocalizedString>      
			<LocID>EXM_SLP_IV_STAINING_TEST_DESC</LocID>                                      
			<Text>Die Färbung ist eine Technik, mit der der Kontrast in Proben im Allgemeinen auf mikroskopischer Ebene erhöht wird. Flecken und Farbstoffe werden häufig in der Histologie (Untersuchung von Gewebe unter dem Mikroskop) und in den medizinischen Bereichen der Histopathologie, Hämatologie und Zytopathologie verwendet, die sich auf die Untersuchung und Diagnose von Krankheiten auf mikroskopischer Ebene konzentrieren. Mit Färbungen können biologische Gewebe (zum Beispiel Muskelfasern oder Bindegewebe), Zellpopulationen (Klassifizierung verschiedener Blutzellen) oder Organellen innerhalb einzelner Zellen definiert werden.</Text>  
			</GameDBLocalizedString>
			
			<!-- ### ### -->
			<!-- ######################################## Content for V0.13 Added Below ######################################## -->
			<!-- ### ### -->
			
			<GameDBLocalizedString>      
			<LocID>EXM_SL_X_RAY_MAMMOGRAM</LocID>                                      
			<Text>Mammogramm</Text>  
			</GameDBLocalizedString>
			
			<GameDBLocalizedString>      
			<LocID>EXM_SL_X_RAY_MAMMOGRAM_DESC</LocID>                                      
			<Text>Eine Mammographie ist eine Röntgenaufnahme des Brustgewebes, bei der Veränderungen zu gering sind, um während einer körperlichen Untersuchung wahrgenommen zu werden. \ n \ nWünschter Raum: Röntgenlabor</Text>  
			</GameDBLocalizedString>
			
			<GameDBLocalizedString>      
			<LocID>EXM_SLP_FNA_SAMPLE</LocID>                                      
			<Text>Feinnadel-Aspirationsprobe</Text>  
			</GameDBLocalizedString>
			
			<GameDBLocalizedString>      
			<LocID>EXM_SLP_FNA_SAMPLE_DESC</LocID>                                      
			<Text>Die Feinnadelaspiration ist ein schnelleres, schmerzfreieres Biopsieverfahren zur Entnahme von Gewebe-, Zell- oder Flüssigkeitsproben. Bei der Feinnadelaspiration wird eine dünne Nadel in einen Bereich mit anomal auftretendem Gewebe oder Körperflüssigkeit eingeführt. Wie bei anderen Arten von Biopsien kann die Probe, die während der Feinnadelaspiration entnommen wird, dazu beitragen, eine Diagnose zu stellen oder Erkrankungen wie Krebs auszuschließen. \ n \ nErforderliches Labor: Histologie</Text>  
			</GameDBLocalizedString>
			
			<GameDBLocalizedString>      
			<LocID>EXM_SLP_FNA_TEST</LocID>                                      
			<Text>Feinnadel-Aspirationstest</Text>  
			</GameDBLocalizedString>
			
			<GameDBLocalizedString>      
			<LocID>EXM_SLP_FNA_TEST_DESC</LocID>                                      
			<Text>Die Feinnadelaspiration ist ein schnelleres, schmerzfreieres Biopsieverfahren zur Entnahme von Gewebe-, Zell- oder Flüssigkeitsproben. Bei der Feinnadelaspiration wird eine dünne Nadel in einen Bereich mit anomal auftretendem Gewebe oder Körperflüssigkeit eingeführt. Wie bei anderen Arten von Biopsien kann die während der Feinnadelaspiration entnommene Probe zur Unterstützung einer Diagnose verwendet werden.</Text>  
			</GameDBLocalizedString>
			
			<GameDBLocalizedString>      
			<LocID>EXM_SLP_EMICRO_SAMPLE</LocID>                                      
			<Text>Elektronenmikroskopische Probe</Text>  
			</GameDBLocalizedString>
			
			<GameDBLocalizedString>      
			<LocID>EXM_SLP_EMICRO_SAMPLE_DESC</LocID>                                      
			<Text>Die diagnostische Elektronenmikroskopie wird als wichtiges diagnostisches Instrument zum Screening von menschlichem Gewebe bei hoher Vergrößerung (der ultrastrukturellen Ebene) verwendet. Für diagnostische Zwecke werden feste Gewebe wie andere biologische Gewebe auf TEM vorbereitet, in Glutaraldehyd und Osmiumtetroxid fixiert, dann dehydriert und in Epoxidharz eingebettet. \ n \ nErforderliches Labor: Histologie</Text>  
			</GameDBLocalizedString>
			
			<GameDBLocalizedString>      
			<LocID>EXM_SLP_EMICRO_TEST</LocID>                                      
			<Text>Elektronenmikroskopie-Test</Text>  
			</GameDBLocalizedString>
			
			<GameDBLocalizedString>      
			<LocID>EXM_SLP_EMICRO_TEST_DESC</LocID>                                      
			<Text>Die diagnostische Elektronenmikroskopie wird als wichtiges diagnostisches Instrument zum Screening von menschlichem Gewebe bei hoher Vergrößerung (der ultrastrukturellen Ebene) verwendet. Für diagnostische Zwecke werden feste Gewebe wie andere biologische Gewebe auf TEM vorbereitet, in Glutaraldehyd und Osmiumtetroxid fixiert, dann dehydriert und in Epoxidharz eingebettet.</Text>  
			</GameDBLocalizedString>
			
			<GameDBLocalizedString>      
			<LocID>EXM_SLP_PELVIC_EXAM</LocID>                                      
			<Text>Gynäkologische Untersuchung (Onkologie)</Text>  
			</GameDBLocalizedString>
			
			<GameDBLocalizedString>      
			<LocID>EXM_SLP_PELVIC_EXAM_DESC</LocID>                                      
			<Text>Eine gynäkologische Untersuchung ist eine ärztliche visuelle und körperliche Untersuchung der Fortpflanzungsorgane einer Frau. Während der Untersuchung untersucht der Arzt die Scheide, den Gebärmutterhals, die Eileiter, die Vulva, die Eierstöcke und die Gebärmutter.</Text>  
			</GameDBLocalizedString>
			
			<GameDBLocalizedString>      
			<LocID>EXM_SLP_DRE_EXAM</LocID>                                      
			<Text>Digitale Rektaluntersuchung (DRE)</Text>  
			</GameDBLocalizedString>
			
			<GameDBLocalizedString>      
			<LocID>EXM_SLP_DRE_EXAM_DESC</LocID>                                      
			<Text>Eine digitale Rektaluntersuchung (DRE) ist ein Test für Männer und Frauen. Es ermöglicht einem Arzt, das untere Rektum, das Becken und den unteren Bauch auf Krebs und andere Gesundheitsprobleme wie Prostatakrebs zu untersuchen.</Text>  
			</GameDBLocalizedString>

			<GameDBLocalizedString>      
			<LocID>EXM_SLP_MINERALT_SAMPLE</LocID>                                      
			<Text>Umfassende Mineralienprobenahme</Text>  
			</GameDBLocalizedString>
			
			<GameDBLocalizedString>      
			<LocID>EXM_SLP_MINERALT_SAMPLE_DESC</LocID>                                      
			<Text>Das umfassende Mineralpanel umfasst die Untersuchung des Blutes auf fünf Mineralien und dient zum Nachweis von Mängeln oder Überbelichtungen (Toxizität) im gesamten Mineralienspektrum. Dieses Panel enthält Testniveaus der folgenden fünf Mineralien: Kalzium, Kupfer, Magnesium, Mangan und Zink. \ n \ nErforderliches Labor: Hämatologie</Text>  
			</GameDBLocalizedString>
			
			<GameDBLocalizedString>      
			<LocID>EXM_SLP_MINERALT_TEST</LocID>                                      
			<Text>Umfassender Mineralien-Panel-Test</Text>  
			</GameDBLocalizedString>
			
			<GameDBLocalizedString>      
			<LocID>EXM_SLP_MINERALT_TEST_DESC</LocID>                                      
			<Text>Das umfassende Mineralpanel umfasst die Untersuchung des Blutes auf fünf Mineralien und dient zum Nachweis von Mängeln oder Überbelichtungen (Toxizität) im gesamten Mineralienspektrum. Dieses Panel enthält Testniveaus der folgenden fünf Mineralien: Kalzium, Kupfer, Magnesium, Mangan und Zink.</Text>  
			</GameDBLocalizedString>
			
			<GameDBLocalizedString>      
			<LocID>EXM_SLP_LYMPHBIOPSY_SAMPLE</LocID>                                      
			<Text>Lymphknotenbiopsie-Probenahme</Text>  
			</GameDBLocalizedString>
			
			<GameDBLocalizedString>      
			<LocID>EXM_SLP_LYMPHBIOPSY_SAMPLE_DESC</LocID>                                      
			<Text>Die Lymphknotenbiopsie ist ein Test, bei dem ein Lymphknoten oder ein Stück eines Lymphknotens zur Untersuchung unter einem Mikroskop entfernt wird. Eine Lymphknotenbiopsie kann helfen, festzustellen, ob der Patient eine Infektion, eine Immunerkrankung oder Krebs hat. \ n \ nErforderliches Labor: Histologie</Text>  
			</GameDBLocalizedString>
			
			<GameDBLocalizedString>      
			<LocID>EXM_SLP_LYMPHBIOPSY_TEST</LocID>                                      
			<Text>Lymphknotenbiopsie-Test</Text>  
			</GameDBLocalizedString>
			
			<GameDBLocalizedString>      
			<LocID>EXM_SLP_LYMPHBIOPSY_TEST_DESC</LocID>                                      
			<Text>Die Lymphknotenbiopsie ist ein Test, bei dem ein Lymphknoten oder ein Stück eines Lymphknotens zur Untersuchung unter einem Mikroskop entfernt wird. Eine Lymphknotenbiopsie kann helfen, festzustellen, ob der Patient eine Infektion, eine Immunerkrankung oder Krebs hat.</Text>  
			</GameDBLocalizedString>
			
			<GameDBLocalizedString>      
			<LocID>EXM_SLP_CEA</LocID> <!-- ############# OBSOLETE - ADDED IN FOR CRASH PROTECTION -->                                     
			<Text>(OBSOLETE) Test Removed</Text>  
			</GameDBLocalizedString>
			
			<GameDBLocalizedString>      
			<LocID>EXM_SLP_CEA_DESC</LocID> <!-- ############# OBSOLETE - ADDED IN FOR CRASH PROTECTION -->                                         
			<Text>This test has been removed from this mod but the code remains to protect players that may still has these pending.</Text>  
			</GameDBLocalizedString>
			
			<GameDBLocalizedString>       
			<LocID>EXM_SLP_CEA_TEST</LocID> <!-- ############# OBSOLETE - ADDED IN FOR CRASH PROTECTION -->                                          
			<Text>(OBSOLETE) Test Removed</Text>  
			</GameDBLocalizedString>
			
			<GameDBLocalizedString>      
			<LocID>EXM_SLP_CEA_TEST_DESC</LocID> <!-- ############# OBSOLETE - ADDED IN FOR CRASH PROTECTION -->                                          
			<Text>This test has been removed from this mod but the code remains to protect players that may still has these pending.</Text>  
			</GameDBLocalizedString>
			
			<GameDBLocalizedString>      
			<LocID>EXM_SLP_5HIAA</LocID> <!-- ############# OBSOLETE - ADDED IN FOR CRASH PROTECTION -->                                     
			<Text>(OBSOLETE) Test Removed</Text>  
			</GameDBLocalizedString>
			
			<GameDBLocalizedString>      
			<LocID>EXM_SLP_5HIAA_DESC</LocID> <!-- ############# OBSOLETE - ADDED IN FOR CRASH PROTECTION -->                                         
			<Text>This test has been removed from this mod but the code remains to protect players that may still has these pending.</Text>  
			</GameDBLocalizedString>
			
			<GameDBLocalizedString>       
			<LocID>EXM_SLP_5HIAA_TEST</LocID> <!-- ############# OBSOLETE - ADDED IN FOR CRASH PROTECTION -->                                          
			<Text>(OBSOLETE) Test Removed</Text>  
			</GameDBLocalizedString>
			
			<GameDBLocalizedString>      
			<LocID>EXM_SLP_5HIAA_TEST_DESC</LocID> <!-- ############# OBSOLETE - ADDED IN FOR CRASH PROTECTION -->                                          
			<Text>This test has been removed from this mod but the code remains to protect players that may still has these pending.</Text>  
			</GameDBLocalizedString>
			
			<GameDBLocalizedString>      
			<LocID>EXM_SLP_CHRAB</LocID> <!-- ############# OBSOLETE - ADDED IN FOR CRASH PROTECTION -->                                     
			<Text>(OBSOLETE) Test Removed</Text>  
			</GameDBLocalizedString>
			
			<GameDBLocalizedString>      
			<LocID>EXM_SLP_CHRAB_DESC</LocID> <!-- ############# OBSOLETE - ADDED IN FOR CRASH PROTECTION -->                                         
			<Text>This test has been removed from this mod but the code remains to protect players that may still has these pending.</Text>  
			</GameDBLocalizedString>
			
			<GameDBLocalizedString>       
			<LocID>EXM_SLP_CHRAB_TEST</LocID> <!-- ############# OBSOLETE - ADDED IN FOR CRASH PROTECTION -->                                          
			<Text>(OBSOLETE) Test Removed</Text>  
			</GameDBLocalizedString>
			
			<GameDBLocalizedString>      
			<LocID>EXM_SLP_CHRAB_TEST_DESC</LocID> <!-- ############# OBSOLETE - ADDED IN FOR CRASH PROTECTION -->                                          
			<Text>This test has been removed from this mod but the code remains to protect players that may still has these pending.</Text>  
			</GameDBLocalizedString>

			<!-- ### ### -->
			<!-- ######################################## Content for V0.13.2.0 Added Below ######################################## -->
			<!-- ### ### -->
			
			<GameDBLocalizedString>      
			<LocID>EXM_SLP_COLONOSCOPY_BIOPSY_SAMPLE</LocID>                                      
			<Text>Koloskopiebiopsie-Probenahme</Text>  
			</GameDBLocalizedString>
			
			<GameDBLocalizedString>      
			<LocID>EXM_SLP_COLONOSCOPY_BIOPSY_SAMPLE_DESC</LocID>                                      
			<Text>Eine Koloskopie ist ein medizinisches Verfahren, mit dem nach Krebs, Dickdarmpolypen oder anderen Anomalien in Ihrem Darm gesucht wird. Die Koloskopie wird mit einem Instrument durchgeführt, das als Koloskop (eine Art Endoskop) bezeichnet wird - einem langen, dünnen, flexiblen Schlauch, der eine Kamera und ein Licht enthält. Während der Koloskopie führt der Arzt ein Instrument durch das Koloskop, um eine Biopsie (eine kleine Probe der Dickdarmschleimhaut) zu erhalten, die weiter analysiert werden soll. \ n \ n Erforderliches Labor: Histologie</Text>  
			</GameDBLocalizedString>
			
			<GameDBLocalizedString>      
			<LocID>EXM_SLP_COLONOSCOPY_BIOPSY_TEST</LocID>                                      
			<Text>Koloskopiebiopsie-Test</Text>  
			</GameDBLocalizedString>
			
			<GameDBLocalizedString>      
			<LocID>EXM_SLP_COLONOSCOPY_BIOPSY_TEST_DESC</LocID>                                      
			<Text>Eine Koloskopie ist ein medizinisches Verfahren, mit dem nach Krebs, Dickdarmpolypen oder anderen Anomalien in Ihrem Darm gesucht wird. Die Koloskopie wird mit einem Instrument durchgeführt, das als Koloskop (eine Art Endoskop) bezeichnet wird - einem langen, dünnen, flexiblen Schlauch, der eine Kamera und ein Licht enthält. Während der Koloskopie führt der Arzt ein Instrument durch das Koloskop, um eine Biopsie (eine kleine Probe der Dickdarmschleimhaut) zu erhalten, die weiter analysiert werden soll.</Text>  
			</GameDBLocalizedString>
			
			<!-- ### ### -->
			<!-- ######################################## Content for V0.13.3.0 Added Below ######################################## -->
			<!-- ### ### -->
			
			<GameDBLocalizedString>      
			<LocID>EXM_SLP_LIVER_BIOPSY_SAMPLE</LocID>                                      
			<Text>Leberbiopsie-Probenahme</Text>  
			</GameDBLocalizedString>
			
			<GameDBLocalizedString>      
			<LocID>EXM_SLP_LIVER_BIOPSY_SAMPLE_DESC</LocID>                                      
			<Text>Eine Leberbiopsie ist ein Verfahren, bei dem eine kleine Nadel in die Leber eingeführt wird, um eine Gewebeprobe zu entnehmen. Das Gewebe wird dann in einem Labor analysiert, um Ärzten bei der Diagnose einer Vielzahl von Störungen und Krankheiten in der Leber zu helfen. \ n \ n Erforderliches Labor: Histologie</Text>  
			</GameDBLocalizedString>
			
			<GameDBLocalizedString>      
			<LocID>EXM_SLP_LIVER_BIOPSY_TEST</LocID>                                      
			<Text>Leberbiopsie-Test</Text>  
			</GameDBLocalizedString>
			
			<GameDBLocalizedString>      
			<LocID>EXM_SLP_LIVER_BIOPSY_TEST_DESC</LocID>                                      
			<Text>Eine Leberbiopsie ist ein Verfahren, bei dem eine kleine Nadel in die Leber eingeführt wird, um eine Gewebeprobe zu entnehmen. Das Gewebe wird dann in einem Labor analysiert, um Ärzten bei der Diagnose einer Vielzahl von Störungen und Krankheiten in der Leber zu helfen.</Text>  
			</GameDBLocalizedString>

			<!-- ### ### -->
			<!-- ######################################## Content for V0.13.4.1 Added Below ######################################## -->
			<!-- ### ### -->

</LocalizedStrings>
</GameDBStringTable>
</Database>