<Database>

<GameDBStringTable ID="LOC_RU_ADDON_ONCO_BUILDING_MODE">
<LanguageCode>ru</LanguageCode>
<LanguageNameLocalized>Русский</LanguageNameLocalized>
<Contributors>
<Name>U-ru-Ru</Name>
<Name>Anubis</Name>
</Contributors>

<LocalizedStrings>
	<GameDBLocalizedString>      
		<LocID>ROOM_TYPE_ONCO_OFFICE</LocID>                          	
		<Text>Кабинет онколога</Text>   
	</GameDBLocalizedString>
	<GameDBLocalizedString>      
		<LocID>ROOM_TYPE_ONCO_OFFICE_DESCRIPTION</LocID>              	
		<Text>Кабинет врача, специализирующийся на онкологии. Требования к персоналу:\n1x врач</Text>  
	</GameDBLocalizedString>

	<GameDBLocalizedString>      
		<LocID>OBJECT_DECAL_MOD_ONCO</LocID>       			
		<Text>Онкология А</Text>  
	</GameDBLocalizedString>
			
    <GameDBLocalizedString>      
		<LocID>OBJECT_DECAL_ONCO_DESC</LocID>       
		<Text>Настенный знак онкологического отделения</Text>  
	</GameDBLocalizedString>
	
	<GameDBLocalizedString>      
		<LocID>OBJECT_DECAL_MOD_ONCO1</LocID>       			
		<Text>Oncology Б</Text>  
	</GameDBLocalizedString>
	
	<GameDBLocalizedString>      
		<LocID>OBJECT_DECAL_MOD_ONCO2</LocID>       			
		<Text>Oncology В</Text>  
	</GameDBLocalizedString>
	
	<GameDBLocalizedString>      
		<LocID>OBJECT_DECAL_MOD_ONCO3</LocID>       			
		<Text>Oncology Г</Text>  
	</GameDBLocalizedString>
	
	<!-- ### ### -->
	<!-- ######################################## V0.13 Below ######################################## -->
	<!-- ### ### -->
	
	<GameDBLocalizedString>
		<LocID>ROOM_TYPE_INPATIENT_ONCO_OFFICE</LocID>                               
		<Text>Кабинет общей диагностики</Text>   
	</GameDBLocalizedString>
            
	<GameDBLocalizedString>      
		<LocID>ROOM_TYPE_INPATIENT_ONCO_OFFICE_DESC</LocID>                   
		<Text>Кабинет общей диагностики в онкологическом отделении обеспечивает обследование и лечение госпитализированных пациентов. \n\nМин. требования к персоналу: \n1x врач \n(Персонал, работающий в оридинаторской)</Text>
	</GameDBLocalizedString>
	
	<GameDBLocalizedString>
		<LocID>ROOM_TYPE_ONCO_NEURODIAGNOSTIC_UNIT_NE</LocID> <!-- Not used at the moment -->                    
		<Text>Кабинет онкологических нейрообследований</Text>  
	</GameDBLocalizedString>
	
	<GameDBLocalizedString>      
		<LocID>ROOM_TYPE_ONCO_NEURODIAGNOSTIC_UNIT_NE_DESC</LocID> <!-- Not used at the moment -->        
		<Text>Кабинет нейрообследований предоставляет специальные неврологические обследования для поддержки онкологии. \n\nМин. требования к персоналу: \n1x Лаборант - невролог</Text>  
	</GameDBLocalizedString>
	
	<GameDBLocalizedString>      
		<LocID>ROOM_TYPE_DIAGNOSTIC_SONOGRAPHY_UNIT_ONCO</LocID>                     
		<Text>Кабинет УЗИ</Text>  
	</GameDBLocalizedString>
            
	<GameDBLocalizedString>      
		<LocID>ROOM_TYPE_DIAGNOSTIC_SONOGRAPHY_UNIT_ONCO_DESCRIPTION</LocID>         
		<Text>Кабинет УЗИ позволяет проводить определенные ультразвуковые обследования и процедуры. \n\nМин. требования к персоналу: \n1x лаборант - УЗИ</Text>  
	</GameDBLocalizedString>
	
	<!-- ### ### -->
	<!-- ######################################## V0.13.2.0 Below ######################################## -->
	<!-- ### ### -->
            
	<GameDBLocalizedString>      
		<LocID>MOD_ONCO_OBJECT_PICT01</LocID>                               
		<Text>Картина онкология А</Text>  
	</GameDBLocalizedString>
	
    <GameDBLocalizedString>      
		<LocID>MOD_ONCO_OBJECT_PICT01_DESC</LocID>                   
		<Text>Картинка в рамке, чтобы напомнить пациентам никогда не терять надежду.</Text>  
	</GameDBLocalizedString>
    
	<GameDBLocalizedString>      
		<LocID>MOD_ONCO_OBJECT_PICT02</LocID>                               
		<Text>Картина онкология Б</Text>  
	</GameDBLocalizedString>
	
    <GameDBLocalizedString>      
		<LocID>MOD_ONCO_OBJECT_PICT02_DESC</LocID>                   
		<Text>Картинка в рамке, чтобы напомнить пациентам никогда не терять надежду.</Text>  
	</GameDBLocalizedString>
	
	<GameDBLocalizedString>      
		<LocID>MOD_ONCO_OBJECT_CUBE1</LocID>                               
		<Text>Шкаф четыре куба A-E</Text>  
	</GameDBLocalizedString>
	
    <GameDBLocalizedString>      
		<LocID>MOD_ONCO_OBJECT_CUBE1_DESC</LocID>                   
		<Text>Пустой шкаф из четырех кубов.</Text>  
	</GameDBLocalizedString>
	
	<GameDBLocalizedString>      
		<LocID>MOD_ONCO_OBJECT_CUBE2</LocID>                               
		<Text>Шкаф четыре куба B-E</Text>  
	</GameDBLocalizedString>
	
    <GameDBLocalizedString>      
		<LocID>MOD_ONCO_OBJECT_CUBE2_DESC</LocID>                   
		<Text>Пустой шкаф из четырех кубов.</Text>  
	</GameDBLocalizedString>
	
	<GameDBLocalizedString>      
		<LocID>MOD_ONCO_OBJECT_PLANT01</LocID>                               
		<Text>Растение в горшке</Text>  
	</GameDBLocalizedString>
	
    <GameDBLocalizedString>      
		<LocID>MOD_ONCO_OBJECT_PLANT01_DESC</LocID>                   
		<Text>Хорошее растение в горшке.</Text>  
	</GameDBLocalizedString>
	
	<!-- ### ### -->
	<!-- ######################################## V0.13.2.3 Below ######################################## -->
	<!-- ### ### -->
	
	<GameDBLocalizedString>      
		<LocID>MOD_ONCO_OBJECT_CUBE3</LocID>                               
		<Text>Шкаф четыре куба A-B</Text>  
	</GameDBLocalizedString>
	
    <GameDBLocalizedString>      
		<LocID>MOD_ONCO_OBJECT_CUBE3_DESC</LocID>                   
		<Text>Шкаф из четырех кубов с большими книгами.</Text>  
	</GameDBLocalizedString>
	
	<GameDBLocalizedString>      
		<LocID>MOD_ONCO_OBJECT_CUBE4</LocID>                               
		<Text>Шкаф четыре куба B-B</Text>  
	</GameDBLocalizedString>
	
    <GameDBLocalizedString>      
		<LocID>MOD_ONCO_OBJECT_CUBE4_DESC</LocID>                   
		<Text>Шкаф из четырех кубов с большими книгами.</Text>  
	</GameDBLocalizedString> 
	
	<!-- ### ### -->
	<!-- ######################################## V0.13.3.0 Below ######################################## -->
	<!-- ### ### -->
	
	<GameDBLocalizedString> <!-- Not used at the moment -->       
		<LocID>ROOM_TYPE_ONCO_OBSERVATION_ROOM</LocID>                     
		<Text>Обычная палата онкологии</Text>  
	</GameDBLocalizedString>
            
	<GameDBLocalizedString> <!-- Not used at the moment -->          
		<LocID>ROOM_TYPE_ONCO_OBSERVATION_ROOM_DESC</LocID>         
		<Text>Онкология иногда требует, чтобы пациенты проходили много различных тестов, которые могут занять значительное время. Наблюдение дает больнице больше времени для выполнения этого теста и обеспечивает более комфортное пребывание пациента, оставаясь под надлежащим медицинским наблюдением. Это также может помочь освободить врачей клиники в трудных случаях. \n\nМин. требования к персоналу: \n1x врач \n(Персонал, работающий в оридинаторской)</Text>  
	</GameDBLocalizedString>
	
	<GameDBLocalizedString>      
		<LocID>MOD_ONCO_OBJECT_POST01</LocID>                               
		<Text>Онко-постер А</Text>  
	</GameDBLocalizedString>
	
    <GameDBLocalizedString>      
		<LocID>MOD_ONCO_OBJECT_POST01_DESC</LocID>                   
		<Text>Инфографика о поджелудочной железе.</Text>  
	</GameDBLocalizedString> 
	
	<GameDBLocalizedString>      
		<LocID>MOD_ONCO_OBJECT_POST02</LocID>                               
		<Text>Онко-постер Б</Text>  
	</GameDBLocalizedString>
	
    <GameDBLocalizedString>      
		<LocID>MOD_ONCO_OBJECT_POST02_DESC</LocID>                   
		<Text>Плакат, чтобы напомнить пациентам, что они не одиноки в этой борьбе.</Text>  
	</GameDBLocalizedString> 
	
	<GameDBLocalizedString>      
		<LocID>MOD_ONCO_OBJECT_POST03</LocID>                               
		<Text>Онко-постер В</Text>  
	</GameDBLocalizedString>
	
    <GameDBLocalizedString>      
		<LocID>MOD_ONCO_OBJECT_POST03_DESC</LocID>                   
		<Text>Инфографика о раке крови.</Text>  
	</GameDBLocalizedString> 
	
	<GameDBLocalizedString>      
		<LocID>MOD_ONCO_OBJECT_POST04</LocID>                               
		<Text>Онко-постер Г</Text>  
	</GameDBLocalizedString>
	
    <GameDBLocalizedString>      
		<LocID>MOD_ONCO_OBJECT_POST04_DESC</LocID>                   
		<Text>Инфографика о раке легких.</Text>  
	</GameDBLocalizedString> 
	
	<GameDBLocalizedString>      
		<LocID>MOD_ONCO_OBJECT_POST05</LocID>                               
		<Text>Онко-постер Д</Text>  
	</GameDBLocalizedString>
	
    <GameDBLocalizedString>      
		<LocID>MOD_ONCO_OBJECT_POST05_DESC</LocID>                   
		<Text>Плакат, чтобы напомнить пациентам никогда не терять надежду.</Text>  
	</GameDBLocalizedString> 
	
	<GameDBLocalizedString>      
		<LocID>ROOM_TYPE_CARDIOVASCULAR_DIAGNOSTIC_UNIT_ONCO</LocID>                               
		<Text>Кабинет ЭКГ</Text>  
	</GameDBLocalizedString>
	
    <GameDBLocalizedString>      
		<LocID>ROOM_TYPE_CARDIOVASCULAR_DIAGNOSTIC_UNIT_ONOC_DESC</LocID>                   
		<Text>Кабинет ЭКГ позволяет проводить различные исследования человечской кардиоваскулярной системы. \n\nМин. требования к персоналу: \n1x лаборант -  кардиолог</Text>  
	</GameDBLocalizedString> 
	
	<!-- ### ### -->
	<!-- ######################################## Content for V0.13.4.0 Added Below ######################################## -->
	<!-- ### ### -->
	
</LocalizedStrings>
</GameDBStringTable>
</Database>