<Database>
	<!-- Oncology Mod by Sleepy068 -->
	<GameDBStringTable ID="LOC_JA_ADDON_ONCOLOGYSL_DIAGNOSES">
	<LanguageCode>ja</LanguageCode>
	<LanguageNameLocalized>日本語</LanguageNameLocalized>
	<Contributors>
	<Name>Clamm0363</Name>
	</Contributors>

	<LocalizedStrings>
		
        <!-- Diagnoses - Skin Cancer -->
		
        <GameDBLocalizedString>      
		<LocID>DIA_ONCO_CRP_SC1_1</LocID>                         
		<Text>基底細胞癌（ステージI）</Text>	
		</GameDBLocalizedString>
		
        <GameDBLocalizedString>      
		<LocID>DIA_ONCO_CRP_SC1_1_DESC</LocID>             
		<Text>基底細胞癌は、ヒトの癌の中で最も一般的な癌である。非黒色腫性皮膚癌の一種で、表皮の基底細胞層（皮膚の最上層）から始まり、非常にゆっくりと成長し、ほとんど転移しない。 \n\nステージIでは、腫瘍の幅が約2cm以下で、真皮に転移している可能性がある。</Text>	
		</GameDBLocalizedString>

        <GameDBLocalizedString>      
		<LocID>DIA_ONCO_CRP_SC1_2</LocID>                         
		<Text>基底細胞癌（ステージII）</Text>	
		</GameDBLocalizedString>
		
        <GameDBLocalizedString>      
		<LocID>DIA_ONCO_CRP_SC1_2_DESC</LocID>             
		<Text>基底細胞癌は、ヒトの癌の中で最も一般的な癌である。非黒色腫性皮膚癌の一種で、表皮の基底細胞層（皮膚の最上層）から始まり、非常にゆっくりと成長し、ほとんど転移しない。 \n\nステージIIでは、腫瘍の幅が2cmよりも大きく、真皮に転移している可能性があり、骨膜周囲浸潤などのリスクの高い特徴を持つ。</Text>	
		</GameDBLocalizedString>
		
        <GameDBLocalizedString>      
		<LocID>DIA_ONCO_CRP_SC1_3</LocID>                         
		<Text>基底細胞癌（ステージIII）</Text>	
		</GameDBLocalizedString>
		
        <GameDBLocalizedString>      
		<LocID>DIA_ONCO_CRP_SC1_3_DESC</LocID>             
		<Text>基底細胞癌は、ヒトの癌の中で最も一般的な癌である。非黒色腫性皮膚癌の一種で、表皮の基底細胞層（皮膚の最上層）から始まり、非常にゆっくりと成長し、ほとんど転移しない。 \n\nステージIIIでは、癌は筋肉、骨、軟骨、リンパ節などの皮膚より下の領域に広がるが、元の腫瘍の近くの領域にのみに留まる。</Text>	
		</GameDBLocalizedString>

        <GameDBLocalizedString>      
		<LocID>DIA_ONCO_CRP_SC1_4</LocID>                         
		<Text>基底細胞癌（ステージIV）</Text>	
		</GameDBLocalizedString>
		
        <GameDBLocalizedString>      
		<LocID>DIA_ONCO_CRP_SC1_4_DESC</LocID>             
		<Text>基底細胞癌は、ヒトの癌の中で最も一般的な癌である。非黒色腫性皮膚癌の一種で、表皮の基底細胞層（皮膚の最上層）から始まり、非常にゆっくりと成長し、ほとんど転移しない。 \n\nステージIVでは、癌が脳や肺などの遠方の臓器に転移したり、骨格に浸潤したりと、皮膚以外の場所に転移する。</Text>	
		</GameDBLocalizedString>
		
		<GameDBLocalizedString>      
		<LocID>DIA_ONCO_CRP_SC2_1</LocID>                         
		<Text>扁平上皮癌（ステージI）</Text>	
		</GameDBLocalizedString>

        <GameDBLocalizedString>      
		<LocID>DIA_ONCO_CRP_SC2_1_DESC</LocID>             
		<Text>皮膚の扁平上皮癌は、皮膚の中層と外層を構成する扁平上皮細胞に発生する一般的な皮膚癌である。 \n\nステージIでは、腫瘍の幅が約2cm以下で、真皮に転移している可能性がある。</Text>	
		</GameDBLocalizedString>
		
		<GameDBLocalizedString>      
		<LocID>DIA_ONCO_CRP_SC2_2</LocID>                         
		<Text>扁平上皮癌（ステージII）</Text>	
		</GameDBLocalizedString>
		
        <GameDBLocalizedString>      
		<LocID>DIA_ONCO_CRP_SC2_2_DESC</LocID>             
		<Text>皮膚の扁平上皮癌は、皮膚の中層と外層を構成する扁平上皮細胞に発生する一般的な皮膚癌である。 \n\nステージIIでは、腫瘍の幅が2cmよりも大きく、真皮に転移している可能性があり、骨膜周囲浸潤などのリスクの高い特徴を持つ。</Text>	
		</GameDBLocalizedString>
		
		<GameDBLocalizedString>      
		<LocID>DIA_ONCO_CRP_SC2_3</LocID>                         
		<Text>扁平上皮癌（ステージIII）</Text>	
		</GameDBLocalizedString>
		
        <GameDBLocalizedString>      
		<LocID>DIA_ONCO_CRP_SC2_3_DESC</LocID>             
		<Text>皮膚の扁平上皮癌は、皮膚の中層と外層を構成する扁平上皮細胞に発生する一般的な皮膚癌である。 \n\nステージIIIでは、癌は筋肉、骨、軟骨、リンパ節などの皮膚より下の領域に広がるが、元の腫瘍の近くの領域のみに留まる。</Text>	
		</GameDBLocalizedString>

		<GameDBLocalizedString>      
		<LocID>DIA_ONCO_CRP_SC2_4</LocID>                         
		<Text>扁平上皮癌（ステージIV）</Text>	
		</GameDBLocalizedString>
		
        <GameDBLocalizedString>      
		<LocID>DIA_ONCO_CRP_SC2_4_DESC</LocID>             
		<Text>皮膚の扁平上皮癌は、皮膚の中層と外層を構成する扁平上皮細胞に発生する一般的な皮膚癌である。 \n\nステージIVでは、癌が脳や肺などの遠方の臓器に転移したり、骨格に浸潤したりと、皮膚以外の場所に転移する。</Text>	
		</GameDBLocalizedString>

		<GameDBLocalizedString>      
		<LocID>DIA_ONCO_CRP_SC3_1</LocID>                         
		<Text>悪性黒色腫（ステージI）</Text>	
		</GameDBLocalizedString>
		
        <GameDBLocalizedString>      
		<LocID>DIA_ONCO_CRP_SC3_1_DESC</LocID>             
		<Text>悪性黒色腫（メラノーマ）は、皮膚の色素細胞（メラノサイトと呼ばれる）が突然変異を起こし、制御不能に成長し始めると発生する。 \n\nステージIでは、癌は皮膚の奥深くまで広がっているが、リンパ節などには広がっていない。</Text>	
		</GameDBLocalizedString>
		
		<GameDBLocalizedString>      
		<LocID>DIA_ONCO_CRP_SC3_2</LocID>                         
		<Text>悪性黒色腫（ステージII）</Text>	
		</GameDBLocalizedString>
		
        <GameDBLocalizedString>      
		<LocID>DIA_ONCO_CRP_SC3_2_DESC</LocID>             
		<Text>悪性黒色腫（メラノーマ）は、皮膚の色素細胞（メラノサイトと呼ばれる）が突然変異を起こし、制御不能に成長し始めると発生する。 \n\nステージIIのメラノーマはより厚く、表皮を通ってさらに真皮（皮膚の密な内層）にまで広がっている。拡大する可能性も高くなる。</Text>	
		</GameDBLocalizedString>

		<GameDBLocalizedString>      
		<LocID>DIA_ONCO_CRP_SC3_3</LocID>                         
		<Text>悪性黒色腫（ステージIII）</Text>	
		</GameDBLocalizedString>
		
        <GameDBLocalizedString>      
		<LocID>DIA_ONCO_CRP_SC3_3_DESC</LocID>             
		<Text>悪性黒色腫（メラノーマ）は、皮膚の色素細胞（メラノサイトと呼ばれる）が突然変異を起こし、制御不能に成長し始めると発生する。 \n\nステージIIIでは、局所またはリンパ系を介して所属リンパ節に転移している黒色腫を示す。ただし、遠隔のリンパ節や臓器には転移していない。</Text>	
		</GameDBLocalizedString>
		
		<GameDBLocalizedString>      
		<LocID>DIA_ONCO_CRP_SC3_4</LocID>                         
		<Text>悪性黒色腫（ステージIV）</Text>	
		</GameDBLocalizedString>
		
        <GameDBLocalizedString>      
		<LocID>DIA_ONCO_CRP_SC3_4_DESC</LocID>             
		<Text>悪性黒色腫（メラノーマ）は、皮膚の色素細胞（メラノサイトと呼ばれる）が突然変異を起こし、制御不能に成長し始めると発生する。 \n\nステージIVでは、黒色腫が血流を介して皮膚や軟部組織の遠隔部位、遠隔リンパ節、その他の臓器など、体の他の部位に転移する。</Text>	
		</GameDBLocalizedString>
		
		<!-- Diagnoses - Adrenal Gland Cancer -->
		
		<GameDBLocalizedString>      
		<LocID>DIA_ONCO_CRP_AGC1_0</LocID>                         
		<Text>褐色細胞腫（限局性）</Text>	
		</GameDBLocalizedString>
		
        <GameDBLocalizedString>      
		<LocID>DIA_ONCO_CRP_AGC1_0_DESC</LocID>             
		<Text>褐色細胞腫は副腎組織のまれな腫瘍である。その結果、心拍数、代謝、血圧を調節するホルモンであるエピネフリンとノルエピネフリンが過剰に放出される。腫瘍は限局性で、片側または両側の副腎髄質に早期に発見される。</Text>	
		</GameDBLocalizedString>
		
		<GameDBLocalizedString>      
		<LocID>DIA_ONCO_CRP_AGC1_1</LocID>                         
		<Text>褐色細胞腫（所属リンパ節転移）</Text>	
		</GameDBLocalizedString>
		
        <GameDBLocalizedString>      
		<LocID>DIA_ONCO_CRP_AGC1_1_DESC</LocID>             
		<Text>褐色細胞腫は副腎組織のまれな腫瘍である。その結果、心拍数、代謝、血圧を調節するホルモンであるエピネフリンとノルエピネフリンが過剰に放出される。所属リンパ節転移:腫瘍の発生部位から周辺の組織やリンパ節に癌が拡がっている。</Text>	
		</GameDBLocalizedString>
		
		<GameDBLocalizedString>      
		<LocID>DIA_ONCO_CRP_AGC1_2</LocID>                         
		<Text>褐色細胞腫（転移性）</Text>	
		</GameDBLocalizedString>
		
        <GameDBLocalizedString>      
		<LocID>DIA_ONCO_CRP_AGC1_2_DESC</LocID>             
		<Text>褐色細胞腫は副腎組織のまれな腫瘍である。その結果、心拍数、代謝、血圧を調節するホルモンであるエピネフリンとノルエピネフリンが過剰に放出される。転移性:癌が腫瘍の発生部位から体の離れた部位まで拡がっている。転移の広がりの可能性を予測するために、いくつかの基準およびスコアリングシステムが組織病理学または臨床データに基づいて開発されているが、信頼性が証明されたシステムはない。</Text>	
		</GameDBLocalizedString>
		
		<!-- Diagnoses - Lung Cancer -->
		
		<GameDBLocalizedString>      
		<LocID>DIA_ONCO_CRP_LC_0</LocID>                         
		<Text>未分化非小細胞性肺癌（限局性）</Text>	
		</GameDBLocalizedString>
		
        <GameDBLocalizedString>      
		<LocID>DIA_ONCO_CRP_LC_0_DESC</LocID>             
		<Text>未分化非小細胞肺癌（NSCLC）は、肺の健康な細胞が変化し、制御不能に増殖し、腫瘍、病変、または結節と呼ばれる腫瘤を形成することから発生する。肺腫瘍は肺のどこからでも発生する可能性がある。未分化とは、特殊化した（「成熟した」）構造や機能をもたない細胞や組織のことである。未分化癌細胞は増殖や転移が速いことが多い。限局性で、癌は肺に認められるが、リンパ節または遠隔臓器には進行していない。</Text>	
		</GameDBLocalizedString>
		
		<GameDBLocalizedString>      
		<LocID>DIA_ONCO_CRP_LC_1</LocID>                         
		<Text>未分化非小細胞性肺癌（所属リンパ節転移）</Text>	
		</GameDBLocalizedString>
		
        <GameDBLocalizedString>      
		<LocID>DIA_ONCO_CRP_LC_1_DESC</LocID>             
		<Text>未分化非小細胞肺癌（NSCLC）は、肺の健康な細胞が変化し、制御不能に増殖し、腫瘍、病変、または結節と呼ばれる腫瘤を形成することから発生する。肺腫瘍は肺のどこからでも発生する可能性がある。未分化とは、特殊化した（「成熟した」）構造や機能をもたない細胞や組織のことである。未分化癌細胞は増殖や転移が速いことが多い。所属リンパ節転移:癌が肺から周辺のリンパ節へと進行している。</Text>	
		</GameDBLocalizedString>
		
		<GameDBLocalizedString>      
		<LocID>DIA_ONCO_CRP_LC_2</LocID>                         
		<Text>転移性肺癌</Text>	
		</GameDBLocalizedString>
		
        <GameDBLocalizedString>      
		<LocID>DIA_ONCO_CRP_LC_2_DESC</LocID>             
		<Text>肺癌は、片方または両方の肺で異常な細胞が無秩序に増殖することで発生する。リンパ節、脳、副腎、肝臓、骨など、体の他の部位に転移することがある。腫瘍が増殖して攻撃的になると、より多くの空間を必要とし、他の領域に広がり始める。この病期は転移性肺癌の始まりである。</Text>	
		</GameDBLocalizedString>
		
		<GameDBLocalizedString>      
		<LocID>DIA_ONCO_CRP_LC1_0</LocID>                         
		<Text>小細胞肺癌（限局型）</Text>	
		</GameDBLocalizedString>
		
        <GameDBLocalizedString>      
		<LocID>DIA_ONCO_CRP_LC1_0_DESC</LocID>             
		<Text>小細胞肺癌（SCLC）は、肺の健康な細胞が変化して制御不能になり、腫瘍、病変、結節と呼ばれる腫瘤を形成することから発生する。SCLCは、肺の神経細胞またはホルモン産生細胞から発生します。「小細胞」という用語は、顕微鏡で観察したときの癌細胞の大きさと形状を指す。限局期とは、癌が胸部の一部にしか存在せず、放射線療法が治療の選択肢となりうることを意味する。SCLC患者の約3人に1人は、最初に診断された時点で限局期であった。</Text>	
		</GameDBLocalizedString>
		
		<GameDBLocalizedString>      
		<LocID>DIA_ONCO_CRP_LC1_1</LocID>                         
		<Text>小細胞肺癌（進展型）</Text>	
		</GameDBLocalizedString>
		
        <GameDBLocalizedString>      
		<LocID>DIA_ONCO_CRP_LC1_1_DESC</LocID>             
		<Text>小細胞肺癌（SCLC）は、肺の健康な細胞が変化して制御不能になり、腫瘍、病変、結節と呼ばれる腫瘤を形成することから発生する。SCLCは、肺の神経細胞またはホルモン産生細胞から発生します。「小細胞」という用語は、顕微鏡で観察したときの癌細胞の大きさと形状を指す。他の肺、骨、脳、骨髄などの部位に転移しているSCLCは、進行期と呼ばれる。多くの医師は、肺の周囲の液体に広がったSCLCも進行期と考えている。SCLC患者の約3人に2人は、癌が最初に発見された時点で広範囲の病変が認められる。</Text>	
		</GameDBLocalizedString>
		
		<!-- -->
		
		<GameDBLocalizedString>      
		<LocID>DIA_ONCO_CRP_BC1_0</LocID>                         
		<Text>大腸癌（限局性）</Text>	
		</GameDBLocalizedString>
		
        <GameDBLocalizedString>      
		<LocID>DIA_ONCO_CRP_BC1_0_DESC</LocID>             
		<Text>結腸および直腸の腺癌は全大腸癌症例の95%を占める。消化管では、直腸と結腸の腺癌が大腸内膜の細胞に発生する。結腸および直腸の腺癌は、典型的にはポリープと呼ばれる組織の増殖から始まる。腺腫と呼ばれる特定の種類のポリープが、癌に発展することがある。限局性では、癌は腸壁に限局しているか、腸壁の外表面に拡がっている場合がある。</Text>	
		</GameDBLocalizedString>
		
		<GameDBLocalizedString>      
		<LocID>DIA_ONCO_CRP_BC1_1</LocID>                         
		<Text>大腸癌（所属リンパ節転移）</Text>	
		</GameDBLocalizedString>
		
        <GameDBLocalizedString>      
		<LocID>DIA_ONCO_CRP_BC1_1_DESC</LocID>             
		<Text>結腸および直腸の腺癌は全大腸癌症例の95%を占める。消化管では、直腸と結腸の腺癌が大腸内膜の細胞に発生する。結腸および直腸の腺癌は、典型的にはポリープと呼ばれる組織の増殖から始まる。腺腫と呼ばれる特定の種類のポリープが、癌に発展することがある。所属リンパ節転移:癌が腸付近のリンパ節に転移している。</Text>	
		</GameDBLocalizedString>
		
		<GameDBLocalizedString>      
		<LocID>DIA_ONCO_CRP_BC1_2</LocID>                         
		<Text>切除不能大腸癌</Text>	
		</GameDBLocalizedString>
		
        <GameDBLocalizedString>      
		<LocID>DIA_ONCO_CRP_BC1_2_DESC</LocID>             
		<Text>腸の癌が早期に発見されて切除されないと、腫瘍の一部が腸の主な腫瘍から剥がれ落ちて、一般的にはリンパ系や血流を介して近くのリンパ節や体の他の部位に転移することがある。癌が体の他の部位（例えば肝臓や肺）に転移している場合は、転移癌または二次（進行）癌と呼ばれる。</Text>	
		</GameDBLocalizedString>
		
		<GameDBLocalizedString>      
		<LocID>DIA_ONCO_CRP_AGC2_0</LocID>                         
		<Text>副腎皮質癌（限局性）</Text>	
		</GameDBLocalizedString>
		
        <GameDBLocalizedString>      
		<LocID>DIA_ONCO_CRP_AGC2_0_DESC</LocID>             
		<Text>副腎皮質癌は、副腎の外層に悪性（癌）細胞ができるまれな疾患である。限局性で、腫瘍は5cm以下で副腎にのみ認められる。</Text>	
		</GameDBLocalizedString>
		
		<GameDBLocalizedString>      
		<LocID>DIA_ONCO_CRP_AGC2_1</LocID>                         
		<Text>副腎皮質癌（所属リンパ節転移）</Text>	
		</GameDBLocalizedString>
		
        <GameDBLocalizedString>      
		<LocID>DIA_ONCO_CRP_AGC2_1_DESC</LocID>             
		<Text>副腎皮質癌は、副腎の外層に悪性（癌）細胞ができるまれな疾患である。所属リンパ節転移:腫瘍の大きさは様々で、周辺のリンパ節、周辺の組織や臓器（腎臓、横隔膜、膵臓、脾臓、肝臓）、または大血管（腎静脈または大静脈）に拡がっており、周辺のリンパ節に拡がっている場合もある。</Text>	
		</GameDBLocalizedString>
		
		<GameDBLocalizedString>      
		<LocID>DIA_ONCO_CRP_AGC2_2</LocID>                         
		<Text>副腎皮質癌（転移性）</Text>	
		</GameDBLocalizedString>
		
        <GameDBLocalizedString>      
		<LocID>DIA_ONCO_CRP_AGC2_2_DESC</LocID>             
		<Text>副腎皮質癌は、副腎の外層に悪性（癌）細胞ができるまれな疾患である。転移性:腫瘍の大きさは様々で、周辺のリンパ節に拡がっている場合があり、肺、骨、腹膜などの他の部位に転移している。</Text>	
		</GameDBLocalizedString>
		
		<GameDBLocalizedString>      
		<LocID>DIA_ONCO_CRP_MC001_0</LocID>                         
		<Text>消化管神経内分泌腫瘍（限局型）</Text>	
		</GameDBLocalizedString>
		
        <GameDBLocalizedString>      
		<LocID>DIA_ONCO_CRP_MC001_0_DESC</LocID>             
		<Text>神経内分泌腫瘍（NETs）は内分泌系（ホルモン）および神経系の細胞から発生する新生物である。多くは良性であるが、悪性のものもある。最も一般的には腸に発生し、しばしばカルチノイド腫瘍と呼ばれるが、膵臓、肺、その他の部位にも認められる。限局期では、腫瘍は4cm未満で、虫垂と腹壁をつなぐ膜まで大きくなっている。</Text>	
		</GameDBLocalizedString>
		
		<GameDBLocalizedString>      
		<LocID>DIA_ONCO_CRP_MC001_1</LocID>                         
		<Text>消化管神経内分泌腫瘍（進展型）</Text>	
		</GameDBLocalizedString>
		
        <GameDBLocalizedString>      
		<LocID>DIA_ONCO_CRP_MC001_1_DESC</LocID>             
		<Text>神経内分泌腫瘍（NETs）は内分泌系（ホルモン）および神経系の細胞から発生する新生物である。多くは良性であるが、悪性のものもある。最も一般的には腸に発生し、しばしばカルチノイド腫瘍と呼ばれるが、膵臓、肺、その他の部位にも認められる。進展期:腫瘍が腹膜を越えて増殖しているか、隣接する臓器または構造に浸潤している。</Text>	
		</GameDBLocalizedString>
		
		<GameDBLocalizedString>      
		<LocID>DIA_ONCO_CRP_BLC01_0</LocID>                         
		<Text>急性リンパ球性白血病（プレB細胞）</Text>	
		</GameDBLocalizedString>
		
        <GameDBLocalizedString>      
		<LocID>DIA_ONCO_CRP_BLC01_0_DESC</LocID>             
		<Text>プレB細胞急性リンパ球性白血病（ALL）は血液および骨髄に影響を及ぼす癌の一種である。ALLは、リンパ芽球または白血病芽球と呼ばれる未熟な白血球の過剰産生を特徴とする。骨髄では赤血球、正常な白血球、血小板を十分に作ることができないため、ALLの人は貧血、感染症の再発、あざや出血を起こしやすくなる。成人症例の75-80%において、ALLは骨髄における発生の初期段階でBリンパ球に発生する。したがって、この疾患はB前駆細胞ALLまたはプレB細胞ALLと呼ばれる。</Text>	
		</GameDBLocalizedString>
		
		<GameDBLocalizedString>      
		<LocID>DIA_ONCO_CRP_BLC01_1</LocID>                         
		<Text>急性リンパ球性白血病（B細胞）</Text>	
		</GameDBLocalizedString>
		
        <GameDBLocalizedString>      
		<LocID>DIA_ONCO_CRP_BLC01_1_DESC</LocID>             
		<Text>バーキット型急性リンパ球性白血病（B-ALL）または成熟B細胞急性リンパ球性白血病（ALL）としても知られるB細胞急性リンパ球性白血病は、骨髄と呼ばれる骨の柔らかい中心で増殖する白血球である「Bリンパ球」に影響を及ぼす癌である。このタイプのALLはそれほど一般的ではなく、全成人症例の約3-5%を占める。成熟B細胞ALLの特徴は、リンパ芽球上に表面免疫グロブリンが存在することである。従来のレジメンを用いた場合、完全寛解（CR）に入る患者はわずか30-40%であり、長期生存する患者はほとんどいない。</Text>	
		</GameDBLocalizedString>
		
		<GameDBLocalizedString>      
		<LocID>DIA_ONCO_CRP_BLC01_2</LocID>                         
		<Text>急性リンパ球性白血病（T細胞）</Text>	
		</GameDBLocalizedString>
		
        <GameDBLocalizedString>      
		<LocID>DIA_ONCO_CRP_BLC01_2_DESC</LocID>             
		<Text>T細胞急性リンパ球性白血病（T-ALL）は急性白血病の一種であり、侵攻性で急速に進行することを意味する。リンパ球を産生する幹細胞、特にTリンパ球と呼ばれる白血球の一種を侵し、Bリンパ球を侵す急性リンパ芽球性白血病（ALL）とは対照的である。</Text>	
		</GameDBLocalizedString>
		
		<GameDBLocalizedString>      
		<LocID>DIA_ONCO_CRP_BLC02_A</LocID>                         
		<Text>慢性リンパ球性白血病（安定期）</Text>	
		</GameDBLocalizedString>
		
        <GameDBLocalizedString>      
		<LocID>DIA_ONCO_CRP_BLC02_A_DESC</LocID>             
		<Text>慢性リンパ球性白血病（CLL）（安定期）は、進行中のBリンパ球に影響を及ぼす増殖の遅い白血病の一種である。Bリンパ球（B細胞としても知られる）は特殊化した白血球である。正常な状態では、感染や病気から体を守るのに役立つ免疫グロブリン（「antibody （抗体）」とも呼ばれる）を産生する。CLLの患者では、リンパ球が悪性（癌性の）変化を起こし、白血病細胞になる。多くの人にとってCLLは何カ月も何年も安定しており、生活習慣や健康全般にほとんど影響を与えないことを強調することが重要である。CLLと診断された人の約30-50%は、何の治療も必要とせず、診断にかかわらず何年も生存することができる。慢性リンパ性白血病はゆっくりと進行するため、特に初期の段階では何の症状も現れず、通常の血液検査で発見される。</Text>	
		</GameDBLocalizedString>
		
		<GameDBLocalizedString>      
		<LocID>DIA_ONCO_CRP_BLC02_B</LocID>                         
		<Text>慢性リンパ球性白血病（進行期）</Text>	
		</GameDBLocalizedString>
		
        <GameDBLocalizedString>      
		<LocID>DIA_ONCO_CRP_BLC02_B_DESC</LocID>             
		<Text>慢性リンパ球性白血病（CLL）（進行期）（まれ）は、進行中のBリンパ球に影響を及ぼす増殖の遅い白血病の一種である。Bリンパ球（B細胞としても知られる）は特殊化した白血球である。正常な状態では、感染や病気から体を守るのに役立つ免疫グロブリン（「antibody （抗体）」とも呼ばれる）を産生する。CLLの患者では、リンパ球が悪性（癌性の）変化を起こし、白血病細胞になる。多くの人にとってCLLは何カ月も何年も安定しており、生活習慣や健康全般にほとんど影響を与えないことを強調することが重要である。CLLと診断された人の約30-50%は、何の治療も必要とせず、診断にかかわらず何年も生存することができる。慢性リンパ性白血病はゆっくりと進行するため、特に初期の段階では何の症状も現れず、通常の血液検査で発見される。</Text>	
		</GameDBLocalizedString>
		
		<GameDBLocalizedString>      
		<LocID>DIA_ONCO_CRP_BLC03_0</LocID>                         
		<Text>T細胞大顆粒リンパ球性白血病</Text>	
		</GameDBLocalizedString>
		
        <GameDBLocalizedString>      
		<LocID>DIA_ONCO_CRP_BLC03_0_DESC</LocID>             
		<Text>T細胞大顆粒リンパ球性白血病（LGL）は、「リンパ球」と呼ばれる白血球に影響を及ぼす慢性白血病の一種であり、リンパ球は体の免疫系の一部で、特定の感染症と闘うのを助ける。LGL白血病は、顕著な顆粒を含むリンパ球の肥大を特徴とし、顕微鏡で血液を調べると、この顆粒がみられる。LGL白血病には、T細胞白血病（T-LGL）とナチュラルキラー細胞白血病（NK-LGL）の二種類がある。T細胞およびNK細胞LGL白血病の頻度は2-5%である。T細胞大顆粒リンパ球白血病（LGL）は、細胞傷害性T細胞のクローン性増殖であり、好中球減少、貧血、および/または血小板減少を引き起こす。この病態はしばしば自己免疫疾患、特に関節リウマチ、および他のリンパ増殖性疾患と関連する。</Text>	
		</GameDBLocalizedString>
		
		<GameDBLocalizedString>      
		<LocID>DIA_ONCO_CRP_BLC03_1</LocID>                         
		<Text>NK細胞大顆粒リンパ球性白血病</Text>	
		</GameDBLocalizedString>
		
        <GameDBLocalizedString>      
		<LocID>DIA_ONCO_CRP_BLC03_1_DESC</LocID>             
		<Text>NK細胞大顆粒リンパ球性白血病（LGL）は、「リンパ球」と呼ばれる白血球に影響を及ぼす慢性白血病の一種であり、リンパ球は体の免疫系の一部であり、特定の感染と戦うのを助ける。LGL白血病は、顕著な顆粒を含むリンパ球の肥大を特徴とし、顕微鏡で血液を調べると、この顆粒がみられる。LGL白血病には、T細胞白血病（T-LGL）とナチュラルキラー細胞白血病（NK-LGL）の二種類がある。T細胞およびNK細胞LGL白血病の頻度は2-5%である。NK細胞白血病患者の大半は無症候性であるが、侵攻性の異型を有する患者は通常肝腫大および脾腫を有し、しばしばB症状を呈する。約3分の1にリンパ節腫脹がみられ、節外病変も起こりうる。平均すると、患者はT細胞LGL白血病患者よりも若年である。</Text>	
		</GameDBLocalizedString>
		
		<GameDBLocalizedString>      
		<LocID>DIA_ONCO_CRP_BLC03_2</LocID>                         
		<Text>T細胞前リンパ球性白血病</Text>	
		</GameDBLocalizedString>
		
        <GameDBLocalizedString>      
		<LocID>DIA_ONCO_CRP_BLC03_2_DESC</LocID>             
		<Text>T細胞前リンパ球性白血病（T-PLL）は、成熟T細胞（Tリンパ球）の制御不能な増殖を特徴とする、非常に稀で典型的な侵襲性悪性腫瘍（癌）である。T細胞は感染症から体を守る白血球の一種である。T-PLLは診断時年齢中央値61歳の高齢者に発症し、女性よりも男性に多くみられる。T細胞の遺伝子に異常な変化（突然変異）が起こると、正常で健康なT細胞が癌細胞になることがある。変異したT細胞におけるこれらの遺伝的エラーは、健康な細胞が典型的に分裂を停止し、最終的に死ぬときに、細胞に成長と分裂を続けるように指示する。最初の白血病細胞から生じたすべての細胞も同じ変異DNAをもっており、その結果、白血病細胞の数は時間とともに増加し、骨髄、脾臓、肝臓、リンパ節、ときには皮膚などの他の部位へと血液中を移動する。</Text>	
		</GameDBLocalizedString>
		
		<GameDBLocalizedString>      
		<LocID>DIA_ONCO_CRP_BLC04_0</LocID>                         
		<Text>急性骨髄性白血病</Text>	
		</GameDBLocalizedString>
		
        <GameDBLocalizedString>      
		<LocID>DIA_ONCO_CRP_BLC04_0_DESC</LocID>             
		<Text>急性骨髄性白血病は、骨髄芽球とも呼ばれる骨髄芽球という未熟な白血球が過剰に作られることで発症する。骨髄芽球は制御不能な状態で増殖し、分裂を続けるが、正常な細胞に成熟することはない。異常な芽球は白血病細胞として知られている。白血病細胞は未熟で異常なため、白血球の通常の感染防御機能を果たさない。正常な白血球も排除され、正常に機能しなくなる。これは感染症のリスクを高めることになる。</Text>	
		</GameDBLocalizedString>
		
		<GameDBLocalizedString>      
		<LocID>DIA_ONCO_CRP_BLC05_A</LocID>                         
		<Text>慢性骨髄性白血病（慢性期）</Text>	
		</GameDBLocalizedString>
		
        <GameDBLocalizedString>      
		<LocID>DIA_ONCO_CRP_BLC05_A_DESC</LocID>             
		<Text>慢性骨髄性白血病（CML）（慢性期）は、血液と骨髄に影響を及ぼす癌の一種である。CMLでは、骨髄で顆粒球と呼ばれる白血球が過剰に作られる。これらの細胞（時に芽球または白血病性芽球と呼ばれる）は徐々に骨髄に集まり、正常な血球の産生を妨げる。また、骨髄から流出して血流に乗って全身を循環する。十分に成熟していないため、感染症と闘うために適切に働くことができず、時間の経過とともに、赤血球や血小板が不足すると、貧血、出血、あざが生じることがある。全体として、CMLはまれな疾患であり、診断された全癌の約0.03%を占める。慢性骨髄性白血病（CML）の患者の多くは症状がない。慢性期:白血球数が増加し、血液中および骨髄中に芽球と呼ばれる少数の幼若な細胞が認められる。</Text>	
		</GameDBLocalizedString>
		
		<GameDBLocalizedString>      
		<LocID>DIA_ONCO_CRP_BLC05_B</LocID>                         
		<Text>慢性骨髄性白血病（移行期）</Text>	
		</GameDBLocalizedString>
		
        <GameDBLocalizedString>      
		<LocID>DIA_ONCO_CRP_BLC05_B_DESC</LocID>             
		<Text>慢性骨髄性白血病（CML）（移行期）は、血液と骨髄に影響を及ぼす癌の一種である。CMLでは、骨髄で顆粒球と呼ばれる白血球が過剰に作られる。これらの細胞（時に芽球または白血病性芽球と呼ばれる）は徐々に骨髄に集まり、正常な血球の産生を妨げる。また、骨髄から流出して血流に乗って全身を循環する。十分に成熟していないため、感染症と闘うために適切に働くことができず、時間の経過とともに、赤血球や血小板が不足すると、貧血、出血、あざが生じることがある。全体として、CMLはまれな疾患であり、診断された全癌の約0.03%を占める。慢性骨髄性白血病（CML）の患者の多くは症状がない。移行期:移行期には、未熟な芽球細胞の数が増加し、Ph染色体に加えて新たな染色体変化が生じることがある。</Text>	
		</GameDBLocalizedString>
		
		<GameDBLocalizedString>      
		<LocID>DIA_ONCO_CRP_BLC05_C</LocID>                         
		<Text>慢性骨髄性白血病（急性転化期）</Text>	
		</GameDBLocalizedString>
		
        <GameDBLocalizedString>      
		<LocID>DIA_ONCO_CRP_BLC05_C_DESC</LocID>             
		<Text>慢性骨髄性白血病（CML）（急性転化期）は、血液と骨髄に影響を及ぼす癌の一種である。CMLでは、骨髄で顆粒球と呼ばれる白血球が過剰に作られる。これらの細胞（時に芽球または白血病性芽球と呼ばれる）は徐々に骨髄に集まり、正常な血球の産生を妨げる。また、骨髄から流出して血流に乗って全身を循環する。十分に成熟していないため、感染症と闘うために適切に働くことができず、時間の経過とともに、赤血球や血小板が不足すると、貧血、出血、あざが生じることがある。全体として、CMLはまれな疾患であり、診断された全癌の約0.03%を占める。慢性骨髄性白血病（CML）の患者の多くは症状がない。急性転化期:急性転化期は急性型の骨髄性白血病のように見え、そのように振舞う。</Text>	
		</GameDBLocalizedString>
		
		<GameDBLocalizedString>      
		<LocID>DIA_ONCO_CRP_BLC06_0</LocID>                         
		<Text>有毛細胞白血病</Text>	
		</GameDBLocalizedString>
		
        <GameDBLocalizedString>      
		<LocID>DIA_ONCO_CRP_BLC06_0_DESC</LocID>             
		<Text>有毛細胞白血病（HCL）はリンパ系のまれなタイプの慢性白血病で、異常なBリンパ球が骨髄、肝臓および脾臓に蓄積する。顕微鏡で観察すると、これらの細胞の表面には小さな毛のような突起が見られることから、「有毛細胞」と呼ばれている。</Text>	
		</GameDBLocalizedString>

		<GameDBLocalizedString>      
		<LocID>DIA_ONCO_CRP_BLC06_1</LocID>                         
		<Text>有毛細胞白血病亜型</Text>	
		</GameDBLocalizedString>
		
        <GameDBLocalizedString>      
		<LocID>DIA_ONCO_CRP_BLC06_1_DESC</LocID>             
		<Text>有毛細胞白血病亜型（HCL-V）は、脾腫、白血球（WBC）数増加および高細胞骨髄を特徴とする、小さく、成熟した、B細胞白血病の稀で、緩慢な型として定義される。HCL-Vは古典的HCLよりも侵攻性で治療抵抗性であり、以前はHCL亜型と考えられていたが、2008年に世界保健機関は、HCLはHCLとは別の実体であり、生物学的に異なると結論した。HCL亜型はHCLよりもまれであり、臨床経過は異なる。</Text>	
		</GameDBLocalizedString>
		
		<!-- ### ### -->
		<!-- ######################################## Content for V0.13 Added Below ######################################## -->
		<!-- ### ### -->
		
		<GameDBLocalizedString>      
		<LocID>DIA_ONCO_CRP_BREC1_0</LocID>                         
		<Text>非浸潤性乳管癌</Text>	
		</GameDBLocalizedString>
		
		<GameDBLocalizedString>      
		<LocID>DIA_ONCO_CRP_BREC1_0M</LocID>                         
		<Text>非浸潤性乳管癌</Text>	
		</GameDBLocalizedString>
		
        <GameDBLocalizedString>      
		<LocID>DIA_ONCO_CRP_BREC1_0_DESC</LocID>             
		<Text>Ductal carcinoma in situ（DCIS）は、非浸潤性乳癌である。Ductalは、癌が乳管内で始まることを意味し、carinomaは、皮膚や内臓を覆っているか、または並んでいる他の組織（乳房組織を含む）で始まるすべての癌を意味し、in situは、「元の場所で」という意味である。DCISは、乳管を超えて周囲の正常な乳房組織に広がっていないため、「非浸潤性」と呼ばれている。DCISは生命を脅かすものではないが、DCISを有することで、後に浸潤性乳癌を発症するリスクが高まる可能性がある。非浸潤性乳癌（DCIS）とは、細胞が多すぎて、癌の特徴を持ってはいるが、乳管の内側に限局していることを意味する。まれではあるが、男性が乳癌になることもある。 \n\nDCISには通常、徴候や症状はない。</Text>	
		</GameDBLocalizedString>
		
		<GameDBLocalizedString>      
		<LocID>DIA_ONCO_CRP_BREC1_1</LocID>                         
		<Text>浸潤性乳管癌</Text>	
		</GameDBLocalizedString>
		
		<GameDBLocalizedString>      
		<LocID>DIA_ONCO_CRP_BREC1_1M</LocID>                         
		<Text>浸潤性乳管癌</Text>	
		</GameDBLocalizedString>
		
        <GameDBLocalizedString>      
		<LocID>DIA_ONCO_CRP_BREC1_1_DESC</LocID>             
		<Text>浸潤性乳管癌（IDC）は、ときに侵襲性乳管癌と呼ばれ、乳癌の最も一般的なタイプである。全乳癌の約80%が浸潤性乳管癌である。浸潤癌とは、癌が「浸潤する」、つまり周辺の乳房組織に拡がっていることを意味する。乳管とは、乳汁を産生する小葉から乳頭へと乳汁を運ぶ「パイプ」である乳管に癌が発生したことを意味する。癌腫とは、皮膚や内臓を覆う組織（乳房組織など）から発生する癌のことをいう。総合すると、「浸潤性乳管癌」とは、乳管の壁を破って乳房の組織に侵入し始めた癌のことを指す。浸潤性乳管癌は時間の経過とともにリンパ節に転移し、場合によっては体の他の部位にも転移する。まれではあるが、男性でも乳癌になることがある。 \n\n浸潤性乳管癌は、最初は症状を引き起こさないことがある。</Text>	
		</GameDBLocalizedString>
		
		<GameDBLocalizedString>      
		<LocID>DIA_ONCO_CRP_BREC1_2</LocID>                         
		<Text>転移性乳癌</Text>	
		</GameDBLocalizedString>
		
		<GameDBLocalizedString>      
		<LocID>DIA_ONCO_CRP_BREC1_2M</LocID>                         
		<Text>転移性乳癌</Text>	
		</GameDBLocalizedString>
		
        <GameDBLocalizedString>      
		<LocID>DIA_ONCO_CRP_BREC1_2_DESC</LocID>             
		<Text>転移性乳癌（「ステージIV」とも呼ばれる）は、体の他の部位、最も一般的には肝臓、脳、骨、肺に転移した乳癌である。癌細胞は乳房内の最初の腫瘍から離れ、血流やリンパ系（細菌、ウイルス、細胞性老廃物を取り除く働きをするリンパ節と血管の大きなネットワーク）を通って体の他の部位に移動する。乳癌は、最初の診断と治療から数ヵ月または数年後に体の別の部位に再発することがある。早期乳癌と診断された女性の30%近くが転移性乳癌を発症する。まれではあるが、男性でも乳癌になることがある。</Text>	
		</GameDBLocalizedString>
		
		<GameDBLocalizedString>      
		<LocID>DIA_ONCO_CRP_BRAC1_0</LocID>                         
		<Text>毛様細胞性星細胞腫</Text>	
		</GameDBLocalizedString>
		
        <GameDBLocalizedString>      
		<LocID>DIA_ONCO_CRP_BRAC1_0_DESC</LocID>             
		<Text>グレードIの星細胞腫は、毛様細胞性星細胞腫とも呼ばれる。これらの腫瘍は小児および若年成人に発現する。これらの腫瘍は他の悪性度よりも侵襲性が低く、予後は比較的良好である。これらの腫瘍は通常、小脳、脳幹付近、視床下部、または視交叉に発生するが、大脳半球および脊髄を含む、アストロサイトが存在するすべての領域に発生することがある。これらの腫瘍は通常、成長が遅く良性である。</Text>	
		</GameDBLocalizedString>
		
		<GameDBLocalizedString>      
		<LocID>DIA_ONCO_CRP_BRAC1_1</LocID>                         
		<Text>びまん性星細胞腫</Text>	
		</GameDBLocalizedString>
		
        <GameDBLocalizedString>      
		<LocID>DIA_ONCO_CRP_BRAC1_1_DESC</LocID>             
		<Text>びまん性星細胞腫（低悪性度浸潤性星細胞腫とも呼ばれる）は、WHO II脳腫瘍に指定されている。びまん性浸潤性という用語は、画像上では境界が十分に区切られているように見えても、腫瘍と正常な脳組織との間に識別可能な境界がないことを意味する。</Text>	
		</GameDBLocalizedString>
		
		<GameDBLocalizedString>      
		<LocID>DIA_ONCO_CRP_BRAC1_2</LocID>                         
		<Text>退形成性星細胞腫</Text>	
		</GameDBLocalizedString>
		
        <GameDBLocalizedString>      
		<LocID>DIA_ONCO_CRP_BRAC1_2_DESC</LocID>             
		<Text>退形成性星細胞腫は、まれな悪性脳腫瘍であり、アストロサイトと呼ばれる特定の星型の脳細胞から発生する腫瘍である。アストロサイトや類似の細胞は、脳や脊髄内にある他の神経細胞を取り囲んで保護する組織を形成している。</Text>	
		</GameDBLocalizedString>
		
		<GameDBLocalizedString>      
		<LocID>DIA_ONCO_CRP_BRAC1_3</LocID>                         
		<Text>膠芽腫</Text>	
		</GameDBLocalizedString>
		
        <GameDBLocalizedString>      
		<LocID>DIA_ONCO_CRP_BRAC1_3_DESC</LocID>             
		<Text>多形性膠芽腫（GBM）としても知られる膠芽腫は、脳内に発生する最も侵攻性の高い癌である。初期には、膠芽腫の徴候および症状は非特異的である。それらには、頭痛、性格の変化、吐き気、および脳卒中に似た症状が含まれる。</Text>	
		</GameDBLocalizedString>
		
		<GameDBLocalizedString>      
		<LocID>DIA_ONCO_CRP_OVAC1_0F</LocID>                         
		<Text>高悪性度漿液性腺癌</Text>	
		</GameDBLocalizedString>
		
        <GameDBLocalizedString>      
		<LocID>DIA_ONCO_CRP_OVAC1_0F_DESC</LocID>             
		<Text>高悪性度漿液性腺癌（HGSC）は、腹腔内の漿液性上皮層から発生する腫瘍の一種で、主に卵巣に発生する。HGSCは卵巣癌症例の大部分を占めており、生存率は最も低い。HGSCは、卵巣組織から発生し、侵攻性が低い低悪性度漿液性癌（LGSC）とは異なる。</Text>
		</GameDBLocalizedString>
		
		<GameDBLocalizedString>      
		<LocID>DIA_ONCO_CRP_OVAC1_1F</LocID>                         
		<Text>低悪性度漿液性腺癌</Text>	
		</GameDBLocalizedString>
		
        <GameDBLocalizedString>      
		<LocID>DIA_ONCO_CRP_OVAC1_1F_DESC</LocID>             
		<Text>低悪性度の漿液性卵巣癌は、卵巣癌症例の10%未満を占める稀な疾患である。低悪性度の卵巣漿液性癌（LGSC）は、高悪性度の卵巣癌よりも頻度が低く、侵攻性が高いが、多くの種類の化学療法に抵抗性を持つ。</Text>
		</GameDBLocalizedString>
		
		<GameDBLocalizedString>      
		<LocID>DIA_ONCO_CRP_OVAC1_2F</LocID>                         
		<Text>転移性卵巣癌</Text>	
		</GameDBLocalizedString>
		
        <GameDBLocalizedString>      
		<LocID>DIA_ONCO_CRP_OVAC1_2F_DESC</LocID>             
		<Text>転移性卵巣癌は、卵巣の細胞から体の遠くの部位に転移した進行期の悪性腫瘍である。このタイプの癌は、肝臓、肺の周りの体液、脾臓、腸、脳、皮膚、腹部以外のリンパ節に転移する可能性が高い。</Text>
		</GameDBLocalizedString>
		
		<GameDBLocalizedString>      
		<LocID>DIA_ONCO_CRP_PROC1_0M</LocID>                         
		<Text>前立腺癌（ステージI）</Text>	
		</GameDBLocalizedString>
		
        <GameDBLocalizedString>      
		<LocID>DIA_ONCO_CRP_PROC1_0M_DESC</LocID>             
		<Text>前立腺癌は前立腺に発生する癌である。前立腺は男性にみられる小さなクルミの形をした腺で、精子に栄養を与えて運ぶ精液を産生している。前立腺癌は、男性に最も多くみられる癌の1つである。通常、前立腺癌は増殖が遅く、最初は前立腺に限局しているため、重大な害を及ぼすことはない。しかし、前立腺癌の中には、攻撃的で急速に転移するものもある。 \n\nステージIでは、癌は前立腺に限局している。直腸指診ではステージIを検出できない。通常は成長が遅いと予想されている。</Text>
		</GameDBLocalizedString>
		
		<GameDBLocalizedString>      
		<LocID>DIA_ONCO_CRP_PROC1_1M</LocID>                         
		<Text>前立腺癌（ステージII）</Text>	
		</GameDBLocalizedString>
		
        <GameDBLocalizedString>      
		<LocID>DIA_ONCO_CRP_PROC1_1M_DESC</LocID>             
		<Text>前立腺癌は前立腺に発生する癌である。前立腺は男性にみられる小さなクルミの形をした腺で、精子に栄養を与えて運ぶ精液を産生している。前立腺癌は、男性に最も多くみられる癌の1つである。通常、前立腺癌は増殖が遅く、最初は前立腺に限局しているため、重大な害を及ぼすことはない。しかし、前立腺癌の中には、攻撃的で急速に転移するものもある。 \n\nステージIIの場合、直腸指診で癌が発見されることがある。この病気はまだ前立腺に限局しているが、細胞に異常が生じて増殖が速くなることがある。</Text>
		</GameDBLocalizedString>
		
		<GameDBLocalizedString>      
		<LocID>DIA_ONCO_CRP_PROC1_2M</LocID>                         
		<Text>前立腺癌（ステージIII）</Text>	
		</GameDBLocalizedString>
		
        <GameDBLocalizedString>      
		<LocID>DIA_ONCO_CRP_PROC1_2M_DESC</LocID>             
		<Text>前立腺癌は前立腺に発生する癌である。前立腺は男性にみられる小さなクルミの形をした腺で、精子に栄養を与えて運ぶ精液を産生している。前立腺癌は、男性に最も多くみられる癌の1つである。通常、前立腺癌は増殖が遅く、最初は前立腺に限局しているため、重大な害を及ぼすことはない。しかし、前立腺癌の中には、攻撃的で急速に転移するものもある。 \n\nステージIIIの前立腺癌では、癌は前立腺付近の組織にある。精嚢に達していることもある。</Text>
		</GameDBLocalizedString>
		
		<GameDBLocalizedString>      
		<LocID>DIA_ONCO_CRP_PROC1_3M</LocID>                         
		<Text>前立腺癌（ステージIV）</Text>	
		</GameDBLocalizedString>
		
        <GameDBLocalizedString>      
		<LocID>DIA_ONCO_CRP_PROC1_3M_DESC</LocID>             
		<Text>前立腺癌は前立腺に発生する癌である。前立腺は男性にみられる小さなクルミの形をした腺で、精子に栄養を与えて運ぶ精液を産生している。前立腺癌は、男性に最も多くみられる癌の1つである。通常、前立腺癌は増殖が遅く、最初は前立腺に限局しているため、重大な害を及ぼすことはない。しかし、前立腺癌の中には、攻撃的で急速に転移するものもある。 \n\nステージIVの前立腺癌とは、直腸、付近のリンパ節、骨などの他の部位に癌が浸潤していることを意味する。</Text>
		</GameDBLocalizedString>
		
		<GameDBLocalizedString>      
		<LocID>DIA_ONCO_CRP_BLC07_0</LocID>                         
		<Text>びまん性大細胞型B細胞性リンパ腫</Text>	
		</GameDBLocalizedString>
		
        <GameDBLocalizedString>      
		<LocID>DIA_ONCO_CRP_BLC07_0_DESC</LocID>             
		<Text>びまん性大細胞型B細胞リンパ腫（DLBCL）は、リンパ系のB細胞から発生する侵攻性の非ホジキンリンパ腫である。顕微鏡で見ると、大きな悪性リンパ球が標本全体に散在しているのが見て取れる。DLBCLは非ホジキンリンパ腫の中で最も一般的なサブタイプで、全症例の30～40%を占めている。DLBCLにはいくつかのタイプがあり、ほとんどの人はDLBCLのサブタイプとして知られている「not otherwise specified（他に特定されない）」と診断される。</Text>
		</GameDBLocalizedString>
		
		<GameDBLocalizedString>      
		<LocID>DIA_ONCO_CRP_BLC08_0</LocID>                         
		<Text>濾胞性リンパ腫</Text>	
		</GameDBLocalizedString>
		
        <GameDBLocalizedString>      
		<LocID>DIA_ONCO_CRP_BLC08_0_DESC</LocID>             
		<Text>濾胞性リンパ腫は、低悪性度（遅発性）非ホジキンリンパ腫の最も一般的なサブタイプであり、全非ホジキンリンパ腫の20%～30%を占める。濾胞性リンパ腫は通常、中高年または高齢の成人が罹患する。ほとんどの低悪性度リンパ腫と同様に、濾胞性リンパ腫と診断された人は、通常、診断時に体の多くの部位にリンパ腫を有する。濾胞性リンパ腫と診断された人のごく一部は、時間の経過とともにリンパ腫がより侵攻性の高い非ホジキンリンパ腫（通常はDLBC）に変化する可能性がある。早期に診断された場合は、治療が行われないこともある（経過観察）。</Text>
		</GameDBLocalizedString>
		
		<GameDBLocalizedString>      
		<LocID>DIA_ONCO_CRP_SC4_0</LocID>                         
		<Text>メルケル細胞癌（限局性）</Text>	
		</GameDBLocalizedString>
		
        <GameDBLocalizedString>      
		<LocID>DIA_ONCO_CRP_SC4_0_DESC</LocID>             
		<Text>メルケル細胞癌は、まれなタイプの皮膚癌で、通常は肉色や青みがかった赤色の結節として顔や頭、首に現れることが多い。メルケル細胞癌は、皮膚の神経内分泌癌とも呼ばれており、急速に成長し、早期に転移（拡大）する傾向がある。通常はまず近くのリンパ節に転移し、その後、離れた部位のリンパ節や皮膚、肺、脳、骨などの臓器に転移する。メルケル細胞癌は、皮膚癌の死因としては、メラノーマに次いで2番目に多いとされている。</Text>
		</GameDBLocalizedString>
		
		<GameDBLocalizedString>      
		<LocID>DIA_ONCO_CRP_SC4_1</LocID>                         
		<Text>メルケル細胞癌（転移性）</Text>	
		</GameDBLocalizedString>
		
        <GameDBLocalizedString>      
		<LocID>DIA_ONCO_CRP_SC4_1_DESC</LocID>             
		<Text>メルケル細胞癌は、まれなタイプの皮膚癌で、通常は肉色や青みがかった赤色の結節として顔や頭、首に現れることが多い。メルケル細胞癌は、皮膚の神経内分泌癌とも呼ばれており、急速に成長し、早期に転移（拡大）する傾向がある。通常はまず近くのリンパ節に転移し、その後、離れた部位のリンパ節や皮膚、肺、脳、骨などの臓器に転移する。メルケル細胞癌は、皮膚癌の死因としては、メラノーマに次いで2番目に多いとされている。</Text>
		</GameDBLocalizedString>
		
		<!-- ### ### -->
		<!-- ######################################## Content for V0.13.1a Added Below ######################################## -->
		<!-- ### ### -->
		
		<GameDBLocalizedString>      
		<LocID>DIA_ONCO_CRP_BLC09_0</LocID>                         
		<Text>マントル細胞リンパ腫</Text>	
		</GameDBLocalizedString>
		
        <GameDBLocalizedString>      
		<LocID>DIA_ONCO_CRP_BLC09_0_DESC</LocID>             
		<Text>マントル細胞リンパ腫は比較的まれなリンパ腫で、非ホジキンリンパ腫全体の約5～10%を占める。リンパ節濾胞内のB細胞の外縁部（マントルゾーン）に発生する。85%の症例では、2本の染色体（11番と14番）が壊れて互いに結合するときに異常が起こる。これは「転座」と呼ばれ、B細胞がサイクリンD1と呼ばれるタンパク質を過剰に産生する原因となる。通常の量では、サイクリンD1は正常な細胞の成長を促進するのに役立つが、過剰な量では、MCLにつながることができるマントルゾーンの細胞の制御不能な成長をもたらす。</Text>
		</GameDBLocalizedString>
		
		<!-- ### ### -->
		<!-- ######################################## Content for V0.13.2.0 Added Below ######################################## -->
		<!-- ### ### -->
		
		<GameDBLocalizedString>      
		<LocID>DIA_ONCO_CRP_LC2_0</LocID>                         
		<Text>肺大細胞癌</Text>	
		</GameDBLocalizedString>
		
        <GameDBLocalizedString>      
		<LocID>DIA_ONCO_CRP_LC2_0_DESC</LocID>             
		<Text>肺大細胞癌は、非小細胞肺癌の一種である。非小細胞肺癌は肺癌の80%を占めており、そのうち約10%が肺の大細胞癌である。﻿咳や肺の感染症で発症することが多い一部の肺癌とは異なり、初期の症状としては、漠然とした息切れや倦怠感があることが多い。大細胞癌は大細胞肺癌とも呼ばれ、顕微鏡で見ると大きな丸い細胞が見えることからこの名がついているが、診断時には腫瘍自体も大きくなる傾向がある。大細胞癌は、しばしば肺の外側領域に発生し、他の非小細胞肺癌のいくつかの形態よりも急速に成長して広がる傾向がある。</Text>
		</GameDBLocalizedString>
		
		<GameDBLocalizedString>      
		<LocID>DIA_ONCO_CRP_LC3_0</LocID>                         
		<Text>肺腺癌（初期）</Text>	
		</GameDBLocalizedString>
		
        <GameDBLocalizedString>      
		<LocID>DIA_ONCO_CRP_LC3_0_DESC</LocID>             
		<Text>肺腺癌は肺癌の中で最も一般的なタイプであり、他の形態の肺癌と同様に、細胞や分子の特徴が異なっている。挙動や予後が異なる小細胞肺癌と区別するために、いくつかある非小細胞肺癌（NSCLC）の一つとして分類されている。肺癌は、通常、初期の段階では徴候や症状が現れない。肺癌の兆候や症状は、通常、病気が進行したときにのみ発生する。早期に発見された癌では、癌は通常、それが始まった組織や臓器にのみ発見され、近くのリンパ節や体の他の部分には広がっていない。</Text>
		</GameDBLocalizedString>
		
		<GameDBLocalizedString>      
		<LocID>DIA_ONCO_CRP_LC3_1</LocID>                         
		<Text>肺腺癌（進行期）</Text>	
		</GameDBLocalizedString>
		
        <GameDBLocalizedString>      
		<LocID>DIA_ONCO_CRP_LC3_1_DESC</LocID>             
		<Text>肺腺癌は肺癌の中で最も一般的なタイプであり、他の形態の肺癌と同様に、細胞や分子の特徴が異なっている。挙動や予後が異なる小細胞肺癌と区別するために、いくつかある非小細胞肺癌（NSCLC）の一つとして分類されている。肺癌は、通常、初期の段階では徴候や症状が現れない。肺癌の兆候や症状は、通常、病気が進行したときにのみ発生する。進行した癌では、腫瘍の大きさにかかわらず、胸部の反対側や鎖骨付近のリンパ節に転移している可能性が高く、心臓や食道など胸部の他の構造物に浸潤している可能性が高い。</Text>
		</GameDBLocalizedString>
		
		<GameDBLocalizedString>      
		<LocID>DIA_ONCO_CRP_LC4_0</LocID>                         
		<Text>肺扁平上皮癌</Text>	
		</GameDBLocalizedString>
		
        <GameDBLocalizedString>      
		<LocID>DIA_ONCO_CRP_LC4_0_DESC</LocID>             
		<Text>肺扁平上皮癌（表皮癌とも呼ばれる）は、非小細胞肺癌の一種で、通常、肺の空気の通り道、または気管支の1つで発症する。これは非小細胞肺癌の2番目に一般的なタイプであり、すべての肺癌のケースの約30%を占めている。このタイプの癌は一般的に成長が遅いが、最終的には体の他の領域に広がることがある。</Text>
		</GameDBLocalizedString>
		
		<GameDBLocalizedString>      
		<LocID>DIA_ONCO_CRP_BC2_0</LocID>                         
		<Text>大腸印環細胞癌</Text>	
		</GameDBLocalizedString>
		
        <GameDBLocalizedString>      
		<LocID>DIA_ONCO_CRP_BC2_0_DESC</LocID>             
		<Text>印環細胞癌（SRCC）（まれ）は、粘液を産生する高悪性度腺癌のまれな形態であり、印環細胞の組織学的外観によって特徴づけられる上皮性悪性腫瘍である。原発性SRCC腫瘍は、胃の腺細胞に最も多く見られる（SRCCは患者の90%が胃に発生する）が、乳房、胆嚢、膀胱、および膵臓にはあまり頻度が高くない。SRCCは通常、肺には発生しない。大腸癌では、SRCCの有病率は1%未満である。</Text>
		</GameDBLocalizedString>
		
		<GameDBLocalizedString>      
		<LocID>DIA_ONCO_CRP_BC3_0</LocID>                         
		<Text>大腸粘液癌（混合型）</Text>	
		</GameDBLocalizedString>
		
        <GameDBLocalizedString>      
		<LocID>DIA_ONCO_CRP_BC3_0_DESC</LocID>             
		<Text>粘液性大腸癌は、腫瘍体積の少なくとも50%を占める豊富な細胞外ムチンの存在を特徴とする大腸癌（CRC）の異なるサブタイプである。大腸癌患者の10%-20%に粘液性大腸腺癌がみられる。粘液性癌は、他の種類の癌細胞とともに発生することがあり、その場合は混合型粘液癌と呼ばれます。</Text>
		</GameDBLocalizedString>
		
		<GameDBLocalizedString>      
		<LocID>DIA_ONCO_CRP_BC3_1</LocID>                         
		<Text>大腸粘液癌（単一型）</Text>	
		</GameDBLocalizedString>
		
        <GameDBLocalizedString>      
		<LocID>DIA_ONCO_CRP_BC3_1_DESC</LocID>             
		<Text>粘液性大腸癌は、腫瘍体積の少なくとも50%を占める豊富な細胞外ムチンの存在を特徴とする大腸癌（CRC）の異なるサブタイプである。大腸癌患者の10%-20%に粘液性大腸腺癌がみられる。粘液性癌は他の種類の癌細胞に沿って発生することもあるが、そうでない場合は「単一型の」癌とみなされる。</Text>
		</GameDBLocalizedString>
		
	</LocalizedStrings>
	</GameDBStringTable>
</Database>

