<Database>
	<GameDBStringTable ID="LOC_JA_ADDON_ONCOLOGY_SKILLS">
	
	<LanguageCode>ja</LanguageCode>
	<LanguageNameLocalized>日本語</LanguageNameLocalized>
	<Contributors>
		<Name>Clamm0363</Name>
	</Contributors>
        
	<LocalizedStrings>
            
<!-- ### Skills ### -->
			
	<GameDBLocalizedString>      
		<LocID>DPT_ONCOLOGY</LocID>                                          	
		<Text>腫瘍科</Text>  
	</GameDBLocalizedString>
	
	<GameDBLocalizedString>      
		<LocID>SKILL_DOC_SPEC_ONCO</LocID>                   
		<Text>腫瘍学</Text>  
	</GameDBLocalizedString>
	
	<GameDBLocalizedString>      
		<LocID>SKILL_DOC_SPEC_ONCO_DESCR</LocID>                   
		<Text>腫瘍学は、様々な形態の癌を検出し、診断し、治療するための専門的な手段をを提供します</Text>  
	</GameDBLocalizedString>
	
	<GameDBLocalizedString>      
		<LocID>SKILL_DOC_SPEC_ONCO_SURGERY</LocID>                   
		<Text>腫瘍手術</Text>  
	</GameDBLocalizedString>
	
	<GameDBLocalizedString>      
		<LocID>SKILL_DOC_SPEC_ONCO_SURG_DESCR</LocID>                   
		<Text>腫瘍手術のスキルを持つ医師は腫瘍科で執刀医を務めることができ、術後合併症を引き起こす頻度に影響を与えます</Text>  
	</GameDBLocalizedString>

	
	</LocalizedStrings>	
	</GameDBStringTable>
</Database>