<Database>
	<GameDBStringTable ID="LOC_ES_ADDON_ONCOLOGY_SKILLS">
	
	<LanguageCode>es</LanguageCode>
	<LanguageNameLocalized>Español</LanguageNameLocalized>
	<Contributors>
		<Name>DrkTemplar</Name>
	</Contributors>
        
	<LocalizedStrings>
            
<!-- ### Skills ### -->
			
	<GameDBLocalizedString>      
		<LocID>DPT_ONCOLOGY</LocID>                                          	
		<Text>Oncología</Text>  
	</GameDBLocalizedString>
	
	<GameDBLocalizedString>      
		<LocID>SKILL_DOC_SPEC_ONCO</LocID>                   
		<Text>Oncología</Text>  
	</GameDBLocalizedString>
	
	<GameDBLocalizedString>      
		<LocID>SKILL_DOC_SPEC_ONCO_DESCR</LocID>                   
		<Text>La especialización en Oncología permite realizar exploraciones y prescripciones en el departamento homónimo, así como asistir en quirófano.</Text>  
	</GameDBLocalizedString>
	
	<GameDBLocalizedString>      
		<LocID>SKILL_DOC_SPEC_ONCO_SURGERY</LocID>                   
		<Text>Cirugía Oncológica</Text>  
	</GameDBLocalizedString>
	
	<GameDBLocalizedString>      
		<LocID>SKILL_DOC_SPEC_ONCO_SURG_DESCR</LocID>                   
		<Text>La subespecialidad quirúrgica permite al oncólogo especializarse en un ámbito concreto de la Cirugía Oncológica y dirigir la operación, reduciendo la posibilidad de complicaciones post-operatorias.</Text>  
	</GameDBLocalizedString>

	<!-- ### ### -->
	<!-- ######################################## Vx.x.x.x Below ######################################## -->
	<!-- ### ### -->
	
	</LocalizedStrings>	
	</GameDBStringTable>
</Database>