<?xml version="1.0" encoding="UTF-8"?>
<Database>
  <GameDBStringTable ID="LOC_ZHHANS_ADDON_ONCOLOGY_SKILLS">
    <LanguageCode>zh-Hans</LanguageCode>
    <LanguageNameLocalized>简体中文</LanguageNameLocalized>
    <Contributors>
      <Name>1328411791</Name>
      <Name>Toobin</Name>
    </Contributors>
    <LocalizedStrings>
      <!-- ### Skills ### -->
      <GameDBLocalizedString>
        <LocID>DPT_ONCOLOGY</LocID>
        <Text>肿瘤科</Text>
      </GameDBLocalizedString>
      <GameDBLocalizedString>
        <LocID>SKILL_DOC_SPEC_ONCO</LocID>
        <Text>肿瘤科</Text>
      </GameDBLocalizedString>
      <GameDBLocalizedString>
        <LocID>SKILL_DOC_SPEC_ONCO_DESCR</LocID>
        <Text>肿瘤科提供了用于检测，诊断和治疗各种形式癌症的专门程序。</Text>
      </GameDBLocalizedString>
      <GameDBLocalizedString>
        <LocID>SKILL_DOC_SPEC_ONCO_SURGERY</LocID>
        <Text>肿瘤外科</Text>
      </GameDBLocalizedString>
      <GameDBLocalizedString>
        <LocID>SKILL_DOC_SPEC_ONCO_SURG_DESCR</LocID>
        <Text>肿瘤外科使医生可以担任肿瘤科的主要外科医生，并影响手术最终因并发症而发生的频率。</Text>
      </GameDBLocalizedString>
    </LocalizedStrings>
  </GameDBStringTable>
</Database>