<Database>
	<!-- Oncology Mod by Sleepy068 -->
    <GameDBStringTable ID="LOC_IT_ADDON_ONCOLOGYSL_EXAMINATIONS">

        <LanguageCode>it</LanguageCode>
        <LanguageNameLocalized>Italiano</LanguageNameLocalized>

        <Contributors>
            <Name>neoxes</Name>
        </Contributors>

        <LocalizedStrings>
            <!-- Examinations -->
            <GameDBLocalizedString>      
			<LocID>EXM_SLP_CCBT</LocID>                                      
			<Text>Catecolamine plasmatiche - campionamento</Text>  
			</GameDBLocalizedString>
			
			<GameDBLocalizedString>      
			<LocID>EXM_SLP_CCBT_DESC</LocID>                                      
			<Text>Il test delle catecolamine plasmatiche misura la quantità di catecolamine nel corpo. Catecolamine è un termine generico per gli ormoni dopamina, noradrenalina ed epinefrina. \n\nStanza richiesta: Laboratorio di Ematologia</Text>  
			</GameDBLocalizedString>
			
			<GameDBLocalizedString>      
			<LocID>EXM_SLP_CCBT_TEST</LocID>                                      
			<Text>Catecolamine plasmatiche - analisi</Text>  
			</GameDBLocalizedString>
			
			<GameDBLocalizedString>      
			<LocID>EXM_SLP_CCBT_TEST_DESC</LocID>                                      
			<Text>Il test delle catecolamine plasmatiche misura la quantità di catecolamine nel corpo. Catecolamine è un termine generico per gli ormoni dopamina, noradrenalina ed epinefrina.</Text>  
			</GameDBLocalizedString>
			
			<GameDBLocalizedString>      
			<LocID>EXM_SLP_CA</LocID>                                      
			<Text>Marcatori tumorali ematici - campionamento</Text>  
			</GameDBLocalizedString>
			
			<GameDBLocalizedString>      
			<LocID>EXM_SLP_CA_DESC</LocID>                                      
			<Text>Test ematico per la ricerca di antigeni del cancro (CA), utilizzato per aiutare a diagnosticare e gestire alcuni tipi di neoplasie maligne. I marcatori tumorali sono sostanze, solitamente ormoni o proteine, che vengono prodotte dall'organismo, in risposta alla crescita del cancro, o dallo stesso tessuto tumorale. Alcuni marcatori sono specifici per un tipo di cancro, mentre altri sono osservati in diversi tipi. Molti dei marcatori noti sono osservati sia in condizioni cancerose che non cancerose e, pertanto, non possono essere sempre utilizzati per diagnosticare i tumori. \n\nStanza richiesta: Laboratorio di Ematologia</Text>  
			</GameDBLocalizedString>
			
			<GameDBLocalizedString>      
			<LocID>EXM_SLP_CA_TEST</LocID>                                      
			<Text>Marcatori tumorali ematici - analisi</Text>  
			</GameDBLocalizedString>
			
			<GameDBLocalizedString>      
			<LocID>EXM_SLP_CA_TEST_DESC</LocID>                                      
			<Text>Test ematico per la ricerca di antigeni del cancro (CA), utilizzato per aiutare a diagnosticare e gestire alcuni tipi di neoplasie maligne. I marcatori tumorali sono sostanze, solitamente ormoni o proteine, che vengono prodotte dall'organismo, in risposta alla crescita del cancro, o dallo stesso tessuto tumorale. Alcuni marcatori sono specifici per un tipo di cancro, mentre altri sono osservati in diversi tipi. Molti dei marcatori noti sono osservati sia in condizioni cancerose che non cancerose e, pertanto, non possono essere sempre utilizzati per diagnosticare i tumori.</Text>  
			</GameDBLocalizedString>
			
			<GameDBLocalizedString>      
			<LocID>EXM_SLP_COLONOSCOPY</LocID>                                      
			<Text>Colonscopia</Text>  
			</GameDBLocalizedString>
			
			<GameDBLocalizedString>      
			<LocID>EXM_SLP_COLONOSCOPY_DESC</LocID>                                      
			<Text>Una colonscopia è una procedura medica che viene eseguita alla ricerca di cancro, polipi del colon o altre anomalie all'interno dell'intestino. La colonscopia viene eseguita utilizzando uno strumento chiamato colonscopio (un tipo di endoscopio): un tubo lungo, sottile e flessibile contenente una telecamera e una luce.</Text>  
			</GameDBLocalizedString>
			
			<GameDBLocalizedString>      
			<LocID>EXM_SLP_UAS</LocID>                                      
			<Text>Marcatori tumorali urinari - campionamento</Text>  
			</GameDBLocalizedString>
			
			<GameDBLocalizedString>      
			<LocID>EXM_SLP_UAS_DESC</LocID>                                      
			<Text>Test delle urine utilizzato per verificare la quantità di antigeni del cancro (CA) ivi presenti. Misurando la concentrazione di antigeni sparsi da una varietà di agenti patogeni nei reni per l'escrezione nelle urine, è possibile utilizzare questo test per ottenere risultati rapidi. I marcatori tumorali sono sostanze, solitamente ormoni o proteine, che vengono prodotte dall'organismo, in risposta alla crescita del cancro, o dallo stesso tessuto tumorale. Alcuni marcatori sono specifici per un tipo di cancro, mentre altri sono osservati in diversi tipi. Molti dei marcatori noti sono osservati sia in condizioni cancerose che non cancerose e, pertanto, non possono essere sempre utilizzati per diagnosticare i tumori. \n\nStanza richiesta: Laboratorio di Istologia</Text>  
			</GameDBLocalizedString>
			
			<GameDBLocalizedString>      
			<LocID>EXM_SLP_UAS_TEST</LocID>                                      
			<Text>Marcatori tumorali urinari - analisi</Text>  
			</GameDBLocalizedString>
			
			<GameDBLocalizedString>      
			<LocID>EXM_SLP_UAS_TEST_DESC</LocID>                                      
			<Text>Test delle urine utilizzato per verificare la quantità di antigeni del cancro (CA) ivi presenti. Misurando la concentrazione di antigeni sparsi da una varietà di agenti patogeni nei reni per l'escrezione nelle urine, è possibile utilizzare questo test per ottenere risultati rapidi. I marcatori tumorali sono sostanze, solitamente ormoni o proteine, che vengono prodotte dall'organismo, in risposta alla crescita del cancro, o dallo stesso tessuto tumorale. Alcuni marcatori sono specifici per un tipo di cancro, mentre altri sono osservati in diversi tipi. Molti dei marcatori noti sono osservati sia in condizioni cancerose che non cancerose e, pertanto, non possono essere sempre utilizzati per diagnosticare i tumori.</Text>  
			</GameDBLocalizedString>

			<GameDBLocalizedString>      
			<LocID>EXM_SLP_BONEBIOPSY_SAMPLE</LocID>                                      
			<Text>Biopsia del midollo osseo - campionamento</Text>  
			</GameDBLocalizedString>
			
			<GameDBLocalizedString>      
			<LocID>EXM_SLP_BONEBIOPSY_SAMPLE_DESC</LocID>                                      
			<Text>La biopsia del midollo osseo raccoglie un campione di nucleo cilindrico che contiene la struttura del midollo. Il campione prelevato viene valutato da uno specialista per determinare la cellularità, confrontare il volume delle cellule con il volume di altri componenti del midollo osseo, verificare se i diversi lignaggi cellulari sono presenti in numero adeguato e se vi sono infiltrati anomali nel midollo. \n\nStanza richiesta: Laboratorio di Istologia</Text>  
			</GameDBLocalizedString>
			
			<GameDBLocalizedString>      
			<LocID>EXM_SLP_BONEBIOPSY_TEST</LocID>                                      
			<Text>Biopsia del midollo osseo - analisi</Text>  
			</GameDBLocalizedString>
			
			<GameDBLocalizedString>      
			<LocID>EXM_SLP_BONEBIOPSY_TEST_DESC</LocID>                                      
			<Text>La biopsia del midollo osseo raccoglie un campione di nucleo cilindrico che contiene la struttura del midollo. Il campione prelevato viene valutato da uno specialista per determinare la cellularità, confrontare il volume delle cellule con il volume di altri componenti del midollo osseo, verificare se i diversi lignaggi cellulari sono presenti in numero adeguato e se vi sono infiltrati anomali nel midollo.</Text>  
			</GameDBLocalizedString>
			
			<GameDBLocalizedString>      
			<LocID>EXM_SLP_FLOWCYT</LocID>                                      
			<Text>Citometria a flusso - campionamento</Text>  
			</GameDBLocalizedString>
			
			<GameDBLocalizedString>      
			<LocID>EXM_SLP_FLOWCYT_DESC</LocID>                                      
			<Text>La citometria a flusso è una tecnica utilizzata per rilevare e misurare le caratteristiche fisiche e chimiche di una popolazione di cellule o particelle. Un campione contenente cellule o particelle viene sospeso in un fluido e iniettato nello strumento del citometro a flusso. \n\nStanza richiesta: Laboratorio di Istologia</Text>  
			</GameDBLocalizedString>
			
			<GameDBLocalizedString>      
			<LocID>EXM_SLP_FLOWCYT_TEST</LocID>                                      
			<Text>Citometria a flusso - analisi</Text>  
			</GameDBLocalizedString>
			
			<GameDBLocalizedString>      
			<LocID>EXM_SLP_FLOWCYT_TEST_DESC</LocID>                                      
			<Text>La citometria a flusso è una tecnica utilizzata per rilevare e misurare le caratteristiche fisiche e chimiche di una popolazione di cellule o particelle. Un campione contenente cellule o particelle viene sospeso in un fluido e iniettato nello strumento del citometro a flusso.</Text>  
			</GameDBLocalizedString>

			<GameDBLocalizedString>      
			<LocID>EXM_SLP_CBC_SAMPLING</LocID>                                      
			<Text>EC (per Oncologia) - campionamento</Text>  
			</GameDBLocalizedString>
			
			<GameDBLocalizedString>      
			<LocID>EXM_SLP_BLOOD_SMEAR_SAMPLE</LocID>                                      
			<Text>Striscio di sangue - campionamento</Text>  
			</GameDBLocalizedString>
			
			<GameDBLocalizedString>      
			<LocID>EXM_SLP_BLOOD_SMEAR_SAMPLE_DESC</LocID>                                      
			<Text>Una pellicola di sangue, o striscio di sangue periferico, consiste in un sottile strato di sangue spalmato su un vetrino da microscopio e, quindi, colorato in modo da consentire l'esame microscopico delle varie cellule del sangue. \n\nStanza richiesta: Laboratorio di Istologia</Text>  
			</GameDBLocalizedString>
			
			<GameDBLocalizedString>      
			<LocID>EXM_SLP_BLOOD_SMEAR_TEST</LocID>                                      
			<Text>Striscio di sangue - analisi</Text>  
			</GameDBLocalizedString>
			
			<GameDBLocalizedString>      
			<LocID>EXM_SLP_BLOOD_SMEAR_TEST_DESC</LocID>                                      
			<Text>Una pellicola di sangue, o striscio di sangue periferico, consiste in un sottile strato di sangue spalmato su un vetrino da microscopio e, quindi, colorato in modo da consentire l'esame microscopico delle varie cellule del sangue.</Text>  
			</GameDBLocalizedString>
			
			<GameDBLocalizedString>      
			<LocID>EXM_SLP_LIVER_FT_SAMPLING</LocID>                                      
			<Text>Test di funzionalità epatica - campionamento</Text>  
			</GameDBLocalizedString>
			
			<GameDBLocalizedString>      
			<LocID>EXM_SLP_LIVER_FT_SAMPLING_DESC</LocID>                                      
			<Text>I test di funzionalità epatica (chiamati anche LFT) sono esami del sangue che possono fornire informazioni sul funzionamento del fegato. Testano i livelli di un certo numero di proteine ​​ed enzimi che vengono prodotti dalle cellule del fegato o rilasciati nel sangue quando le cellule del fegato sono danneggiate. \n\nStanza richiesta: Laboratorio di Ematologia</Text>  
			</GameDBLocalizedString>
			
			<GameDBLocalizedString>      
			<LocID>EXM_SLP_LIVER_FT_TEST</LocID>                                      
			<Text>Test di funzionalità epatica - analisi</Text>  
			</GameDBLocalizedString>
			
			<GameDBLocalizedString>      
			<LocID>EXM_SLP_LIVER_FT_TEST_DESC</LocID>                                      
			<Text>I test di funzionalità epatica (chiamati anche LFT) sono esami del sangue che possono fornire informazioni sul funzionamento del fegato. Testano i livelli di un certo numero di proteine ​​ed enzimi che vengono prodotti dalle cellule del fegato o rilasciati nel sangue quando le cellule del fegato sono danneggiate.</Text>  
			</GameDBLocalizedString>
			
			<GameDBLocalizedString>      
			<LocID>EXM_SLP_FISH_SAMPLE</LocID>                                      
			<Text>Ibridazione a fluorescenza in sito (FISH) - campionamento</Text>  
			</GameDBLocalizedString>
			
			<GameDBLocalizedString>      
			<LocID>EXM_SLP_FISH_SAMPLE_DESC</LocID>                                      
			<Text>L'ibridazione a fluorescenza in sito (FISH) è una tecnica citogenetica molecolare che utilizza sonde fluorescenti che si legano solo a quelle parti di una sequenza di acido nucleico con un alto grado di complementarità, sviluppata da ricercatori biomedici all'inizio degli anni '80 per rilevare e localizzare la presenza o l'assenza di sequenze specifiche di DNA sui cromosomi. La microscopia a fluorescenza può essere utilizzata per scoprire dove la sonda fluorescente è legata ai cromosomi. Il test FISH viene spesso utilizzato per rilevare caratteristiche specifiche nel DNA da utilizzare nella consulenza genetica, nella medicina e nell'identificazione delle specie e può anche essere usato per rilevare e localizzare specifici target di RNA (mRNA, lncRNA e miRNA) in cellule, cellule tumorali circolanti e campioni di tessuto. \n\nStanza richiesta: Laboratorio di Istologia</Text>  
			</GameDBLocalizedString>
			
			<GameDBLocalizedString>      
			<LocID>EXM_SLP_FISH_TEST</LocID>                                      
			<Text>Ibridazione a fluorescenza in sito (FISH) - analisi</Text>  
			</GameDBLocalizedString>
			
			<GameDBLocalizedString>      
			<LocID>EXM_SLP_FISH_TEST_DESC</LocID>                                      
			<Text>L'ibridazione a fluorescenza in sito (FISH) è una tecnica citogenetica molecolare che utilizza sonde fluorescenti che si legano solo a quelle parti di una sequenza di acido nucleico con un alto grado di complementarità, sviluppata da ricercatori biomedici all'inizio degli anni '80 per rilevare e localizzare la presenza o l'assenza di sequenze specifiche di DNA sui cromosomi. La microscopia a fluorescenza può essere utilizzata per scoprire dove la sonda fluorescente è legata ai cromosomi. Il test FISH viene spesso utilizzato per rilevare caratteristiche specifiche nel DNA da utilizzare nella consulenza genetica, nella medicina e nell'identificazione delle specie e può anche essere usato per rilevare e localizzare specifici target di RNA (mRNA, lncRNA e miRNA) in cellule, cellule tumorali circolanti e campioni di tessuto.</Text>  
			</GameDBLocalizedString>
			
			<GameDBLocalizedString>      
			<LocID>EXM_SLP_IV_STAINING_SAMPLE</LocID>                                      
			<Text>Colorazione in vitro - campionamento</Text>  
			</GameDBLocalizedString>
			
			<GameDBLocalizedString>      
			<LocID>EXM_SLP_IV_STAINING_SAMPLE_DESC</LocID>                                      
			<Text>La colorazione è una tecnica utilizzata per intensificare il contrasto nei campioni, generalmente a livello microscopico. Macchie e coloranti sono spesso usati in istologia (lo studio dei tessuti al microscopio) e nei campi medici di istopatologia, ematologia e citopatologia che si concentrano sullo studio e la diagnosi di malattie a livello microscopico. Le macchie possono essere utilizzate per definire i tessuti biologici (evidenziando, ad esempio, le fibre muscolari o il tessuto connettivo), le popolazioni cellulari (classificando diverse cellule del sangue) o gli organelli all'interno delle singole cellule. \n\nStanza richiesta: Laboratorio di Istologia</Text>  
			</GameDBLocalizedString>
			
			<GameDBLocalizedString>      
			<LocID>EXM_SLP_IV_STAINING_TEST</LocID>                                      
			<Text>Colorazione in vitro - analisi</Text>  
			</GameDBLocalizedString>
			
			<GameDBLocalizedString>      
			<LocID>EXM_SLP_IV_STAINING_TEST_DESC</LocID>                                      
			<Text>La colorazione è una tecnica utilizzata per intensificare il contrasto nei campioni, generalmente a livello microscopico. Macchie e coloranti sono spesso usati in istologia (lo studio dei tessuti al microscopio) e nei campi medici di istopatologia, ematologia e citopatologia che si concentrano sullo studio e la diagnosi di malattie a livello microscopico. Le macchie possono essere utilizzate per definire i tessuti biologici (evidenziando, ad esempio, le fibre muscolari o il tessuto connettivo), le popolazioni cellulari (classificando diverse cellule del sangue) o gli organelli all'interno delle singole cellule.</Text>  
			</GameDBLocalizedString>
			
			<!-- ### ### -->
			<!-- ######################################## Content for V0.13 Added Below ######################################## -->
			<!-- ### ### -->
			
			<GameDBLocalizedString>      
			<LocID>EXM_SL_X_RAY_MAMMOGRAM</LocID>                                      
			<Text>Mammografia</Text>  
			</GameDBLocalizedString>
			
			<GameDBLocalizedString>      
			<LocID>EXM_SL_X_RAY_MAMMOGRAM_DESC</LocID>                                      
			<Text>Una mammografia è una radiografia del tessuto mammario che può rilevare alterazioni troppo piccole per essere osservate durante un esame fisico. \n\nStanza richiesta: Sala Raggi X</Text>  
			</GameDBLocalizedString>
			
			<GameDBLocalizedString>      
			<LocID>EXM_SLP_FNA_SAMPLE</LocID>                                      
			<Text>Agobiopsia - campionamento</Text>  
			</GameDBLocalizedString>
			
			<GameDBLocalizedString>      
			<LocID>EXM_SLP_FNA_SAMPLE_DESC</LocID>                                      
			<Text>L'agobiopsia è una procedura di biopsia, più rapida e meno dolorosa, utilizzata per prelevare campioni di tessuti, cellule o liquidi. Il campione da esaminare, utile per confermare una diagnosi o per escludere condizioni come il cancro, viene prelevato mediante aspirazione con un ago sottile inserito in un'area di tessuto o fluido corporeo che appare anormale. \n\nStanza richiesta: Laboratorio di Istologia</Text>  
			</GameDBLocalizedString>
			
			<GameDBLocalizedString>      
			<LocID>EXM_SLP_FNA_TEST</LocID>                                      
			<Text>Agobiopsia - analisi</Text>  
			</GameDBLocalizedString>
			
			<GameDBLocalizedString>      
			<LocID>EXM_SLP_FNA_TEST_DESC</LocID>                                      
			<Text>L'agobiopsia è una procedura di biopsia, più rapida e meno dolorosa, utilizzata per prelevare campioni di tessuti, cellule o liquidi. Il campione da esaminare, utile per confermare una diagnosi o per escludere condizioni come il cancro, viene prelevato mediante aspirazione con un ago sottile inserito in un'area di tessuto o fluido corporeo che appare anormale.</Text>  
			</GameDBLocalizedString>
			
			<GameDBLocalizedString>      
			<LocID>EXM_SLP_EMICRO_SAMPLE</LocID>                                      
			<Text>Microscopia elettronica - campionamento</Text>  
			</GameDBLocalizedString>
			
			<GameDBLocalizedString>      
			<LocID>EXM_SLP_EMICRO_SAMPLE_DESC</LocID>                                      
			<Text>La microscopia elettronica diagnostica è un importante strumento di accertamento per lo screening dei tessuti umani ad alto ingrandimento (livello ultrastrutturale). I tessuti solidi vengono preparati per il TEM (Microscopio elettronico a trasmissione) allo stesso modo degli altri tessuti biologici, vengono fissati in glutaraldeide e tetrossido di osmio, quindi disidratati e incorporati in resina epossidica. \n\nStanza richiesta: Laboratorio di Istologia</Text>  
			</GameDBLocalizedString>
			
			<GameDBLocalizedString>      
			<LocID>EXM_SLP_EMICRO_TEST</LocID>                                      
			<Text>Microscopia elettronica - analisi</Text>  
			</GameDBLocalizedString>
			
			<GameDBLocalizedString>      
			<LocID>EXM_SLP_EMICRO_TEST_DESC</LocID>                                      
			<Text>La microscopia elettronica diagnostica è un importante strumento di accertamento per lo screening dei tessuti umani ad alto ingrandimento (livello ultrastrutturale). I tessuti solidi vengono preparati per il TEM (Microscopio elettronico a trasmissione) allo stesso modo degli altri tessuti biologici, vengono fissati in glutaraldeide e tetrossido di osmio, quindi disidratati e incorporati in resina epossidica.</Text>  
			</GameDBLocalizedString>
			
			<GameDBLocalizedString>      
			<LocID>EXM_SLP_PELVIC_EXAM</LocID>                                      
			<Text>Esame pelvico</Text>  
			</GameDBLocalizedString>
			
			<GameDBLocalizedString>      
			<LocID>EXM_SLP_PELVIC_EXAM_DESC</LocID>                                      
			<Text>Un esame pelvico è un esame visivo e fisico che consente al medico di valutare l'apparato genitale femminile. Durante l'esame, il medico ispeziona la vagina, la cervice, le tube di Falloppio, la vulva, le ovaie e l'utero.</Text>  
			</GameDBLocalizedString>
			
			<GameDBLocalizedString>      
			<LocID>EXM_SLP_DRE_EXAM</LocID>                                      
			<Text>Esplorazione digito-rettale (DRE)</Text>  
			</GameDBLocalizedString>
			
			<GameDBLocalizedString>      
			<LocID>EXM_SLP_DRE_EXAM_DESC</LocID>                                      
			<Text>L'esplorazione digito-rettale (DRE) è un test per uomini e donne che consente al medico di controllare il retto inferiore, il bacino ed il basso ventre per il cancro e altri problemi di salute, come il cancro alla prostata.</Text>  
			</GameDBLocalizedString>

			<GameDBLocalizedString>      
			<LocID>EXM_SLP_MINERALT_SAMPLE</LocID>                                      
			<Text>Pannello minerale completo (CMP) - campionamento</Text>  
			</GameDBLocalizedString>
			
			<GameDBLocalizedString>      
			<LocID>EXM_SLP_MINERALT_SAMPLE_DESC</LocID>                                      
			<Text>Il pannello minerale completo (CMP) comprende il test del sangue per cinque minerali e viene utilizzato per rilevare carenze o sovraesposizione (tossicità) attraverso lo spettro minerale. Questo pannello include i livelli di test dei seguenti cinque minerali: calcio, rame, magnesio, manganese e zinco. \n\nStanza richiesta: Laboratorio di Ematologia</Text>  
			</GameDBLocalizedString>
			
			<GameDBLocalizedString>      
			<LocID>EXM_SLP_MINERALT_TEST</LocID>                                      
			<Text>Pannello minerale completo (CMP) - analisi</Text>  
			</GameDBLocalizedString>
			
			<GameDBLocalizedString>      
			<LocID>EXM_SLP_MINERALT_TEST_DESC</LocID>                                      
			<Text>Il pannello minerale completo (CMP) comprende il test del sangue per cinque minerali e viene utilizzato per rilevare carenze o sovraesposizione (tossicità) attraverso lo spettro minerale. Questo pannello include i livelli di test dei seguenti cinque minerali: calcio, rame, magnesio, manganese e zinco.</Text>  
			</GameDBLocalizedString>
			
			<GameDBLocalizedString>      
			<LocID>EXM_SLP_LYMPHBIOPSY_SAMPLE</LocID>                                      
			<Text>Biopsia linfonodale - campionamento</Text>  
			</GameDBLocalizedString>
			
			<GameDBLocalizedString>      
			<LocID>EXM_SLP_LYMPHBIOPSY_SAMPLE_DESC</LocID>                                      
			<Text>La biopsia del linfonodo è un test in cui un linfonodo o un pezzo di linfonodo viene prelevato per l'esame al microscopio. Tale esame può aiutare a determinare se il paziente ha un'infezione, un disordine immunitario o un cancro. \n\nStanza richiesta: Laboratorio di Istologia</Text>  
			</GameDBLocalizedString>
			
			<GameDBLocalizedString>      
			<LocID>EXM_SLP_LYMPHBIOPSY_TEST</LocID>                                      
			<Text>Biopsia linfonodale - analisi</Text>  
			</GameDBLocalizedString>
			
			<GameDBLocalizedString>      
			<LocID>EXM_SLP_LYMPHBIOPSY_TEST_DESC</LocID>                                      
			<Text>La biopsia del linfonodo è un test in cui un linfonodo o un pezzo di linfonodo viene prelevato per l'esame al microscopio. Tale esame può aiutare a determinare se il paziente ha un'infezione, un disordine immunitario o un cancro.</Text>  
			</GameDBLocalizedString>
			
			<GameDBLocalizedString>      
			<LocID>EXM_SLP_CEA</LocID> <!-- ############# OBSOLETE - ADDED IN FOR CRASH PROTECTION - NO NEED TO TRANSLATE -->                                     
			<Text>(OBSOLETE) Test Removed</Text>  
			</GameDBLocalizedString>
			
			<GameDBLocalizedString>      
			<LocID>EXM_SLP_CEA_DESC</LocID> <!-- ############# OBSOLETE - ADDED IN FOR CRASH PROTECTION -->                                         
			<Text>This test has been removed from this mod but the code remains to protect players that may have these tests queued.</Text>  
			</GameDBLocalizedString>
			
			<GameDBLocalizedString>       
			<LocID>EXM_SLP_CEA_TEST</LocID> <!-- ############# OBSOLETE - ADDED IN FOR CRASH PROTECTION -->                                          
			<Text>(OBSOLETE) Test Removed</Text>  
			</GameDBLocalizedString>
			
			<GameDBLocalizedString>      
			<LocID>EXM_SLP_CEA_TEST_DESC</LocID> <!-- ############# OBSOLETE - ADDED IN FOR CRASH PROTECTION -->                                          
			<Text>This test has been removed from this mod but the code remains to protect players that may have these tests queued.</Text>  
			</GameDBLocalizedString>
			
			<GameDBLocalizedString>      
			<LocID>EXM_SLP_5HIAA</LocID> <!-- ############# OBSOLETE - ADDED IN FOR CRASH PROTECTION -->                                     
			<Text>(OBSOLETE) Test Removed</Text>  
			</GameDBLocalizedString>
			
			<GameDBLocalizedString>      
			<LocID>EXM_SLP_5HIAA_DESC</LocID> <!-- ############# OBSOLETE - ADDED IN FOR CRASH PROTECTION -->                                         
			<Text>This test has been removed from this mod but the code remains to protect players that may have these tests queued.</Text>  
			</GameDBLocalizedString>
			
			<GameDBLocalizedString>       
			<LocID>EXM_SLP_5HIAA_TEST</LocID> <!-- ############# OBSOLETE - ADDED IN FOR CRASH PROTECTION -->                                          
			<Text>(OBSOLETE) Test Removed</Text>  
			</GameDBLocalizedString>
			
			<GameDBLocalizedString>      
			<LocID>EXM_SLP_5HIAA_TEST_DESC</LocID> <!-- ############# OBSOLETE - ADDED IN FOR CRASH PROTECTION -->                                          
			<Text>This test has been removed from this mod but the code remains to protect players that may have these tests queued.</Text>  
			</GameDBLocalizedString>
			
			<GameDBLocalizedString>      
			<LocID>EXM_SLP_CHRAB</LocID> <!-- ############# OBSOLETE - ADDED IN FOR CRASH PROTECTION -->                                     
			<Text>(OBSOLETE) Test Removed</Text>  
			</GameDBLocalizedString>
			
			<GameDBLocalizedString>      
			<LocID>EXM_SLP_CHRAB_DESC</LocID> <!-- ############# OBSOLETE - ADDED IN FOR CRASH PROTECTION -->                                         
			<Text>This test has been removed from this mod but the code remains to protect players that may have these tests queued.</Text>  
			</GameDBLocalizedString>
			
			<GameDBLocalizedString>       
			<LocID>EXM_SLP_CHRAB_TEST</LocID> <!-- ############# OBSOLETE - ADDED IN FOR CRASH PROTECTION -->                                          
			<Text>(OBSOLETE) Test Removed</Text>  
			</GameDBLocalizedString>
			
			<GameDBLocalizedString>      
			<LocID>EXM_SLP_CHRAB_TEST_DESC</LocID> <!-- ############# OBSOLETE - ADDED IN FOR CRASH PROTECTION -->                                          
			<Text>This test has been removed from this mod but the code remains to protect players that may have these tests queued.</Text>  
			</GameDBLocalizedString>
			
			<!-- ### ### -->
			<!-- ######################################## Content for V0.13.2.0 Added Below ######################################## -->
			<!-- ### ### -->
			
			<GameDBLocalizedString>      
			<LocID>EXM_SLP_COLONOSCOPY_BIOPSY_SAMPLE</LocID>                                      
			<Text>Colonscopia con biopsia - campionamento</Text>  
			</GameDBLocalizedString>
			
			<GameDBLocalizedString>      
			<LocID>EXM_SLP_COLONOSCOPY_BIOPSY_SAMPLE_DESC</LocID>                                      
			<Text>Una colonscopia è una procedura medica che viene eseguita alla ricerca di cancro, polipi del colon o altre anomalie all'interno dell'intestino. La colonscopia viene eseguita utilizzando uno strumento chiamato colonscopio (un tipo di endoscopio): un tubo lungo, sottile e flessibile contenente una telecamera e una luce. Durante la colonscopia, il medico può far passare uno strumento attravero il colonscopio per effettuare una biopsia, prelevando un piccolo campione del rivestimento del colon per ulteriori analisi. \n\nStanza richiesta: Laboratorio di Istologia</Text>  
			</GameDBLocalizedString>
			
			<GameDBLocalizedString>      
			<LocID>EXM_SLP_COLONOSCOPY_BIOPSY_TEST</LocID>                                      
			<Text>Colonscopia con biopsia - analisi</Text>  
			</GameDBLocalizedString>
			
			<GameDBLocalizedString>      
			<LocID>EXM_SLP_COLONOSCOPY_BIOPSY_TEST_DESC</LocID>                                      
			<Text>Una colonscopia è una procedura medica che viene eseguita alla ricerca di cancro, polipi del colon o altre anomalie all'interno dell'intestino. La colonscopia viene eseguita utilizzando uno strumento chiamato colonscopio (un tipo di endoscopio): un tubo lungo, sottile e flessibile contenente una telecamera e una luce. Durante la colonscopia, il medico può far passare uno strumento attravero il colonscopio per effettuare una biopsia, prelevando un piccolo campione del rivestimento del colon per ulteriori analisi.</Text>  
			</GameDBLocalizedString>
			
			<!-- ### ### -->
			<!-- ######################################## Content for V0.13.3.0 Added Below ######################################## -->
			<!-- ### ### -->
			
			<GameDBLocalizedString>      
			<LocID>EXM_SLP_LIVER_BIOPSY_SAMPLE</LocID>                                      
			<Text>Biopsia epatica - campionamento</Text>  
			</GameDBLocalizedString>
			
			<GameDBLocalizedString>      
			<LocID>EXM_SLP_LIVER_BIOPSY_SAMPLE_DESC</LocID>                                      
			<Text>Una biopsia epatica è una procedura in cui un piccolo ago viene inserito nel fegato per raccogliere un campione di tessuto. Il tessuto viene quindi analizzato in laboratorio per aiutare i medici a diagnosticare una varietà di disturbi e malattie del fegato. \n\nStanza richiesta: Laboratorio di Istologia</Text>  
			</GameDBLocalizedString>
			
			<GameDBLocalizedString>      
			<LocID>EXM_SLP_LIVER_BIOPSY_TEST</LocID>                                      
			<Text>Biopsia epatica - analisi</Text>  
			</GameDBLocalizedString>
			
			<GameDBLocalizedString>      
			<LocID>EXM_SLP_LIVER_BIOPSY_TEST_DESC</LocID>                                      
			<Text>Una biopsia epatica è una procedura in cui un piccolo ago viene inserito nel fegato per raccogliere un campione di tessuto. Il tessuto viene quindi analizzato in laboratorio per aiutare i medici a diagnosticare una varietà di disturbi e malattie del fegato.</Text>  
			</GameDBLocalizedString>

			<!-- ### ### -->
			<!-- ######################################## Content for V0.14.0.2 Added Below ######################################## -->
			<!-- ### ### -->

</LocalizedStrings>
</GameDBStringTable>
</Database>