<Database>
	<!-- Oncology Mod by Sleepy068 -->
	<GameDBStringTable ID="LOC_EN_ADDON_ONCOLOGYSL_TREATMENTSSURGERY">
	<LanguageCode>en</LanguageCode>
	<LanguageNameLocalized>English</LanguageNameLocalized>
	<Contributors>
	<Name>Sleepy068</Name>
	</Contributors>

	<LocalizedStrings>
	<GameDBLocalizedString>      
	<LocID>SUR_SLP_WIDELOCALEXCISION</LocID>                               
	<Text>Wide Local Excision (WLE)</Text>  
	</GameDBLocalizedString>
            
	<GameDBLocalizedString>      
	<LocID>SUR_SLP_WIDELOCALEXCISION_DESC</LocID>                   
	<Text>A wide local excision (WLE) is a surgical procedure to remove a small area of diseased or problematic tissue with a margin of normal tissue. This procedure is commonly performed on the breast and to skin lesions, but can be used on any area of the body. \n\nRequired room: Operating room at Oncology dpt.</Text>  
	</GameDBLocalizedString>
	
	<GameDBLocalizedString>      
	<LocID>SUR_SLP_LAPAROSCOPIC_SURGERY</LocID>                                    	
	<Text>Laparoscopic Surgery</Text>  
	</GameDBLocalizedString>

	<GameDBLocalizedString>      
	<LocID>SUR_SLP_LAPAROSCOPIC_SURGERY_DESC</LocID>                        	
	<Text>Laparoscopic or “minimally invasive” surgery is a specialized technique for performing surgery. It's a low-risk, minimally invasive procedure that requires only small incisions. Laparoscopy uses an instrument called a laparoscope to look at the abdominal organs. \n\nRequired room: Operating room at Oncology dpt.</Text>  
	</GameDBLocalizedString>
	
	<GameDBLocalizedString>      
	<LocID>SUR_SLP_LOBECTOMY_SURGERY</LocID>                                    	
	<Text>Pulmonary Lobectomy</Text>  
	</GameDBLocalizedString>

	<GameDBLocalizedString>      
	<LocID>SUR_SLP_LOBECTOMY_SURGERY_DESC</LocID>                        	
	<Text>Pulmonary Lobectomy of the lung is a surgical operation where a lobe of the lung is removed. It is done to remove a portion of diseased lung, such as early stage lung cancer. \n\nRequired room: Operating room at Oncology dpt.</Text>  
	</GameDBLocalizedString>
	
	<GameDBLocalizedString>      
	<LocID>SUR_SLP_ENDOVASCULAR_EMBOLISATION</LocID>                                    	
	<Text>Endovascular Embolization</Text>  
	</GameDBLocalizedString>

	<GameDBLocalizedString>      
	<LocID>SUR_SLP_ENDOVASCULAR_EMBOLISATION_DESC</LocID>                        	
	<Text>Endovascular embolization (EE) is an invasive surgical procedure. It’s used to treat abnormal blood vessels found in your brain, as well as other areas of your body. This procedure is an alternative to open surgery. It blocks blood vessels to cut off blood flow to an affected area. \n\nRequired room: Operating room at Oncology dpt.</Text>  
	</GameDBLocalizedString>
	
	<GameDBLocalizedString>      
	<LocID>SUR_SLP_ONCO_NERVE_DECOM_SURGERY</LocID>                                    	
	<Text>Nerve Reconstructive Surgery</Text>
	</GameDBLocalizedString>

	<GameDBLocalizedString>      
	<LocID>SUR_SLP_ONCO_NERVE_DECOM_SURGERY_DESC</LocID>                        	
	<Text>Nerve Reconstructive Surgery, or surgical nerve repair involves exploration of the injured nerve and removal of injured tissue or scar from the nerve endings. After that, a nerve can be directly reconnected if there is enough length on the ends to allow for a good quality repair without tension. \n\nRequired room: Operating room at Neurology dpt.</Text>  
	</GameDBLocalizedString>
	
	<GameDBLocalizedString>      
	<LocID>SUR_SLP_POLYPECTOMY</LocID>                                    	
	<Text>Polypectomy</Text>  
	</GameDBLocalizedString>

	<GameDBLocalizedString>      
	<LocID>SUR_SLP_POLYPECTOMY_DESC</LocID>                        	
	<Text>A polypectomy is a procedure used to remove polyps from the inside of the colon, also called the large intestine. A polyp is an abnormal collection of tissue. The procedure is relatively noninvasive. \n\nRequired room: Operating room at Oncology dpt.</Text>  
	</GameDBLocalizedString>
	
	<GameDBLocalizedString>      
	<LocID>SUR_SLP_PARTIAL_COLECTOMY</LocID>                                    	
	<Text>Colectomy</Text>  
	</GameDBLocalizedString>

	<GameDBLocalizedString>      
	<LocID>SUR_SLP_PARTIAL_COLECTOMY_DESC</LocID>                        	
	<Text>A Colectomy is bowel resection of the large bowel. It consists of the surgical removal of any extent of the colon, usually segmental resection. In extreme cases where the entire large intestine is removed. \n\nRequired room: Operating room at Oncology dpt.</Text>  
	</GameDBLocalizedString>
	
	<GameDBLocalizedString>      
	<LocID>SUR_SLP_ADRENALECTOMY</LocID>                                    	
	<Text>Adrenalectomy</Text>  
	</GameDBLocalizedString>

	<GameDBLocalizedString>      
	<LocID>SUR_SLP_ADRENALECTOMY_DESC</LocID>                        	
	<Text>Adrenalectomy is the surgical removal of one or both adrenal glands. It is usually advised for patients with tumors of the adrenal glands. The procedure can be performed using an open incision or laparoscopic technique. \n\nRequired room: Operating room at Oncology dpt.</Text>  
	</GameDBLocalizedString>
	
	<GameDBLocalizedString>     
	<LocID>SUR_SLP_SPLENECTOMY</LocID>                                    	
	<Text>Splenectomy</Text>  
	</GameDBLocalizedString>

	<GameDBLocalizedString>      
	<LocID>SUR_SLP_SPLENECTOMY_DESC</LocID>                        	
	<Text>Splenectomy is a surgical procedure to remove your spleen. The spleen is an organ that sits under your rib cage on the upper left side of your abdomen. It helps fight infection and filters unneeded material, such as old or damaged blood cells, from your blood. The most common reason for splenectomy is to treat a ruptured spleen, which is often caused by an abdominal injury. Splenectomy may be used to treat other conditions, including an enlarged spleen that is causing discomfort (splenomegaly), some blood disorders, certain cancers, infection, and noncancerous cysts or tumors. \n\nRequired room: Operating room at Oncology dpt.</Text>  
	</GameDBLocalizedString>
	
	<GameDBLocalizedString>      
	<LocID>SUR_SLP_SEG_MASTECTOMY</LocID>                                    	
	<Text>Partial Mastectomy</Text>  
	</GameDBLocalizedString>

	<GameDBLocalizedString>      
	<LocID>SUR_SLP_SEG_MASTECTOMY_DESC</LocID>                        	
	<Text>An operation to remove the cancer and some normal tissue around it, but not the breast itself. Some lymph nodes under the arm may be removed for biopsy. Part of the chest wall lining may also be removed if the cancer is near it. \n\nRequired room: Operating room at Oncology dpt.</Text>  
	</GameDBLocalizedString>
	
	<GameDBLocalizedString>      
	<LocID>SUR_SLP_DEBULKING</LocID>                                    	
	<Text>Surgical Debulking</Text>  
	</GameDBLocalizedString>

	<GameDBLocalizedString>      
	<LocID>SUR_SLP_DEBULKING_DESC</LocID>                        	
	<Text>Surgical debulking of tumors is a procedure whereby a surgically incurable malignant neoplasm is partially removed without curative intent in order to make subsequent therapy with drugs, radiation or other adjunctive measures more effective and, thereby, improve the length of survival. The doctor will need to book follow up treatment appointments with the patient in an attempt push the cancer into remission. \n\nRequired room: Operating room at Neurology dpt.</Text>  
	</GameDBLocalizedString>
	
	<GameDBLocalizedString>      
	<LocID>SUR_SLP_GTR</LocID>                                    	
	<Text>Gross-Total Resection Craniotomy</Text>  
	</GameDBLocalizedString>

	<GameDBLocalizedString>      
	<LocID>SUR_SLP_GTR_DESC</LocID>                        	
	<Text>Gross total resection is a complete removal of the magnetic resonance imaging (MRI) visible tumor tissue. Supratotal resection is performed as gross total resection with excising the MRI visible tumor tissue borders into the unaffected brain tissue. \n\nRequired room: Operating room at Neurology dpt.</Text>  
	</GameDBLocalizedString>
	
	<GameDBLocalizedString>      
	<LocID>SUR_SLP_UNI_SALOOPH</LocID>                                    	
	<Text>Unilateral Salpingo-Oophorectomy</Text>  
	</GameDBLocalizedString>

	<GameDBLocalizedString>      
	<LocID>SUR_SLP_UNI_SALOOPH_DESC</LocID>                        	
	<Text>A unilateral salpingo-oophorectomy is the surgical removal of one ovary and one fallopian tube, both of which are located on the same side of the body and share a common blood supply (in contrast, a bilateral procedure involves the removal of both ovaries and fallopian tubes). Unilateral salpingo-oophorectomy should be considered as the first choice of fertility-sparing treatment for women who wish to preserve fertility. Although the higher risk of local relapses is found, it is not associated with decreased overall survival. \n\nRequired room: Operating room at Oncology dpt.</Text>  
	</GameDBLocalizedString>
	
	<GameDBLocalizedString>      
	<LocID>SUR_SLP_RAD_PROS</LocID>                                    	
	<Text>Radical Prostatectomy</Text>  
	</GameDBLocalizedString>

	<GameDBLocalizedString>      
	<LocID>SUR_SLP_RAD_PROS_DESC</LocID>                        	
	<Text>Radical prostatectomy is an operation to remove the prostate gland and tissues surrounding it. This usually includes the seminal vesicles and some nearby lymph nodes. Radical prostatectomy can cure prostate cancer in men whose cancer is limited to the prostate. \n\nRequired room: Operating room at Oncology dpt.</Text>  
	</GameDBLocalizedString>
	
	<GameDBLocalizedString>      
	<LocID>SUR_SLP_PARATHY</LocID>                                    	
	<Text>Parathyroidectomy</Text>  
	</GameDBLocalizedString>

	<GameDBLocalizedString>      
	<LocID>SUR_SLP_PARATHY_DESC</LocID>                        	
	<Text>Parathyroidectomy is surgery to remove the parathyroid glands or parathyroid tumors. The parathyroid glands are right behind your thyroid gland in your neck. These glands help your body control the calcium level in the blood. \n\nRequired room: Operating room at Oncology dpt.</Text>  
	</GameDBLocalizedString>
	
	<GameDBLocalizedString>      
	<LocID>SUR_SLP_SEGMENTECTOMY</LocID>                                    	
	<Text>Segmentectomy</Text>  
	</GameDBLocalizedString>

	<GameDBLocalizedString>      
	<LocID>SUR_SLP_SEGMENTECTOMY_DESC</LocID>                        	
	<Text>Segmental resection is a surgical procedure to remove part of an organ or gland, as a sub-type of a resection, which might involve removing the whole body part. It may also be used to remove a tumor and normal tissue around it. \n\nRequired room: Operating room at Oncology dpt.</Text>  
	</GameDBLocalizedString>
	
	<GameDBLocalizedString>      
	<LocID>SUR_SLP_HEPATECTOMY</LocID>                                    	
	<Text>Hepatectomy</Text>  
	</GameDBLocalizedString>

	<GameDBLocalizedString>      
	<LocID>SUR_SLP_HEPATECTOMY_DESC</LocID>                        	
	<Text>Hepatectomy is the surgical resection (removal of all or part) of the liver. \n\nRequired room: Operating room at Oncology dpt.</Text>  
	</GameDBLocalizedString>
	
	<GameDBLocalizedString>      
	<LocID>SUR_SLP_LIVER_TRANSPL</LocID>                                    	
	<Text>Liver Transplant Surgery</Text>  
	</GameDBLocalizedString>

	<GameDBLocalizedString>      
	<LocID>SUR_SLP_LIVER_TRANSPL_DESC</LocID>                        	
	<Text>A liver transplant is a surgical procedure that removes a liver that no longer functions properly (liver failure) and replaces it with a healthy liver from a deceased donor or a portion of a healthy liver from a living donor. \n\nRequired room: Operating room at Oncology dpt.</Text>  
	</GameDBLocalizedString>
	
	<GameDBLocalizedString>      
	<LocID>SUR_SLP_PAROTIDECTOMY</LocID>                                    	
	<Text>Parotidectomy</Text>  
	</GameDBLocalizedString>

	<GameDBLocalizedString>      
	<LocID>SUR_SLP_PAROTIDECTOMY_DESC</LocID>                        	
	<Text>A parotidectomy is the surgical excision of the parotid gland, the major and largest of the salivary glands. The procedure is most typically performed due to neoplasms, which are growths of rapidly and abnormally dividing cells. Neoplasms can be benign or malignant. \n\nRequired room: Operating room at Oncology dpt.</Text>  
	</GameDBLocalizedString>
	
	<!-- ### ### -->
	<!-- ######################################## Content for V0.15.0.0 Added Below ######################################## -->
	<!-- ### ### -->
	<GameDBLocalizedString>      
	<LocID>SUR_SLP_VAGINECTOMY</LocID>                                    	
	<Text>Vaginectomy</Text>  
	</GameDBLocalizedString>

	<GameDBLocalizedString>      
	<LocID>SUR_SLP_VAGINECTOMY_DESC</LocID>                        	
	<Text>Vaginectomy is a surgery to remove all or part of the vagina. It is usually used as a treatment for vaginal cancer. If the uterus and ovaries are to remain intact, vaginectomy will leave a canal and opening suitable for draining menstrual discharge. Otherwise, a hysterectomy must be performed to avoid the danger of retaining menstrual discharge within the body. \n\nRequired room: Operating room at Oncology dpt.</Text>  
	</GameDBLocalizedString>
	
	<GameDBLocalizedString>      
	<LocID>SUR_SLP_BRACHYTHERAPY</LocID>                                    	
	<Text>Brachytherapy</Text>  
	</GameDBLocalizedString>

	<GameDBLocalizedString>      
	<LocID>SUR_SLP_BRACHYTHERAPY_DESC</LocID>                        	
	<Text>Brachytherapy is a procedure that involves placing radioactive material inside the patient's body. Brachytherapy is one type of radiation therapy that's used to treat cancer. Brachytherapy is sometimes called internal radiation. Brachytherapy allows doctors to deliver higher doses of radiation to more-specific areas of the body, compared with the conventional form of radiation therapy (external beam radiation) that projects radiation from a machine outside of your body. Brachytherapy may cause fewer side effects than does external beam radiation, and the overall treatment time is usually shorter. \n\nRequired room: Operating room at Oncology dpt.</Text>  
	</GameDBLocalizedString>
	
	</LocalizedStrings>
	</GameDBStringTable>
</Database>
