<Database>
	<!-- Oncology Mod by Sleepy068 -->
	<GameDBStringTable ID="LOC_EN_ADDON_ONCOLOGYSL_DIAGNOSES_OLD2">
	<LanguageCode>en</LanguageCode>
	<LanguageNameLocalized>English</LanguageNameLocalized>
	<Contributors>
	<Name>Sleepy068</Name>
	</Contributors>

	<LocalizedStrings>
        <GameDBLocalizedString>      
		<LocID>DIA_ONCO_CRP_BRAC1_0</LocID>                         
		<Text>Pilocytic Astrocytoma</Text>	
		</GameDBLocalizedString>

		<GameDBLocalizedString>      
		<LocID>DIA_ONCO_CRP_BRAC1_1</LocID>                         
		<Text>Diffuse Astrocytoma</Text>	
		</GameDBLocalizedString>

		<GameDBLocalizedString>      
		<LocID>DIA_ONCO_CRP_BRAC1_2</LocID>                         
		<Text>Anaplastic Astrocytoma</Text>	
		</GameDBLocalizedString>

		<GameDBLocalizedString>      
		<LocID>DIA_ONCO_CRP_BRAC1_3</LocID>                         
		<Text>Glioblastoma</Text>	
		</GameDBLocalizedString>
	</LocalizedStrings>
	</GameDBStringTable>
</Database>

