<Database>
	<GameDBStringTable ID="LOC_IT_ADDON_ONCOLOGYSL_TREATMENTS">
	<LanguageCode>it</LanguageCode>
	<LanguageNameLocalized>Italian</LanguageNameLocalized>
	<Contributors>
	<Name>Jerry76</Name>
	</Contributors>

	<LocalizedStrings>
	
	<GameDBLocalizedString>      
	<LocID>TRT_SLP_IMIQUIMOD_CREAM</LocID>                                    	
	<Text>Crema di imiquimod</Text>  
	</GameDBLocalizedString>

	<GameDBLocalizedString>      
	<LocID>TRT_SLP_IMIQUIMOD_CREAM_DESC</LocID>                        	
	<Text>L'imiquimod è un farmaco "immunomodulatore" (funge da modificatore della risposta immunitaria). E' utilizzato per il trattamento del carcinoma basocellulare superficiale e della cheratosi attinica. \n\nStanza rischiesta: Qualsiasi studio medico</Text>  
	</GameDBLocalizedString>
	
	<GameDBLocalizedString>      
	<LocID>TRT_SLP_PHOTODYNAMIC_THERAPY</LocID>                                    	
	<Text>Terapia fotodinamica (PDT)</Text>  
	</GameDBLocalizedString>

	<GameDBLocalizedString>      
	<LocID>TRT_SLP_PHOTODYNAMIC_THERAPY_DESC</LocID>                        	
	<Text>La terapia fotodinamica è un trattamento che utilizza alcuni farmaci chiamati agenti fotosensibilizzanti, insieme a una luce speciale, per uccidere le cellule tumorali. \n\nStanza rischiesta: Qualsiasi studio medico</Text>  
	</GameDBLocalizedString>
	
	<GameDBLocalizedString>      
	<LocID>TRT_SLP_MOHS_MICROGRAPHIC_SURGERY</LocID>                               
	<Text>Chirurgia micrografica di Mohs</Text>  
	</GameDBLocalizedString>
            
	<GameDBLocalizedString>      
	<LocID>TRT_SLP_MOHS_MICROGRAPHIC_SURGERY_DESC</LocID>                   
	<Text>La chirurgia Mohs è una tecnica chirurgica avanzata che rimuove con precisione tutte le forme di cancro della pelle, preservando i tessuti circostanti sani. \n\nStanza richiesta: Sala Operatoria al Reparto di Oncologia</Text>  
	</GameDBLocalizedString>
	
	<GameDBLocalizedString>      
	<LocID>TRT_SL_DOCTORS_ADVICE</LocID>                                    	
	<Text>Raccomandazioni per paziente oncologico</Text>  
	</GameDBLocalizedString>

	<GameDBLocalizedString>      
	<LocID>TRT_SL_DOCTORS_ADVICE_DESC</LocID>                        	
	<Text>Il medico fornisce al paziente consigli su come affrontare la propria situazione. Aiuta il paziente a comprendere meglio le sue opzioni, come le cure palliative e fa tutto il possibile per garantire che il paziente abbia la migliore qualità di vita possibile, durante questo periodo. \n\nStanza rischiesta: Qualsiasi studio medico</Text>  
	</GameDBLocalizedString>
	
	<GameDBLocalizedString>      
	<LocID>TRT_SLP_TARGETED_THERAPY</LocID>                                    	
	<Text>Terapia mirata</Text>  
	</GameDBLocalizedString>

	<GameDBLocalizedString>      
	<LocID>TRT_SLP_TARGETED_THERAPY_DESC</LocID>                        	
	<Text>La terapia mirata agisce prendendo di mira i geni, le proteine ​​o l'ambiente dei tessuti specifici del cancro che contribuiscono alla crescita e alla sopravvivenza della malattia. \n\nStanza richiesta: Qualsiasi studio medico</Text>  
	</GameDBLocalizedString>
	
	<GameDBLocalizedString>      
	<LocID>TRT_SLP_CHEMOTHERAPY</LocID>                                    	
	<Text>Chemioterapia</Text>  
	</GameDBLocalizedString>

	<GameDBLocalizedString>      
	<LocID>TRT_SLP_CHEMOTHERAPY_DESC</LocID>                        	
	<Text>La chemioterapia è un tipo di trattamento del cancro che utilizza uno o più farmaci anti-cancro, come parte di un regime terapico standardizzato. La chemioterapia può essere somministrata con uno scopo curativo, può mirare a prolungare la vita o a ridurre i sintomi. \n\nStanza richiesta: Ricovero regolare al Reparto di Oncologia.</Text>  
	</GameDBLocalizedString>
	
	<GameDBLocalizedString>      
	<LocID>TRT_SLP_LAPAROSCOPIC_SURGERY</LocID>                                    	
	<Text>Chirurgia laparoscopica</Text>  
	</GameDBLocalizedString>

	<GameDBLocalizedString>      
	<LocID>TRT_SLP_LAPAROSCOPIC_SURGERY_DESC</LocID>                        	
	<Text>La chirurgia laparoscopica o "minimamente invasiva" è una tecnica specializzata per eseguire la chirurgia. E' una procedura a basso rischio e minimamente invasiva che richiede solo piccole incisioni. La laparoscopia utilizza uno strumento chiamato laparoscopio, per osservare gli organi addominali. \n\nStanza richiesta: Sala Operatoria al Reparto di Oncologia.</Text>  
	</GameDBLocalizedString>
	
	<GameDBLocalizedString>      
	<LocID>TRT_SLP_LOBECTOMY_SURGERY</LocID>                                    	
	<Text>Lobectomia polmonare</Text>  
	</GameDBLocalizedString>

	<GameDBLocalizedString>      
	<LocID>TRT_SLP_LOBECTOMY_SURGERY_DESC</LocID>                        	
	<Text>La lobectomia del polmone è un'operazione chirurgica in cui viene rimosso un lobo del polmone. Viene eseguita per rimuovere la parte malata del polmone, afflitta da carcinoma polmonare in fase iniziale. \n\nStanza richiesta: Sala Operatoria al Reparto di Oncologia.</Text>  
	</GameDBLocalizedString>
	
	<GameDBLocalizedString>      
	<LocID>TRT_SLP_ENDOVASCULAR_EMBOLISATION</LocID>                                    	
	<Text>Embolizzazione endovascolare</Text>  
	</GameDBLocalizedString>

	<GameDBLocalizedString>      
	<LocID>TRT_SLP_ENDOVASCULAR_EMBOLISATION_DESC</LocID>                        	
	<Text>L'embolizzazione endovascolare (EE) è una procedura chirurgica invasiva. E' usata per trattare i vasi sanguigni anomali presenti nel cervello e in altre aree del corpo. Questa procedura è un'alternativa alla chirurgia a cielo aperto. Blocca i vasi sanguigni per interromperne il flusso verso un'area interessata. \n\nStanza richiesta: Sala Operatoria al Reparto di Oncologia.</Text>  
	</GameDBLocalizedString> 
	
	<GameDBLocalizedString>      
	<LocID>TRT_SLP_IMMUNOTHERAPY_DRUGS</LocID>                                    	
	<Text>Immunoterapia</Text>  
	</GameDBLocalizedString>

	<GameDBLocalizedString>      
	<LocID>TRT_SLP_IMMUNOTHERAPY_DRUGS_DESC</LocID>                        	
	<Text>L'immunoterapia è un tipo di trattamento del cancro che aiuta il sistema immunitario a combattere il cancro. \n\nStanza rischiesta: Qualsiasi studio medico</Text>  
	</GameDBLocalizedString>
	
	<GameDBLocalizedString>      
	<LocID>TRT_SLP_NERVE_DECOM_SURGERY</LocID>                                    	
	<Text>Chirurgia ricostruittiva del nervo</Text>  
	</GameDBLocalizedString>

	<GameDBLocalizedString>      
	<LocID>TRT_SLP_NERVE_DECOM_SURGERY_DESC</LocID>                        	
	<Text>La riparazione del nervo chirurgico comporta l'esplorazione del nervo ferito e la rimozione di tessuto ferito o cicatriziale, dalle terminazioni nervose. Successivamente, un nervo può essere ricollegato direttamente, se c'è una lunghezza sufficiente alle estremità, per consentire una riparazione di buona qualità, senza tensione. \n\nStanza richiesta: Sala Operatoria al Reparto di Oncologia.</Text>  
	</GameDBLocalizedString>
	
	<GameDBLocalizedString>      
	<LocID>TRT_SLP_EPIPEN</LocID>                                    	
	<Text>Autoiniettore per epinefrina</Text>  
	</GameDBLocalizedString>

	<GameDBLocalizedString>      
	<LocID>TRT_SLP_EPIPEN_DESC</LocID>                        	
	<Text>Un autoiniettore di epinefrina è un dispositivo medico per iniettare una o più dosi di epinefrina misurata mediante la tecnologia autoiniettore. E' più spesso usato per il trattamento dell'anafilassi. \n\nStanza richiesta: Qualsiasi studio medico</Text>  
	</GameDBLocalizedString>
	
	<GameDBLocalizedString>      
	<LocID>TRT_SLP_POLYPECTOMY</LocID>                                    	
	<Text>Polipectomia</Text>  
	</GameDBLocalizedString>

	<GameDBLocalizedString>      
	<LocID>TRT_SLP_POLYPECTOMY_DESC</LocID>                        	
	<Text>Una polipectomia è una procedura utilizzata per rimuovere i polipi dall'interno del colon, chiamato anche intestino crasso. Un polipo è una crescita anomala di tessuto. La procedura è relativamente non invasiva. \n\nStanza richiesta: Sala Operatoria al Reparto di Oncologia.</Text>  
	</GameDBLocalizedString>
	
	<GameDBLocalizedString>      
	<LocID>TRT_SLP_PARTIAL_COLECTOMY</LocID>                                    	
	<Text>Colectomia</Text>  
	</GameDBLocalizedString>

	<GameDBLocalizedString>      
	<LocID>TRT_SLP_PARTIAL_COLECTOMY_DESC</LocID>                        	
	<Text>Una colectomia è la resezione intestinale dell'intestino crasso. Consiste nella rimozione chirurgica di qualsiasi estensione del colon, solitamente resezione segmentaria. In casi estremi, quando viene rimosso l'intero intestino crasso. \n\nStanza richiesta: Sala Operatoria al Reparto di Oncologia.</Text>  
	</GameDBLocalizedString>
	
	<GameDBLocalizedString>      
	<LocID>TRT_SLP_ADRENALECTOMY</LocID>                                    	
	<Text>Surrenalectomia</Text>  
	</GameDBLocalizedString>

	<GameDBLocalizedString>      
	<LocID>TRT_SLP_ADRENALECTOMY_DESC</LocID>                        	
	<Text>La surrenalectomia (o adrenalectomia) è la rimozione chirurgica di una o entrambe le ghiandole surrenali. Di solito è consigliata per i pazienti con tumori delle ghiandole surrenali. La procedura può essere eseguita utilizzando un'incisione aperta o una tecnica laparoscopica. \n\nStanza richiesta: Sala Operatoria al Reparto di Oncologia.</Text>  
	</GameDBLocalizedString>
	
	<GameDBLocalizedString>      
	<LocID>TRT_SLP_MITOTANE</LocID>                                    	
	<Text>Mitotano</Text>  
	</GameDBLocalizedString>

	<GameDBLocalizedString>      
	<LocID>TRT_SLP_MITOTANE_DESC</LocID>                        	
	<Text>Il mitotano, venduto con il marchio Lysodren, è un inibitore della steroidogenesi. E' un farmaco citostatico antineoplastico che viene utilizzato nel trattamento del carcinoma adrenocorticale e per la sindrome di Cushing. \n\nStanza richiesta: Qualsiasi studio medico</Text>  
	</GameDBLocalizedString>
	
	<GameDBLocalizedString>      
	<LocID>TRT_SLP_SPIRONOLACTONE</LocID>                                    	
	<Text>Spironolattone</Text>  
	</GameDBLocalizedString>

	<GameDBLocalizedString>      
	<LocID>TRT_SLP_SPIRONOLACTONE_DESC</LocID>                        	
	<Text>Lo spironolattone è un diuretico risparmiatore di potassio (pillola d'acqua) che impedisce al corpo di assorbire troppo sale e di mantenere i livelli di potassio troppo bassi. Lo spironolattone è usato per trattare l'insufficienza cardiaca, l'ipertensione (ipertensione) o l'ipopotassiemia (bassi livelli di potassio nel sangue). \n\nStanza richiesta: Qualsiasi studio medico</Text>  
	</GameDBLocalizedString>
	
	<GameDBLocalizedString>      
	<LocID>TRT_SLP_OCTREOTIDE_INJECTION</LocID>                                    	
	<Text>Iniezione di octreotide</Text>  
	</GameDBLocalizedString>

	<GameDBLocalizedString>      
	<LocID>TRT_SLP_OCTREOTIDE_INJECTION_DESC</LocID>                        	
	<Text>L'octreotide è usato per il trattamento dei tumori che producono l'ormone della crescita (acromegalia e gigantismo) e può aiutare a stabilizzare un paziente affetto da una crisi carcinoide. \n\nStanza richiesta: Qualsiasi studio medico</Text>  
	</GameDBLocalizedString>
        
        <GameDBLocalizedString>     
	<LocID>TRT_SL_ACTIVE_MONITOR</LocID>                                    	
	<Text>Monitoraggio attivo</Text>  
	</GameDBLocalizedString>

	<GameDBLocalizedString>      
	<LocID>TRT_SL_ACTIVE_MONITOR_DESC</LocID>                        	
	<Text>Il monitoraggio attivo è quando l'oncologo non consiglia alcun trattamento ma monitora la salute del paziente con controlli regolari ed esami del sangue. Questo a volte viene chiamato "attento monitoraggio" o "guarda e aspetta". \n\nStanza richiesta: Qualsiasi studio medico di oncologia</Text>  
	</GameDBLocalizedString>
	
	<GameDBLocalizedString>     
	<LocID>TRT_SLP_HYPER_CVAD</LocID>                                    	
	<Text>Terapia intensiva Hyper CVAD</Text>  
	</GameDBLocalizedString>

	<GameDBLocalizedString>      
	<LocID>TRT_SLP_HYPER_CVAD_DESC</LocID>                        	
	<Text>Il termine "Hyper" (iper) si riferisce alla natura iperfrazionata della chemioterapia, che viene somministrata in dosi più piccole, più frequentemente, per ridurre al minimo gli effetti collaterali. 'CVAD' è l'acronimo dei farmaci utilizzati nel corso A: ciclofosfamide, vincristina, doxorubicina (nota anche con il nome commerciale, Adriamicina) e desametasone. Le terapie intensive a breve termine mostrano risultati migliori. \n\nStanza richiesta: Unità ad elevata dipendenza assistenziale presso il dipartimento di oncologia</Text>  
	</GameDBLocalizedString>
	
	<GameDBLocalizedString>     
	<LocID>TRT_SLP_SPLENECTOMY</LocID>                                    	
	<Text>Splenectomia</Text>  
	</GameDBLocalizedString>

	<GameDBLocalizedString>      
	<LocID>TRT_SLP_SPLENECTOMY_DESC</LocID>                        	
	<Text>La splenectomia è una procedura chirurgica per rimuovere la milza. La milza è un organo che si trova sotto la gabbia toracica, nella parte superiore sinistra dell'addome. Aiuta a combattere le infezioni e filtra il materiale non necessario, come le cellule del sangue vecchie o danneggiate, dal sangue. Il motivo più comune per la splenectomia è il trattamento di una milza rotta, che è spesso causata da una lesione addominale. La splenectomia può essere utilizzata per trattare altre condizioni, tra cui una milza ingrossata che provoca disagio (splenomegalia), alcuni disturbi del sangue, alcuni tumori, infezioni e cisti o tumori non cancerosi. \n\nStanza richiesta: Sala Operatoria al Reparto di Oncologia</Text>  
	</GameDBLocalizedString>
	
	<GameDBLocalizedString>      
	<LocID>TRT_SLP_G_CSF</LocID>                                    	
	<Text>Farmaci G-CSF</Text>  
	</GameDBLocalizedString>

	<GameDBLocalizedString>      
	<LocID>TRT_SLP_G_CSF_DESC</LocID>                        	
	<Text>I farmaci con fattori stimolanti le colonie di granulociti, noti anche come fattore 3 stimolante le colonie, sono una glicoproteina che stimola il midollo osseo a produrre granulociti e cellule staminali e a rilasciarli nel flusso sanguigno. \n\nStanza richiesta: Qualsiasi studio medico</Text>  
	</GameDBLocalizedString>
	
	<GameDBLocalizedString>      
	<LocID>TRT_SLP_METHOTREXATE</LocID>                                    	
	<Text>Methotrexate IV</Text>  
	</GameDBLocalizedString>

	<GameDBLocalizedString>      
	<LocID>TRT_SLP_METHOTREXATE_DESC</LocID>                        	
	<Text>Il Methotrexate, precedentemente noto come ametopterina, è un agente chemioterapico e soppressore del sistema immunitario. E' usato per trattare il cancro, le malattie autoimmuni, la gravidanza ectopica e per gli aborti medici. I tipi di tumori, per i quali viene utilizzato, comprendono il carcinoma mammario, la leucemia, il cancro ai polmoni, il linfoma e l'osteosarcoma. \n\nStanza richiesta: Stanza Ospedaliera al Reparto di Oncologia</Text>  
	</GameDBLocalizedString>
	
	<GameDBLocalizedString>      
	<LocID>TRT_SLP_ALEMTUZUMAB</LocID>                                    	
	<Text>Alemtuzumab IV</Text>  
	</GameDBLocalizedString>

	<GameDBLocalizedString>      
	<LocID>TRT_SLP_ALEMTUZUMAB_DESC</LocID>                        	
	<Text>L'Alemtuzumab è un farmaco usato per il trattamento della leucemia linfatica cronica (CLL) e della sclerosi multipla (SM). Nella CLL, l'Alemtuzumab è stato usato sia come trattamento di prima che di seconda linea. Nella SM è generalmente raccomandato solo se altri trattamenti non hanno funzionato. Viene somministrato in vena. \n\nStanza richiesta: Stanza Ospedaliera al Reparto di Oncologia</Text>  
	</GameDBLocalizedString>
	
	<GameDBLocalizedString>      
	<LocID>TRT_SLP_BRAF_INH</LocID>                                    	
	<Text>BRAF Inibitori</Text>  
	</GameDBLocalizedString>

	<GameDBLocalizedString>      
	<LocID>TRT_SLP_BRAF_INH_DESC</LocID>                        	
	<Text>Gli inibitori del BRAF aiutano a bloccare la mutazione del gene BRAF-V600E. Negli studi clinici, la proteina B-Raf ha aumentato la probabilità di sopravvivenza del paziente con melanoma metastatico. Nonostante l'elevata efficacia del farmaco, il 20% dei tumori sviluppa ancora resistenza al trattamento. \n\nStanza richiesta: Qualsiasi studio medico</Text>  
	</GameDBLocalizedString>
	
	<!-- ### ### -->
	<!-- ######################################## Content for V0.13 Added Below ######################################## -->
	<!-- ### ### -->
	
	<GameDBLocalizedString>      
	<LocID>TRT_SLP_TAMOXIFEN</LocID>                                    	
	<Text>Tamoxifene</Text>  
	</GameDBLocalizedString>

	<GameDBLocalizedString>      
	<LocID>TRT_SLP_TAMOXIFEN_DESC</LocID>                        	
	<Text>Il tamoxifene è una terapia ormonale per il cancro al seno sia nelle donne che negli uomini. Riduce il rischio che il carcinoma mammario precoce ritorni (ricorrendo) dopo un intervento chirurgico o si sviluppi nell'altro seno. Può anche controllare il carcinoma mammario avanzato per qualche tempo. \n\nStanza richiesta: Qualsiasi studio medico</Text>  
	</GameDBLocalizedString>
	
	<GameDBLocalizedString>      
	<LocID>TRT_SLP_SEG_MASTECTOMY</LocID>                                    	
	<Text>Mastectomia parziale</Text>  
	</GameDBLocalizedString>

	<GameDBLocalizedString>      
	<LocID>TRT_SLP_SEG_MASTECTOMY_DESC</LocID>                        	
	<Text>Un'operazione per rimuovere il cancro e alcuni tessuti normali attorno ad esso, ma non il seno stesso. Alcuni linfonodi sotto il braccio possono essere rimossi per la biopsia. Parte del rivestimento della parete toracica può anche essere rimossa, se il tumore è vicino. \n\nStanza richiesta: Unità di diagnosi presso il Rep. di Oncologia</Text>  
	</GameDBLocalizedString>
	
	<GameDBLocalizedString>      
	<LocID>TRT_SLP_HYPERSALINE</LocID>                                    	
	<Text>Salina ipertonica</Text>  
	</GameDBLocalizedString>

	<GameDBLocalizedString>      
	<LocID>TRT_SLP_HYPERSALINE_DESC</LocID>                        	
	<Text>La terapia iperosmolare con soluzione salina ipertonica o mannitolo può ridurre rapidamente la pressione intracranica, salvando eventualmente vite e cellule cerebrali. La soluzione salina ipertonica è efficace perché non attraversa (molto) la barriera emato-encefalica e quindi estrae il liquido cerebrospinale dal cranio e il fluido dal cervello ferito, riducendo la pressione e ulteriori lesioni. \n\nStanza richiesta: Qualsiasi studio medico.</Text>  
	</GameDBLocalizedString>
	
	<GameDBLocalizedString>      
	<LocID>TRT_SL_INCISION_AND_DRAINAGE</LocID>                        	
	<Text>Incisione e drenaggio</Text>  
	</GameDBLocalizedString>
	
	<GameDBLocalizedString>      
	<LocID>TRT_SL_INCISION_AND_DRAINAGE_DESC</LocID>                                    	
	<Text>L'incisione, il drenaggio e il pungidito clinico sono procedure chirurgiche minori per rilasciare il fuoco o la pressione accumulata sotto la pelle.</Text>  
	</GameDBLocalizedString>
	
	<GameDBLocalizedString>      
	<LocID>TRT_SLP_DEBULKING</LocID>                                    	
	<Text>Citoriduzione chirurgica</Text>  
	</GameDBLocalizedString>

	<GameDBLocalizedString>      
	<LocID>TRT_SLP_DEBULKING_DESC</LocID>                        	
	<Text>La citoriduzione (debulking) chirurgica dei tumori è una procedura in base alla quale una neoplasia maligna, chirurgicamente incurabile, viene parzialmente rimossa senza intento curativo; al fine di rendere più efficace la successiva terapia con farmaci, radiazioni o altre misure aggiuntive e, quindi, migliorare la durata della sopravvivenza. Il medico dovrà prenotare gli appuntamenti del trattamento di follow-up con il paziente, nel tentativo di portare il cancro in remissione. \n\nStanza richiesta: Sala chirurgica presso il Rep. di Neurologia</Text>  
	</GameDBLocalizedString>
	
	<GameDBLocalizedString>      
	<LocID>TRT_SLP_GTR</LocID>                                    	
	<Text>Craniotomia sopratotale</Text>  
	</GameDBLocalizedString>

	<GameDBLocalizedString>      
	<LocID>TRT_SLP_GTR_DESC</LocID>                        	
	<Text>La resezione sopratotale è una rimozione completa del tessuto tumorale visibile a risonanza magnetica (MRI). La resezione sopratotale viene eseguita come resezione completa con l'asportazione dei bordi del tessuto tumorale a risonanza magnetica, nel tessuto cerebrale non interessato. \n\nStanza richiesta: Sala chirurgica presso il Rep. di Neurologia</Text>  
	</GameDBLocalizedString>
	
	<GameDBLocalizedString>      
	<LocID>TRT_SLP_ESTRADIOL_CREAM</LocID>                                    	
	<Text>Crema di estradiolo</Text>  
	</GameDBLocalizedString>

	<GameDBLocalizedString>      
	<LocID>TRT_SLP_ESTRADIOL_CREAM_DESC</LocID>                        	
	<Text>La crema di estradiolo è un preparato di estrogeni, un ormone femminile, per applicazione topica nell'area vaginale utilizzata per trattare alcuni sintomi della menopausa come secchezza, bruciore e prurito dell'area vaginale e urgenza o irritazione con la minzione. \n\nStanza richiesta: Qualsiasi studio medico</Text>  
	</GameDBLocalizedString>
	
	<GameDBLocalizedString>      
	<LocID>TRT_SLP_UNI_SALOOPH</LocID>                                    	
	<Text>Salpingo-Ooforectomia unilaterale</Text>  
	</GameDBLocalizedString>

	<GameDBLocalizedString>      
	<LocID>TRT_SLP_UNI_SALOOPH_DESC</LocID>                        	
	<Text>Una salpingo-ooforectomia unilaterale è la rimozione chirurgica di un'ovaia e una tuba di Falloppio, entrambe situate sullo stesso lato del corpo e che condividono un apporto di sangue comune (al contrario, una procedura bilaterale prevede la rimozione di entrambe le ovaie e delle tube di Falloppio). La salpingo-ooforectomia unilaterale dovrebbe essere considerata la prima scelta di trattamento per la fertilità, perchè risparmia la fertilità delle donne che desiderano preservarla. Sebbene si riscontri il maggior rischio di recidive locali, non è associato a una riduzione della sopravvivenza globale. \n\nSala chirurgica presso il Rep. di Oncologia</Text>  
	</GameDBLocalizedString>
	
	<GameDBLocalizedString>      
	<LocID>TRT_SLP_RAD_PROS</LocID>                                    	
	<Text>Prostatectomia radicale</Text>  
	</GameDBLocalizedString>

	<GameDBLocalizedString>      
	<LocID>TRT_SLP_RAD_PROS_DESC</LocID>                        	
	<Text>La prostatectomia radicale è un'operazione per rimuovere la ghiandola prostatica e i tessuti che la circondano. Questo di solito include le vescicole seminali e alcuni linfonodi vicini. La prostatectomia radicale può curare il cancro alla prostata negli uomini il cui cancro è limitato alla prostata. \n\nSala chirurgica presso il Rep. di Oncologia</Text>  
	</GameDBLocalizedString>
	
	<GameDBLocalizedString>      
	<LocID>TRT_SLP_HORMONE_THERAPY</LocID>                                    	
	<Text>Terapia ormonale</Text>  
	</GameDBLocalizedString>

	<GameDBLocalizedString>      
	<LocID>TRT_SLP_HORMONE_THERAPY_DESC</LocID>                        	
	<Text>L'ormonoterapia o la terapia ormonale è l'uso di ormoni nel trattamento medico. \n\nStanza richiesta: Qualsiasi studio medico</Text>  
	</GameDBLocalizedString>
	
	<GameDBLocalizedString>      
	<LocID>TRT_SLP_PARATHY</LocID>                                    	
	<Text>Paratiroidectomia</Text>  
	</GameDBLocalizedString>

	<GameDBLocalizedString>      
	<LocID>TRT_SLP_PARATHY_DESC</LocID>                        	
	<Text>La paratiroidectomia è un intervento chirurgico per rimuovere le ghiandole paratiroidee o i tumori paratiroidi. Le ghiandole paratiroidi sono proprio dietro la ghiandola tiroidea nel collo. Queste ghiandole aiutano il tuo corpo a controllare il livello di calcio nel sangue. \n\nSala chirurgica presso il Rep. di Oncologia</Text>  
	</GameDBLocalizedString>
	
	<GameDBLocalizedString>      
	<LocID>TRT_SLP_RCHOP</LocID>                                    	
	<Text>Chemioterapia R-CHOP</Text>  
	</GameDBLocalizedString>

	<GameDBLocalizedString>      
	<LocID>TRT_SLP_RCHOP_DESC</LocID>                        	
	<Text>R-CHOP è un trattamento di combinazione utilizzato per il trattamento del linfoma non Hodgkin (NHL). Il trattamento include cinque farmaci chemioterapici: rituximab (Rituxan) ciclofosfamide. doxorubicina cloridrato, vincristina e prednisolone. \n\nStanza richiesta: Sala di osservazione presso il Rep. di Oncologia</Text>  
	</GameDBLocalizedString>

        <!-- ### ### -->
	<!-- ######################################## Contenuto per la V0.13.1a Aggiunto in basso ######################################## -->
	<!-- ### ### -->
	
	<GameDBLocalizedString>      
	<LocID>TRT_SLP_RITUXIMAB</LocID>                                    	
	<Text>Rituximab</Text>  
	</GameDBLocalizedString>

	<GameDBLocalizedString>      
	<LocID>TRT_SLP_RITUXIMAB_DESC</LocID>                        	
	<Text>Il rituximab, venduto tra gli altri con il marchio Rituxan, è un farmaco usato per trattare alcune malattie autoimmuni e tipi di cancro. Il rituximab è un anticorpo monoclonale chimerico contro la proteina CD20, che si trova principalmente sulla superficie delle cellule del sistema immunitario B. Quando si lega a questa proteina, provoca la morte cellulare. \n\nStanza richiesta: Stanza Ospedaliera al Rep. di Oncologia</Text>  
	</GameDBLocalizedString>
	
	</LocalizedStrings>
	</GameDBStringTable>
</Database>

