<Database>
	<GameDBStringTable ID="LOC_IT_ADDON_ONCOLOGYSL_DIAGNOSES">
	<LanguageCode>it</LanguageCode>
	<LanguageNameLocalized>Italian</LanguageNameLocalized>
	<Contributors>
	<Name>Jerry76</Name>
	</Contributors>

	<LocalizedStrings>
		
        <!-- Diagnosi - Cancro alla pelle -->
		
        <GameDBLocalizedString>      
		<LocID>DIA_ONCO_SC1_1</LocID>
                         
		<Text>Carcinoma delle cellule basali (Stadio I)</Text>	
		</GameDBLocalizedString>
		
        <GameDBLocalizedString>      
		<LocID>DIA_ONCO_SC1_1_DESC</LocID>             
		<Text>Il carcinoma a cellule basali è la forma più comune di tumore nell'uomo. E' un tipo di tumore della pelle (non melanoma) che inizia nello strato cellulare basale dell'epidermide (lo strato superiore della pelle), cresce molto lentamente e si diffonde raramente (metastatizza).\n\nAllo Stadio I, il tumore è approssimativamente 2 centimetri di larghezza o più piccolo e potrebbe essersi diffuso nel derma.</Text>	
		</GameDBLocalizedString>

        <GameDBLocalizedString>      
		<LocID>DIA_ONCO_SC1_2</LocID>
                         
		<Text>Carcinoma delle cellule basali (Stadio II)</Text>	
		</GameDBLocalizedString>
		
        <GameDBLocalizedString>      
		<LocID>DIA_ONCO_SC1_2_DESC</LocID>             
		<Text>Il carcinoma a cellule basali è la forma più comune di tumore nell'uomo. E' un tipo di tumore della pelle (non melanoma) che inizia nello strato cellulare basale dell'epidermide (lo strato superiore della pelle), cresce molto lentamente e si diffonde raramente (metastatizza).\n\nAllo Stadio II, il tumore è largo più di 2 centimetri, può essersi diffuso nel derma e presenta caratteristiche ad alto rischio, come l'invasione perineurale.</Text>	
		</GameDBLocalizedString>
		
        <GameDBLocalizedString>      
		<LocID>DIA_ONCO_SC1_3</LocID> 
                        
		<Text>Carcinoma delle cellule basali (Stadio III)</Text>	
		</GameDBLocalizedString>
		
        <GameDBLocalizedString>      
		<LocID>DIA_ONCO_SC1_3_DESC</LocID>   
          
		<Text>Il carcinoma a cellule basali è la forma più comune di tumore nell'uomo. E' un tipo di tumore della pelle (non melanoma) che inizia nello strato cellulare basale dell'epidermide (lo strato superiore della pelle), cresce molto lentamente e si diffonde raramente (metastatizza).\n\nAllo Stadio III, il tumore si è diffuso in aree sotto la pelle, muscoli, ossa, cartilagini o linfonodi, ma solo quelli vicino al tumore originale.</Text>	
		</GameDBLocalizedString>

        <GameDBLocalizedString>      
		<LocID>DIA_ONCO_SC1_4</LocID>  
                       
		<Text>Carcinoma delle cellule basali (Stadio IV)</Text>	
		</GameDBLocalizedString>
		
        <GameDBLocalizedString>      
		<LocID>DIA_ONCO_SC1_4_DESC</LocID> 
            
		<Text>Il carcinoma a cellule basali è la forma più comune di tumore nell'uomo. E' un tipo di tumore della pelle (non melanoma) che inizia nello strato cellulare basale dell'epidermide (lo strato superiore della pelle), cresce molto lentamente e si diffonde raramente (metastatizza).\n\nAllo Stadio IV, il tumore si è diffuso ad aree esterne alla pelle, organi distanti come il cervello o i polmoni, o ha invaso lo scheletro.</Text>	
		</GameDBLocalizedString>
		
		<GameDBLocalizedString>      
		<LocID>DIA_ONCO_SC2_1</LocID>  
                       
		<Text>Carcinoma a cellule squamose (Stadio I)</Text>	
		</GameDBLocalizedString>

        <GameDBLocalizedString>      
		<LocID>DIA_ONCO_SC2_1_DESC</LocID>    
         
		<Text>Il carcinoma a cellule squamose della pelle è una forma comune di cancro della pelle che si sviluppa nelle cellule squamose che compongono gli strati medio ed esterno della pelle.\n\nAllo Stadio I, il tumore è largo circa 2 centimetri o più piccolo e può presentarsi diffuso nel derma.</Text>	
		</GameDBLocalizedString>
		
		<GameDBLocalizedString>      
		<LocID>DIA_ONCO_SC2_2</LocID> 
                        
		<Text>Carcinoma a cellule squamose (Stadio II)</Text>	
		</GameDBLocalizedString>
		
        <GameDBLocalizedString>      
		<LocID>DIA_ONCO_SC2_2_DESC</LocID>   
          
		<Text>Il carcinoma a cellule squamose della pelle è una forma comune di tumore della pelle che si sviluppa nelle cellule squamose che compongono gli strati medio ed esterno della pelle.\n\nAllo Stadio II, il tumore è più largo di 2 centimetri, potrebbe essersi diffuso nel derma e presenta caratteristiche ad alto rischio come l'invasione perineurale.</Text>	
		</GameDBLocalizedString>
		
		<GameDBLocalizedString>      
		<LocID>DIA_ONCO_SC2_3</LocID>   
                      
		<Text>Carcinoma a cellule squamose (Stadio III)</Text>	
		</GameDBLocalizedString>
		
        <GameDBLocalizedString>      
		<LocID>DIA_ONCO_SC2_3_DESC</LocID>  
           
		<Text>Il carcinoma a cellule squamose della pelle è una forma comune di cancro della pelle che si sviluppa nelle cellule squamose che compongono gli strati medio ed esterno della pelle. \n\nAllo Stadio III, il tumore si è diffuso in aree sotto la pelle, muscoli, ossa, cartilagini o linfonodi, ma solo quelli vicino al tumore originale.</Text>	
		</GameDBLocalizedString>

		<GameDBLocalizedString>      
		<LocID>DIA_ONCO_SC2_4</LocID>   
                      
		<Text>Carcinoma a cellule squamose (Stadio IV)</Text>	
		</GameDBLocalizedString>
		
        <GameDBLocalizedString>      
		<LocID>DIA_ONCO_SC2_4_DESC</LocID> 
            
		<Text>l carcinoma a cellule squamose della pelle è una forma comune di tumore della pelle che si sviluppa nelle cellule squamose che compongono gli strati medio ed esterno della pelle. \n\nAllo Stadio IV, il cancro si è diffuso in aree esterne alla pelle, organi distanti come il cervello o i polmoni, o ha invaso lo scheletro.</Text>	
		</GameDBLocalizedString>

		<GameDBLocalizedString>      
		<LocID>DIA_ONCO_SC3_1</LocID>                         
		<Text>Melanoma (Stadio I)</Text>	
		</GameDBLocalizedString>
		
        <GameDBLocalizedString>      
		<LocID>DIA_ONCO_SC3_1_DESC</LocID>  
           
		<Text>Il melanoma si verifica quando le cellule del pigmento della pelle (chiamate melanociti) mutano e iniziano a crescere senza controllo.\n\nNAllo Stadio I, il Cancro si è diffuso più a fondo nella pelle ma non si è diffuso ai linfonodi o ad altre parti del corpo.</Text>	
		</GameDBLocalizedString>
		
		<GameDBLocalizedString>      
		<LocID>DIA_ONCO_SC3_2</LocID>   
                      
		<Text>Melanoma (Stadio II)</Text>	
		</GameDBLocalizedString>
		
        <GameDBLocalizedString>      
		<LocID>DIA_ONCO_SC3_2_DESC</LocID>     
        
		<Text>Il melanoma si verifica quando le cellule del pigmento della pelle (chiamate melanociti) mutano e iniziano a crescere senza controllo.\n\nAllo Stadio II, il melanoma è più spesso, si estende attraverso l'epidermide e più avanti nel derma, il denso strato interno della pelle. Ha una maggiore possibilità di diffusione.</Text>	
		</GameDBLocalizedString>

		<GameDBLocalizedString>      
		<LocID>DIA_ONCO_SC3_3</LocID>   
                      
		<Text>Melanoma (Stadio III)</Text>	
		</GameDBLocalizedString>
		
        <GameDBLocalizedString>      
		<LocID>DIA_ONCO_SC3_3_DESC</LocID>    
         
		<Text>Il melanoma si verifica quando le cellule del pigmento della pelle (chiamate melanociti) mutano e iniziano a crescere senza controllo.\n\nAllo Stadio IV, il melanoma si è diffuso localmente o attraverso il sistema linfatico, a un linfonodo regionale. Tuttavia, non si è diffuso a linfonodi o organi distanti.</Text>	
		</GameDBLocalizedString>
		
		<GameDBLocalizedString>      
		<LocID>DIA_ONCO_SC3_4</LocID>    
                     
		<Text>Melanoma (Stadio IV)</Text>	
		</GameDBLocalizedString>
		
        <GameDBLocalizedString>      
		<LocID>DIA_ONCO_SC3_4_DESC</LocID>  
           
		<Text>Il melanoma si verifica quando le cellule del pigmento della pelle (chiamate melanociti) mutano e iniziano a crescere senza controllo.\n\nAllo Stadio IV, il melanoma si è diffuso attraverso il flusso sanguigno ad altre parti del corpo, in posizioni distanti sulla pelle o sui tessuti molli, linfonodi distanti o altri organi.</Text>	
		</GameDBLocalizedString>
		
		<!-- Diagnosi - Cancro alle ghiandole surrenali -->
		
		<GameDBLocalizedString>      
		<LocID>DIA_ONCO_AGC1_0</LocID>      
                   
		<Text>Feocromocitoma (Localizzato)</Text>	
		</GameDBLocalizedString>
		
        <GameDBLocalizedString>      
		<LocID>DIA_ONCO_AGC1_0_DESC</LocID>    
         
		<Text>Il feocromocitoma è un raro tumore del tessuto ghiandolare surrenale. Risulta nel rilascio di troppa epinefrina e noradrenalina, ormoni che controllano la frequenza cardiaca, il metabolismo e la pressione sanguigna. "Localizzato": il tumore è considerato benigno e viene rilevato nella fase iniziale del midollo surrenale in una o entrambe le ghiandole surrenali.</Text>	
		</GameDBLocalizedString>
		
		<GameDBLocalizedString>      
		<LocID>DIA_ONCO_AGC1_1</LocID>  
                       
		<Text>Feocromocitoma (Loco-regionale)</Text>	
		</GameDBLocalizedString>
		
        <GameDBLocalizedString>      
		<LocID>DIA_ONCO_AGC1_1_DESC</LocID>     
        
		<Text>Il feocromocitoma è un raro tumore del tessuto ghiandolare surrenale. Risulta nel rilascio di troppa epinefrina e noradrenalina, ormoni che controllano la frequenza cardiaca, il metabolismo e la pressione sanguigna. "Loco-regionale": il tumore si è diffuso fino ai tessuti circostanti e/o ai linfonodi circostanti.</Text>	
		</GameDBLocalizedString>
		
		<GameDBLocalizedString>      
		<LocID>DIA_ONCO_AGC1_2</LocID>     
                    
		<Text>Feocromocitoma (Metastatico)</Text>	
		</GameDBLocalizedString>
		
        <GameDBLocalizedString>      
		<LocID>DIA_ONCO_AGC1_2_DESC</LocID>             

		<Text>Il feocromocitoma è un raro tumore del tessuto ghiandolare surrenale. Risulta nel rilascio di troppa epinefrina e noradrenalina, ormoni che controllano la frequenza cardiaca, il metabolismo e la pressione sanguigna. "Metastatico": il tumore si è diffuso fino a una parte distante del corpo.</Text>	
		</GameDBLocalizedString>
		
		<!-- Diagnosi - Cancro ai polmoni -->
		
		<GameDBLocalizedString>      
		<LocID>DIA_ONCO_LC_0</LocID>   
                      
		<Text>NSCLC (Localizzato)</Text>	
		</GameDBLocalizedString>
		
        <GameDBLocalizedString>      
		<LocID>DIA_ONCO_LC_0_DESC</LocID>   
          
		<Text>Il carcinoma polmonare non a piccole cellule (NSCLC) inizia quando le cellule sane del polmone cambiano e crescono senza controllo, formando una massa chiamata tumore, lesione o nodulo. Un tumore polmonare può iniziare ovunque nel polmone. "Localizzato": il tumore si trova nel polmone ma non è progredito ai linfonodi o agli organi distanti.</Text>	
		</GameDBLocalizedString>
		
		<GameDBLocalizedString>      
		<LocID>DIA_ONCO_LC_1</LocID> 
                       
		<Text>NSCLC (Loco-regionale)</Text>	
		</GameDBLocalizedString>
		
        <GameDBLocalizedString>      
		<LocID>DIA_ONCO_LC_1_DESC</LocID> 
            
		<Text>Il carcinoma polmonare non a piccole cellule (NSCLC) inizia quando le cellule sane del polmone cambiano e crescono senza controllo, formando una massa chiamata tumore, lesione o nodulo. Un tumore polmonare può iniziare ovunque nel polmone. "Loco-regionale": il tumore è progredito dai polmoni ai linfonodi vicini.</Text>	
		</GameDBLocalizedString>
		
		<GameDBLocalizedString>      
		<LocID>DIA_ONCO_LC_2</LocID>       
                  
		<Text>NSCLC (Metastatico)</Text>	
		</GameDBLocalizedString>
		
        <GameDBLocalizedString>      
		<LocID>DIA_ONCO_LC_2_DESC</LocID> 
            
		<Text>Il carcinoma polmonare non a piccole cellule (NSCLC) inizia quando le cellule sane del polmone cambiano e crescono senza controllo, formando una massa chiamata tumore, lesione o nodulo. Un tumore polmonare può iniziare ovunque nel polmone. "Metastatico": il tumore è progredito dai polmoni ai linfonodi vicini.</Text>	
		</GameDBLocalizedString>
		
		<GameDBLocalizedString>      
		<LocID>DIA_ONCO_LC1_0</LocID>
                        
		<Text>SCLC (Stadio limitato)</Text>	
		</GameDBLocalizedString>
		
        <GameDBLocalizedString>      
		<LocID>DIA_ONCO_LC1_0_DESC</LocID>   
          
		<Text>Il carcinoma polmonare a piccole cellule (SCLC) inizia quando le cellule sane del polmone cambiano e crescono senza controllo, formando una massa chiamata tumore, lesione o nodulo. L'SCLC inizia nelle cellule nervose o nelle cellule del polmone che producono ormoni. Il termine "piccola cellula" si riferisce alla dimensione e alla forma delle cellule tumorali osservate al microscopio. "Stadio limitato" significa che il cancro è solo in una parte del torace e la radioterapia potrebbe essere un'opzione di trattamento. Circa 1 persona su 3 colpita da SCLC ha una malattia in "stadio limitato", alla prima diagnosi.</Text>
		</GameDBLocalizedString>
		
		<GameDBLocalizedString>      
		<LocID>DIA_ONCO_LC1_1</LocID> 
                        
		<Text>SCLC (Stadio avanzato)</Text>	
		</GameDBLocalizedString>
		
        <GameDBLocalizedString>      
		<LocID>DIA_ONCO_LC1_1_DESC</LocID>  
           
		<Text>Il carcinoma polmonare a piccole cellule (SCLC) inizia quando le cellule sane del polmone cambiano e crescono senza controllo, formando una massa chiamata tumore, lesione o nodulo. L'SCLC inizia nelle cellule nervose o nelle cellule del polmone che producono ormoni. Il termine "piccola cellula" si riferisce alla dimensione e alla forma delle cellule tumorali osservate al microscopio. Lo "stadio avanzato" è usato per descrivere SCLC che si è diffuso in parti del corpo come l'altro polmone, osso, cervello o midollo osseo. Molti medici, considerano come "stadio avanzato" anche SCLC che si è diffuso al fluido attorno al polmone. In circa 2 persone su 3 colpite da SCLC è riscontrato uno "stadio avanzato" anche quando il cancro viene scoperto per la prima volta.</Text>	
		</GameDBLocalizedString>
		
		<!-- -->
		
		<GameDBLocalizedString>      
		<LocID>DIA_ONCO_BC1_0</LocID>  
                       
		<Text>Adenocarcinoma colorettale (Localizzato)</Text>	
		</GameDBLocalizedString>
		
        <GameDBLocalizedString>      
		<LocID>DIA_ONCO_BC1_0_DESC</LocID> 
            
		<Text>Gli adenocarcinomi del colon e del retto rappresentano il 95 percento di tutti i casi di cancro del colon-retto. Nel tratto gastrointestinale, adenocarcinomi rettali e del colon si sviluppano nelle cellule del rivestimento interno dell'intestino crasso. Gli adenocarcinomi del colon e del retto, in genere, iniziano come una crescita di tessuto chiamata polipo. Un particolare tipo di polipo, chiamato adenoma, può trasformarsi in cancro. "Localizzato": il cancro è confinato alla parete intestinale o potrebbe essersi diffuso sulla superficie esterna della parete intestinale.</Text>	
		</GameDBLocalizedString>
		
		<GameDBLocalizedString>      
		<LocID>DIA_ONCO_BC1_1</LocID>    
                     
		<Text>Adenocarcinoma colorettale (Loco-regionale)</Text>	
		</GameDBLocalizedString>
		
        <GameDBLocalizedString>      
		<LocID>DIA_ONCO_BC1_1_DESC</LocID>     
        
		<Text>Gli adenocarcinomi del colon e del retto rappresentano il 95 percento di tutti i casi di cancro del colon-retto. Nel tratto gastrointestinale, adenocarcinomi rettali e del colon si sviluppano nelle cellule del rivestimento interno dell'intestino crasso. Gli adenocarcinomi del colon e del retto, in genere, iniziano come una crescita di tessuto chiamata polipo. Un particolare tipo di polipo, chiamato adenoma, può trasformarsi in cancro. "Loco-regionale": il tumore si è diffuso nei linfonodi vicino all'intestino.</Text>	
		</GameDBLocalizedString>
		
		<GameDBLocalizedString>      
		<LocID>DIA_ONCO_BC1_2</LocID>    
                     
		<Text>Adenocarcinoma colorettale (Metastatico)</Text>	
		</GameDBLocalizedString>
		
        <GameDBLocalizedString>      
		<LocID>DIA_ONCO_BC1_2_DESC</LocID>     
        
		<Text>Gli adenocarcinomi del colon e del retto rappresentano il 95 percento di tutti i casi di cancro del colon-retto. Nel tratto gastrointestinale, adenocarcinomi rettali e del colon si sviluppano nelle cellule del rivestimento interno dell'intestino crasso. Gli adenocarcinomi del colon e del retto, in genere, iniziano come una crescita di tessuto chiamata polipo. Un particolare tipo di polipo, chiamato adenoma, può trasformarsi in cancro. "Metastatico": il tumore si trova in siti distanti e si è diffuso.</Text>	
		</GameDBLocalizedString>
		
		<GameDBLocalizedString>      
		<LocID>DIA_ONCO_AGC2_0</LocID>   
                      
		<Text>Carcinoma adrenocorticale (Localizzato)</Text>	
		</GameDBLocalizedString>
		
        <GameDBLocalizedString>      
		<LocID>DIA_ONCO_AGC2_0_DESC</LocID> 
            
		<Text>Il carcinoma adrenocorticale è una malattia rara in cui si formano cellule maligne (cancro), nello strato esterno della ghiandola surrenale. "Localizzato": il tumore è di 5 centimetri o più piccolo e si trova solo nella ghiandola surrenale.</Text>	
		</GameDBLocalizedString>
		
		<GameDBLocalizedString>      
		<LocID>DIA_ONCO_AGC2_1</LocID>                         
		<Text>Carcinoma adrenocorticale (Loco-regionale)</Text>	
		</GameDBLocalizedString>
		
        <GameDBLocalizedString>      
		<LocID>DIA_ONCO_AGC2_1_DESC</LocID>   
          
		<Text>Il carcinoma adrenocorticale è una malattia rara in cui si formano cellule maligne (cancro), nello strato esterno della ghiandola surrenale. "Loco-regionale": il tumore è di 5 centimetri o più grosso e si è diffuso nei tessuti vicini alla ghiandola surrenale.</Text>	
		</GameDBLocalizedString>
		
		<GameDBLocalizedString>      
		<LocID>DIA_ONCO_AGC2_2</LocID>  
                       
		<Text>Carcinoma adrenocorticale (Metastatico)</Text>	
		</GameDBLocalizedString>
		
        <GameDBLocalizedString>      
		<LocID>DIA_ONCO_AGC2_2_DESC</LocID>
             
		<Text>Il carcinoma adrenocorticale è una malattia rara in cui si formano cellule maligne (cancro), nello strato esterno della ghiandola surrenale. "Metastico": il tumore ha superato i 5 centimetri, si trova in aree distanti dalla ghiandola surrenale e si è diffuso.</Text>	
		</GameDBLocalizedString>
		
		<GameDBLocalizedString>      
		<LocID>DIA_ONCO_MC001_0</LocID>     
                    
		<Text>GI-NET (Stadio limitato)</Text>	
		</GameDBLocalizedString>
		
        <GameDBLocalizedString>      
		<LocID>DIA_ONCO_MC001_0_DESC</LocID>   
          
		<Text>I tumori neuroendocrini (NET) sono neoplasie che derivano da cellule del sistema endocrino (ormonale) e nervoso. Molti sono benigni, mentre alcuni sono maligni. Si verificano più comunemente nell'intestino, dove sono spesso chiamati tumori carcinoidi, ma si trovano anche nel pancreas, nei polmoni e nel resto del corpo. "Stadio limitato": il NET gastrointestinale è più piccolo di 4 cm ed è cresciuto fino alla membrana che collega l'appendice alla parete dell'addome. </Text>	
		</GameDBLocalizedString>
		
		<GameDBLocalizedString>      
		<LocID>DIA_ONCO_MC001_1</LocID>  
                       
		<Text>GI-NET (Stadio avanzato)</Text>	
		</GameDBLocalizedString>
		
        <GameDBLocalizedString>      
		<LocID>DIA_ONCO_MC001_1_DESC</LocID>       
      
		<Text>I tumori neuroendocrini (NET) sono neoplasie che derivano da cellule del sistema endocrino (ormonale) e nervoso. Molti sono benigni, mentre alcuni sono maligni. Si verificano più comunemente nell'intestino, dove sono spesso chiamati tumori carcinoidi, ma si trovano anche nel pancreas, nei polmoni e nel resto del corpo. "Stadio avanzato": il tumore neuroendocrino gastrointestinale è cresciuto attraverso il peritoneo, ha invaso organi o strutture vicini. </Text>	
		</GameDBLocalizedString>

		<GameDBLocalizedString>      
		<LocID>DIA_ONCO_BLC01_0</LocID>                         
		<Text>LLA a cellule B (precoce)</Text>	
		</GameDBLocalizedString>
		
        <GameDBLocalizedString>      
		<LocID>DIA_ONCO_BLC01_0_DESC</LocID>      
       
		<Text>La leucemia linfocita acuta a cellule B (ALL pre-B) (Conosciuta anche come leucemia linfoblastica acuta, LLA pre-B) è un tipo di tumore che colpisce il sangue e il midollo osseo. La LLA è caratterizzata da una sovrapproduzione di globuli bianchi immaturi, chiamati linfoblasti o esplosioni leucemiche. Poiché il midollo osseo non è in grado di produrre un numero adeguato di globuli rossi, normali globuli bianchi e piastrine, le persone con ALL diventano più sensibili all'anemia, alle infezioni ricorrenti e ai lividi e al sanguinamento facilmente. Tra il 75-80% dei casi negli adulti, le LLA si prensentano nei linfociti del tipo B, nelle prime fasi di sviluppo nel midollo osseo. "Pre" sta per indicare la fase precoce (maturativa) della malattia.</Text>	
		</GameDBLocalizedString>
		
		<GameDBLocalizedString>      
		<LocID>DIA_ONCO_BLC01_1</LocID>    
                     
		<Text>LLA a cellule B (matura)</Text>	
		</GameDBLocalizedString>
		
        <GameDBLocalizedString>      
		<LocID>DIA_ONCO_BLC01_1_DESC</LocID>  
           
		<Text>La leucemia linfocita acuta a cellule B (LLA pro-B), nota anche come leucemia linfoblastica acuta di tipo Burkitt (B-ALL) o leucemia linfoblastica acuta B matura (LLA o ALL) è un tumore che colpisce i "linfociti B" -- globuli bianchi che crescono nel tessuto molle delle ossa, chiamato midollo. Questo tipo di ALL è meno comune e rappresenta circa il 3-5% di tutti i casi di adulti. Il segno distintivo di LLA, delle cellule B mature, è la presenza di immunoglobuline di superficie sui linfoblasti. Usando i regimi convenzionali, solo il 30-40% dei pazienti entra in remissione completa (CR) e pochi pazienti sopravvivono a lungo termine.</Text>	
		</GameDBLocalizedString>
		
		<GameDBLocalizedString>      
		<LocID>DIA_ONCO_BLC01_2</LocID>   
                      
		<Text>LLA a cellule T</Text>	
		</GameDBLocalizedString>
		
        <GameDBLocalizedString>      
		<LocID>DIA_ONCO_BLC01_2_DESC</LocID>  
           
		<Text>La leucemia linfatica acuta a cellule T (LLA T o T-ALL) è un tipo di leucemia acuta, cioè che è aggressiva e progredisce rapidamente. Colpisce le cellule staminali che producono le cellule linfoidi, in paticolare un tipo di globuli bianchi chiamati linfociti T, in contrapposizione alla leucemia linfoblastica acuta (ALL) che comunemente colpisce i linfociti B.</Text>	
		</GameDBLocalizedString>
		
		<GameDBLocalizedString>      
		<LocID>DIA_ONCO_BLC02_A</LocID>    
                     
		<Text>LLC (Attiva)</Text>	
		</GameDBLocalizedString>
		
        <GameDBLocalizedString>      
		<LocID>DIA_ONCO_BLC02_A_DESC</LocID>     
        
		<Text>La leucemia linfocitica cronica (LLC - Attiva) è un tipo di leucemia a lenta crescita che colpisce lo sviluppo dei linfociti B. I linfociti B (noti anche come cellule B) sono globuli bianchi specializzati. In condizioni normali producono immunoglobuline (chiamate anche anticorpi) che aiutano a proteggere i nostri corpi da infezioni e malattie. Nelle persone con LLC, i linfociti subiscono un cambiamento maligno (canceroso) e diventano cellule leucemiche. E' importante sottolineare che per molte persone il CLL rimane stabile per molti mesi e anni e ha un impatto minimo, se non nullo, sul loro stile di vita o sulla salute generale. Circa il 30-50% delle persone con diagnosi di LLC non ha mai bisogno di alcun trattamento, per la propria malattia e può sopravvivere per molti anni, nonostante la diagnosi. Poiché si sviluppa lentamente, molte persone non presentano alcun sintomo, in particolare nelle fasi iniziali e la malattia viene rilevata durante un esame del sangue di routine.</Text>	
		</GameDBLocalizedString>
		
		<GameDBLocalizedString>      
		<LocID>DIA_ONCO_BLC02_B</LocID>    
                     
		<Text>LLC (In progressione)</Text>	
		</GameDBLocalizedString>
		
        <GameDBLocalizedString>      
		<LocID>DIA_ONCO_BLC02_B_DESC</LocID>   
          
		<Text>La leucemia linfocitica cronica (LLC - In progressione)(Rara) è un tipo di leucemia a lenta crescita che colpisce lo sviluppo di linfociti B. I linfociti B (noti anche come cellule B) sono globuli bianchi specializzati. In condizioni normali producono immunoglobuline (chiamate anche anticorpi) che aiutano a proteggere i nostri corpi da infezioni e malattie. Nelle persone con LLC, i linfociti subiscono un cambiamento maligno (canceroso) e diventano cellule leucemiche. E' importante sottolineare che per molte persone il LLC rimane stabile per molti mesi e anni e ha un impatto minimo, se non nullo, sul loro stile di vita o sulla salute generale. Circa il 30-50% delle persone con diagnosi di CLL non ha mai bisogno di alcun trattamento per la propria malattia e può sopravvivere per molti anni nonostante la diagnosi. Poiché si sviluppa lentamente, molte persone non presentano alcun sintomo, in particolare nelle fasi iniziali e la malattia viene rilevata durante un esame del sangue di routine.</Text>	
		</GameDBLocalizedString>
		
		<GameDBLocalizedString>      
		<LocID>DIA_ONCO_BLC03_0</LocID> 
                        
		<Text>Leucemia GLG a cellule T</Text>	
		</GameDBLocalizedString>
		
        <GameDBLocalizedString>      
		<LocID>DIA_ONCO_BLC03_0_DESC</LocID>  
           
		<Text>La leucemia linfocitica granulare a grandi cellule (GLG) è un tipo di leucemia cronica che colpisce i globuli bianchi chiamati "linfociti". I linfociti fanno parte del sistema immunitario del corpo e aiutano a combattere alcune infezioni. La leucemia GLG è caratterizzata da linfociti ingrossati, contenenti granuli evidenti, che possono essere visti quando il sangue viene esaminato al microscopio. Esistono due tipi di leucemia LGL: linfoblastica granulare a cellule T (T-LGL) e a cellule natural killer (NK-LGL). La frequenza della leucemia GLG a cellule T e NK varia dal 2 al 5 percento. La leucemia a grandi linfociti granulari a cellule T (LGL) è una proliferazione clonale di cellule T citotossiche, che causa neutropenia, anemia e/o trombocitopenia. Questa condizione è spesso associata a disturbi autoimmuni, in particolare l'artrite reumatoide e altri disturbi linfoproliferativi.</Text>	
		</GameDBLocalizedString>
		
		<GameDBLocalizedString>      
		<LocID>DIA_ONCO_BLC03_1</LocID>   
                      
		<Text>Leucemia GLG a cellule NK</Text>	
		</GameDBLocalizedString>
		
        <GameDBLocalizedString>      
		<LocID>DIA_ONCO_BLC03_1_DESC</LocID>   
          
		<Text>La leucemia linfocitica granulare a grandi cellule (GLG) è un tipo di leucemia cronica che colpisce i globuli bianchi chiamati "linfociti"." I linfociti fanno parte del sistema immunitario del corpo e aiutano a combattere alcune infezioni. La leucemia GLG è caratterizzata da linfociti ingrossati, contenenti granuli evidenti, che possono essere visti quando il sangue viene esaminato al microscopio. Esistono due tipi di leucemia LGL: linfoblastica granulare a cellule T (T-LGL) e a cellule natural killer (NK-LGL). La frequenza della leucemia GLG a cellule T e NK varia dal 2 al 5 percento. La maggior parte dei pazienti con leucemia a cellule NK sono asintomatici, ma i pazienti con una variante aggressiva di solito presentano epatomegalia e splenomegalia e spesso presentano i sintomi del tipo B. Circa un terzo ha linfoadenopatia e può verificarsi anche un coinvolgimento extranodale. In media, i pazienti sono più giovani di quelli con leucemia GLG a cellule T.</Text>	
		</GameDBLocalizedString>
		
		<GameDBLocalizedString>      
		<LocID>DIA_ONCO_BLC03_2</LocID>    
                     
		<Text>Leucemia prolinfocitica a cellule T</Text>	
		</GameDBLocalizedString>
		
        <GameDBLocalizedString>      
		<LocID>DIA_ONCO_BLC03_2_DESC</LocID>  
           
		<Text>La leucemia prolinfocitica a cellule T (T-PLL) è una neoplasia estremamente rara e particolarmente aggressiva (cancro) che è caratterizzata dalla crescita fuori controllo delle cellule T mature (linfociti T). Le cellule T sono un tipo di globuli bianchi che proteggono il corpo dalle infezioni. La T-PLL colpisce gli adulti più anziani con un'età media alla diagnosi di 61 anni ed è più comune negli uomini che nelle donne. Cambiamenti anomali (mutazioni) nei geni di una cellula T possono far diventare una cellula T normale e sana una cellula cancerosa. Questi errori genetici nella cellula T mutata dicono alla cellula di continuare a crescere e dividersi quando una cellula sana di solito smette di dividersi e alla fine muore. Ogni cellula che deriva dalla cellula leucemica iniziale ha anche lo stesso DNA mutato. Di conseguenza, nel tempo il numero di cellule leucemiche si moltiplica e può spostarsi nel sangue in altri siti tra cui il midollo osseo, la milza, il fegato, i linfonodi e talvolta la pelle.</Text>	
		</GameDBLocalizedString>
		
		<GameDBLocalizedString>      
		<LocID>DIA_ONCO_BLC04_0</LocID>  
                       
		<Text>LMA</Text>	
		</GameDBLocalizedString>
		
        <GameDBLocalizedString>      
		<LocID>DIA_ONCO_BLC04_0_DESC</LocID>   
          
		<Text>La leucemia mieloide acuta (LMA) si sviluppa quando il corpo produce troppi globuli bianchi immaturi noti come cellule blastiche mieloidi, chiamate anche mieloblasti. I mieloblasti si moltiplicano senza controllo e continuano a dividersi ma non maturano mai in cellule normali. Le cellule anormali di scoppio sono conosciute come cellule di leucemia. Poiché le cellule della leucemia sono immature e anormali, non svolgono la solita funzione di lotta alle infezioni dei globuli bianchi. Inoltre, eliminano i normali globuli bianchi, che quindi non possono funzionare correttamente. Ciò aumenta il rischio di infezioni.</Text>	
		</GameDBLocalizedString>
		
		<GameDBLocalizedString>      
		<LocID>DIA_ONCO_BLC05_A</LocID>                         
		<Text>LMC (fase cronica)</Text>	
		</GameDBLocalizedString>
		
        <GameDBLocalizedString>      
		<LocID>DIA_ONCO_BLC05_A_DESC</LocID>    
         
		<Text>La leucemia mieloide cronica (LMC) è un tipo di tumore che colpisce il sangue e il midollo osseo. Nella LMC il midollo osseo produce troppi globuli bianchi, chiamati granulociti. Queste cellule (a volte chiamate esplosioni o esplosioni leucemiche) affollano gradualmente il midollo osseo, interferendo con la normale produzione di cellule del sangue. Si riversano anche dal midollo osseo e circolano nel corpo nel flusso sanguigno. Poiché non sono completamente maturi, non sono in grado di lavorare correttamente per combattere le infezioni. Nel tempo, una carenza di globuli rossi e piastrine può causare anemia, sanguinamento e/o lividi. Complessivamente, la LMC è una malattia rara, che rappresenta circa lo 0,03% di tutti i tumori diagnosticati. Molte persone con leucemia mieloide cronica (LMC) non presentano sintomi. Fase cronica: Il conteggio dei globuli bianchi è aumentato e nel sangue e nel midollo osseo si trova un piccolo numero di cellule immature chiamate "blasti".</Text>	
		</GameDBLocalizedString>
		
		<GameDBLocalizedString>      
		<LocID>DIA_ONCO_BLC05_B</LocID>   
                      
		<Text>LMC (Fase accelerata)</Text>	
		</GameDBLocalizedString>
		
        <GameDBLocalizedString>      
		<LocID>DIA_ONCO_BLC05_B_DESC</LocID> 
            
		<Text>La leucemia mieloide cronica (LMC) è un tipo di tumore che colpisce il sangue e il midollo osseo. Nella LMC il midollo osseo produce troppi globuli bianchi, chiamati granulociti. Queste cellule (a volte chiamate esplosioni o esplosioni leucemiche) affollano gradualmente il midollo osseo, interferendo con la normale produzione di cellule del sangue. Si riversano anche dal midollo osseo e circolano nel corpo nel flusso sanguigno. Poiché non sono completamente maturi, non sono in grado di lavorare correttamente per combattere le infezioni. Nel tempo, una carenza di globuli rossi e piastrine può causare anemia, sanguinamento e/o lividi. Complessivamente, la LMC è una malattia rara, che rappresenta circa lo 0,03% di tutti i tumori diagnosticati. Molte persone con leucemia mieloide cronica (LMC) non presentano sintomi. Fase accelerata: è aumentato il numero di blasti e talvolta si verificano nuovi cambiamenti cromosomici, oltre al cromosoma Ph.</Text>	
		</GameDBLocalizedString>
		
		<GameDBLocalizedString>      
		<LocID>DIA_ONCO_BLC05_C</LocID> 
                        
		<Text>LMC (Crisi blastica)</Text>	
		</GameDBLocalizedString>
		
        <GameDBLocalizedString>      
		<LocID>DIA_ONCO_BLC05_C_DESC</LocID>  
           
		<Text>La leucemia mieloide cronica (LMC) è un tipo di tumore che colpisce il sangue e il midollo osseo. Nella LMC il midollo osseo produce troppi globuli bianchi, chiamati granulociti. Queste cellule (a volte chiamate esplosioni o esplosioni leucemiche) affollano gradualmente il midollo osseo, interferendo con la normale produzione di cellule del sangue. Si riversano anche dal midollo osseo e circolano nel corpo nel flusso sanguigno. Poiché non sono completamente maturi, non sono in grado di lavorare correttamente per combattere le infezioni. Nel tempo, una carenza di globuli rossi e piastrine può causare anemia, sanguinamento e/o lividi. Complessivamente, la LMC è una malattia rara, che rappresenta circa lo 0,03% di tutti i tumori diagnosticati. Molte persone con leucemia mieloide cronica (LMC) non presentano sintomi. Crisi blastica: la BC appare e si comporta come la forma acuta della leucemia mieloide.</Text>	
		</GameDBLocalizedString>
		
		<GameDBLocalizedString>      
		<LocID>DIA_ONCO_BLC06_0</LocID> 
                        
		<Text>LCC</Text>	
		</GameDBLocalizedString>
		
        <GameDBLocalizedString>      
		<LocID>DIA_ONCO_BLC06_0_DESC</LocID>   
          
		<Text>La leucemia a cellule capellute (LCC) o tricoleucemia, è un raro tipo di leucemia cronica del sistema linfoide, in cui i linfociti B anormali si accumulano nel midollo osseo, nel fegato e nella milza. Al microscopio, si vede che queste cellule hanno sulla loro superficie filamenti simili ai capelli, da cui il loro nome di "cellula capelluta".</Text>	
		</GameDBLocalizedString>

		<GameDBLocalizedString>      
		<LocID>DIA_ONCO_BLC06_1</LocID>   
                      
		<Text>HCL-V</Text>	
		</GameDBLocalizedString>
		
        <GameDBLocalizedString>      
		<LocID>DIA_ONCO_BLC06_1_DESC</LocID>    
         
		<Text>La variante della leucemia a cellule capellute (HCL-V) è definita come una forma rara e indolente di leucemia a cellule B piccola, matura, caratterizzata da splenomegalia, conta dei globuli bianchi (WBC) elevata e midollo osseo ipercellulare. L'HCL-V è più aggressiva e resistente alla terapia rispetto all'HCL classica. In precedenza si pensava che la variante HCL fosse un sottotipo di HCL, ma nel 2008 l'OMS ha concluso che si trattava di un'entità separata dall'HCL e biologicamente distinta. La variante di HCL è più rara di HCL classica e ha un decorso clinico diverso.</Text>	
		</GameDBLocalizedString>

		<!-- ### ### -->
		<!-- ######################################## Content for V0.13 Added Below ######################################## -->
		<!-- ### ### -->
		
		<GameDBLocalizedString>      
		<LocID>DIA_ONCO_BREC1_0</LocID>  
                       
		<Text>DCIS</Text>	
		</GameDBLocalizedString>
		
		<GameDBLocalizedString>      
		<LocID>DIA_ONCO_BREC1_0M</LocID>  
                       
		<Text>Carcinoma duttale in situ</Text>	
		</GameDBLocalizedString>
		
        <GameDBLocalizedString>      
		<LocID>DIA_ONCO_BREC1_0_DESC</LocID> 
            
		<Text>Il carcinoma duttale in situ (DCIS) è un carcinoma mammario non invasivo. Duttale significa che il cancro inizia all'interno dei dotti del latte, il carcinoma si riferisce a qualsiasi tumore che inizia nella pelle o in altri tessuti (incluso il tessuto mammario) che copre o riveste gli organi interni e in situ significa "al suo posto originale". Il DCIS è chiamato "non invasivo" perché non si è diffuso oltre il dotto del latte nei normali tessuti mammari circostanti. DCIS non è pericoloso per la vita, ma avere DCIS può aumentare il rischio di sviluppare un carcinoma mammario invasivo in seguito. Carcinoma duttale in situ (DCIS) significa che ci sono troppe cellule e hanno le caratteristiche del cancro, ma sono ancora confinate all'interno del dotto. Sebbene sia raro, gli uomini possono sviluppare il cancro al seno. \n\n Il DCIS generalmente non ha segni o sintomi.</Text>	
		</GameDBLocalizedString>
		
		<GameDBLocalizedString>      
		<LocID>DIA_ONCO_BREC1_1</LocID>  
                       
		<Text>IDC</Text>	
		</GameDBLocalizedString>
		
		<GameDBLocalizedString>      
		<LocID>DIA_ONCO_BREC1_1M</LocID> 
                        
		<Text>Carcinoma duttale invasivo (IDC)</Text>	
		</GameDBLocalizedString>
		
        <GameDBLocalizedString>      
		<LocID>DIA_ONCO_BREC1_1_DESC</LocID>  
           
		<Text>Il carcinoma duttale invasivo (IDC), talvolta chiamato carcinoma duttale infiltrante, è il tipo più comune di carcinoma mammario. Circa l'80% di tutti i tumori al seno sono carcinomi duttali invasivi. Invasivo significa che il cancro si è "invaso" o si è diffuso ai tessuti mammari circostanti. Duttale significa che il cancro è iniziato nei dotti del latte, che sono i "tubi" che trasportano il latte dai lobuli produttori di latte al capezzolo. Il carcinoma si riferisce a qualsiasi tumore che inizia nella pelle o in altri tessuti che coprono gli organi interni, come il tessuto mammario. Tutti insieme, "carcinoma duttale invasivo" si riferisce al cancro che ha sfondato la parete del dotto del latte e ha iniziato a invadere i tessuti del seno. Nel tempo, il carcinoma duttale invasivo può diffondersi ai linfonodi e possibilmente ad altre aree del corpo. Sebbene sia raro, gli uomini possono sviluppare il cancro al seno. \n\nAllo stadio iniziale, il carcinoma duttale invasivo non porta alcun sintomo.</Text>	
		</GameDBLocalizedString>
		
		<GameDBLocalizedString>      
		<LocID>DIA_ONCO_BREC1_2</LocID> 
                        
		<Text>Carcinoma mammario metastatico</Text>	
		</GameDBLocalizedString>
		
        <GameDBLocalizedString>      
		<LocID>DIA_ONCO_BREC1_2_DESC</LocID> 
            
		<Text>Il carcinoma mammario metastatico (chiamato anche stadio IV) è il carcinoma mammario che si è diffuso in un'altra parte del corpo, più comunemente fegato, cervello, ossa o polmoni. Le cellule tumorali possono staccarsi dal tumore originale nella mammella e viaggiare verso altre parti del corpo attraverso il flusso sanguigno o il sistema linfatico, che è una grande rete di nodi e vasi che lavora per rimuovere batteri, virus e prodotti di scarto cellulare. Il cancro al seno può tornare in un'altra parte del corpo mesi o anni dopo la diagnosi e il trattamento originali. Quasi il 30% delle donne con diagnosi di carcinoma mammario in fase iniziale svilupperà una malattia metastatica. Sebbene sia raro, gli uomini possono sviluppare il cancro al seno.</Text>	
		</GameDBLocalizedString>
		
		<GameDBLocalizedString>      
		<LocID>DIA_ONCO_BRAC1_0</LocID>    
                     
		<Text>Astrocitoma pilocito</Text>	
		</GameDBLocalizedString>
		
        <GameDBLocalizedString>      
		<LocID>DIA_ONCO_BRAC1_0_DESC</LocID>    
         
		<Text>Gli astrocitomi di grado I sono anche chiamati astrocitomi pilocitici. Questi tumori si verificano in bambini e giovani adulti. Sono meno invasivi rispetto ad altri gradi e hanno una prognosi relativamente buona. Di solito si presentano nel cervelletto, vicino al tronco encefalico, nella regione ipotalamica o nel chiasma ottico, ma possono verificarsi in qualsiasi area in cui sono presenti astrociti, compresi gli emisferi cerebrali e il midollo spinale. Questi tumori sono di solito a lenta crescita e benigni.</Text>	
		</GameDBLocalizedString>
		
		<GameDBLocalizedString>      
		<LocID>DIA_ONCO_BRAC1_1</LocID>    
                     
		<Text>Astrocitoma diffuso</Text>	
		</GameDBLocalizedString>
		
        <GameDBLocalizedString>      
		<LocID>DIA_ONCO_BRAC1_1_DESC</LocID> 
            
		<Text>Gli astrocitomi diffusi, noti anche come astrocitomi infiltrativi di basso grado, sono identificati dall'OMS come tumori del cervello di grado II. Il termine "infiltrazione diffusa" significa che non esiste un confine identificabile tra il tumore e il normale tessuto cerebrale, anche se i bordi possono apparire ben emarginati sull'imaging.</Text>	
		</GameDBLocalizedString>
		
		<GameDBLocalizedString>      
		<LocID>DIA_ONCO_BRAC1_2</LocID>    
                     
		<Text>Astrocitoma anaplastico</Text>	
		</GameDBLocalizedString>
		
        <GameDBLocalizedString>      
		<LocID>DIA_ONCO_BRAC1_2_DESC</LocID>   
          
		<Text>L'astrocitoma anaplastico è un raro tumore maligno al cervello. Gli astrocitomi sono tumori che si sviluppano da alcune cellule cerebrali a forma di stella, chiamate astrociti. Astrociti e cellule simili formano tessuti che circondano e proteggono altre cellule nervose, presenti nel cervello e nel midollo spinale.</Text>	
		</GameDBLocalizedString>
		
		<GameDBLocalizedString>      
		<LocID>DIA_ONCO_BRAC1_3</LocID>  
                       
		<Text>Glioblastoma</Text>	
		</GameDBLocalizedString>
		
        <GameDBLocalizedString>      
		<LocID>DIA_ONCO_BRAC1_3_DESC</LocID>  
           
		<Text>Il glioblastoma, noto anche come glioblastoma multiforme (GBM), è il tumore più aggressivo che inizia all'interno del cervello. Inizialmente, segni e sintomi di glioblastoma non sono specifici. Possono includere mal di testa, alterazioni della personalità, nausea e sintomi simili a quelli di un ictus.</Text>	
		</GameDBLocalizedString>
		
		<GameDBLocalizedString>      
		<LocID>DIA_ONCO_OVAC1_0F</LocID> 
                        
		<Text>Carcinoma sieroso di alto grado</Text>	
		</GameDBLocalizedString>
		
        <GameDBLocalizedString>      
		<LocID>DIA_ONCO_OVAC1_0F_DESC</LocID> 
            
		<Text>Il carcinoma ovarico sieroso di alto grado (HGSC) è un tipo di tumore che deriva dallo strato epiteliale sieroso nella cavità addominopelvica e si trova principalmente nell'ovaio. Gli HGSC costituiscono la maggior parte dei casi di carcinoma ovarico [1] e presentano i più bassi tassi di sopravvivenza. L'HGSC è distinto dal carcinoma sieroso di basso grado (LGSC) che deriva dal tessuto ovarico ed è meno aggressivo.</Text>
		</GameDBLocalizedString>
		
		<GameDBLocalizedString>      
		<LocID>DIA_ONCO_OVAC1_1F</LocID>   
                      
		<Text>Carcinoma sieroso di basso grado</Text>	
		</GameDBLocalizedString>
		
        <GameDBLocalizedString>      
		<LocID>DIA_ONCO_OVAC1_1F_DESC</LocID> 
            
		<Text>Il carcinoma ovarico sieroso di basso grado è una malattia rara, che rappresenta meno del 10% dei casi di carcinoma ovarico. Il carcinoma sieroso di basso grado dell'ovaio (LGSC) è meno comune e aggressivo rispetto ai tipi di carcinoma ovarico di alto grado, ma resiste a molti tipi di chemioterapia.</Text>
		</GameDBLocalizedString>
		
		<GameDBLocalizedString>      
		<LocID>DIA_ONCO_OVAC1_2F</LocID>   
                      
		<Text>Cancro ovarico metastatico</Text>	
		</GameDBLocalizedString>
		
        <GameDBLocalizedString>      
		<LocID>DIA_ONCO_OVAC1_2F_DESC</LocID>   
          
		<Text>Il carcinoma ovarico metastatico è un tumore allo stadio avanzato che si è diffuso dalle cellule delle ovaie alle aree distanti del corpo. E' molto probabile che questo tipo di tumore si diffonda al fegato, al liquido attorno ai polmoni, alla milza, all'intestino, al cervello, alla pelle o ai linfonodi all'esterno dell'addome.</Text>
		</GameDBLocalizedString>
		
		<GameDBLocalizedString>      
		<LocID>DIA_ONCO_PROC1_0M</LocID>  
                       
		<Text>Cancro alla prostata (Stadio 1)</Text>	
		</GameDBLocalizedString>
		
        <GameDBLocalizedString>      
		<LocID>DIA_ONCO_PROC1_0M_DESC</LocID>
             
		<Text>Il cancro alla prostata è il cancro che si verifica nella prostata, una piccola ghiandola a forma di noce negli uomini che produce il liquido seminale che nutre e trasporta lo sperma. Il cancro alla prostata è uno dei tipi più comuni di cancro negli uomini. Di solito il cancro alla prostata cresce lentamente e inizialmente è limitato alla ghiandola prostatica, dove non può causare gravi danni. Tuttavia, mentre alcuni tipi di cancro alla prostata crescono lentamente e possono richiedere un trattamento minimo o addirittura nullo, altri tipi sono aggressivi e possono diffondersi rapidamente. \n\nNella fase 1, il cancro è limitato alla prostata. La fase 1 non può essere rilevata durante un esame rettale digitale. Di solito si prevede una crescita lenta.</Text>
		</GameDBLocalizedString>
		
		<GameDBLocalizedString>      
		<LocID>DIA_ONCO_PROC1_1M</LocID>     
                    
		<Text>Cancro alla prostata (Stadio 2)</Text>	
		</GameDBLocalizedString>
		
        <GameDBLocalizedString>      
		<LocID>DIA_ONCO_PROC1_1M_DESC</LocID>   
          
		<Text>Il cancro alla prostata è il cancro che si verifica nella prostata, una piccola ghiandola a forma di noce negli uomini che produce il liquido seminale che nutre e trasporta lo sperma. Il cancro alla prostata è uno dei tipi più comuni di cancro negli uomini. Di solito il cancro alla prostata cresce lentamente e inizialmente è limitato alla ghiandola prostatica, dove non può causare gravi danni. Tuttavia, mentre alcuni tipi di cancro alla prostata crescono lentamente e possono richiedere un trattamento minimo o addirittura nullo, altri tipi sono aggressivi e possono diffondersi rapidamente. \n\nNella fase 2, il cancro può essere rilevato durante un esame rettale digitale. La malattia è ancora confinata alla prostata, ma le cellule possono essere anormali e crescere più rapidamente.</Text>
		</GameDBLocalizedString>
		
		<GameDBLocalizedString>      
		<LocID>DIA_ONCO_PROC1_2M</LocID>  
                       
		<Text>Cancro alla prostata (Stadio 3)</Text>	
		</GameDBLocalizedString>
		
        <GameDBLocalizedString>      
		<LocID>DIA_ONCO_PROC1_2M_DESC</LocID>   
          
		<Text>Il cancro alla prostata è il cancro che si verifica nella prostata, una piccola ghiandola a forma di noce negli uomini che produce il liquido seminale che nutre e trasporta lo sperma. Il cancro alla prostata è uno dei tipi più comuni di cancro negli uomini. Di solito il cancro alla prostata cresce lentamente e inizialmente è limitato alla ghiandola prostatica, dove non può causare gravi danni. Tuttavia, mentre alcuni tipi di cancro alla prostata crescono lentamente e possono richiedere un trattamento minimo o addirittura nullo, altri tipi sono aggressivi e possono diffondersi rapidamente. \n\nNel carcinoma prostatico allo stadio 3, il tumore si trova nei tessuti vicino alla prostata. Potrebbe anche aver raggiunto le vescicole seminali.</Text>
		</GameDBLocalizedString>
		
		<GameDBLocalizedString>      
		<LocID>DIA_ONCO_PROC1_3M</LocID> 
                        
		<Text>Cancro alla prostata (Stadio 4)</Text>	
		</GameDBLocalizedString>
		
        <GameDBLocalizedString>      
		<LocID>DIA_ONCO_PROC1_3M_DESC</LocID> 
            
		<Text>Il cancro alla prostata è il cancro che si verifica nella prostata, una piccola ghiandola a forma di noce negli uomini che produce il liquido seminale che nutre e trasporta lo sperma. Il cancro alla prostata è uno dei tipi più comuni di cancro negli uomini. Di solito il cancro alla prostata cresce lentamente e inizialmente è limitato alla ghiandola prostatica, dove non può causare gravi danni. Tuttavia, mentre alcuni tipi di cancro alla prostata crescono lentamente e possono richiedere un trattamento minimo o addirittura nullo, altri tipi sono aggressivi e possono diffondersi rapidamente. \n\nCancro alla prostata allo stadio 4: significa che ha invaso altre parti del corpo, come il retto, i linfonodi o l'osso vicini.</Text>
		</GameDBLocalizedString>
		
		<GameDBLocalizedString>      
		<LocID>DIA_ONCO_BLC07_0</LocID>  
                       
		<Text>Linfoma diffuso a grandi cellule (NOS)</Text>	
		</GameDBLocalizedString>
		
        <GameDBLocalizedString>      
		<LocID>DIA_ONCO_BLC07_0_DESC</LocID>     
        
		<Text>Il linfoma a grandi cellule B diffuse (non diversamente specificato) (DLBCL) è un tipo aggressivo di linfoma non Hodgkin che si sviluppa dalle cellule B nel sistema linfatico. Al microscopio, i linfociti maligni di grandi dimensioni sono visti diffusamente in tutto il campione. DLBCL è il sottotipo più comune di linfoma non Hodgkin che rappresenta il 30% - 40% di tutti i casi. Esistono diversi tipi di DLBCL, con la maggior parte delle persone a cui viene diagnosticato il sottotipo noto come DLBCL "non diversamente specificato".</Text>
		</GameDBLocalizedString>
		
		<GameDBLocalizedString>      
		<LocID>DIA_ONCO_BLC08_0</LocID>  
                       
		<Text>Linfoma follicolare</Text>	
		</GameDBLocalizedString>
		
        <GameDBLocalizedString>      
		<LocID>DIA_ONCO_BLC08_0_DESC</LocID>  
           
		<Text>Il linfoma follicolare (FC) è il sottotipo più comune di NHL indolente (a crescita lenta), che comprende dal 20% al 30% di tutto il NHL. Il linfoma follicolare colpisce in genere adulti di mezza età o più anziani. Come la maggior parte dei linfomi indolenti, le persone con diagnosi di linfoma follicolare di solito hanno il linfoma in molte parti del corpo al momento della diagnosi. Una piccola percentuale di persone con FL può far trasformare il loro linfoma in una forma più aggressiva di NHL, di solito una DLBC nel tempo. Se diagnosticato in una fase precoce, potrebbe non esserci alcun trattamento (Guarda e Aspetta).</Text>
		</GameDBLocalizedString>
		
		<GameDBLocalizedString>      
		<LocID>DIA_ONCO_SC4_0</LocID>
                         
		<Text>Carcinoma a cellule di Merkel (Locale)</Text>	
		</GameDBLocalizedString>
		
        <GameDBLocalizedString>      
		<LocID>DIA_ONCO_SC4_0_DESC</LocID>   
          
		<Text>Il carcinoma a cellule di Merkel (MCC) è un raro tipo di tumore della pelle che di solito appare come un nodulo color carne o rosso-bluastro, spesso sul viso, sulla testa o sul collo. Il carcinoma a cellule di Merkel è anche chiamato carcinoma neuroendocrino della pelle. Il carcinoma a cellule di Merkel tende a crescere rapidamente e a metastatizzare (diffondersi) in una fase precoce. Di solito si diffonde prima nei linfonodi vicini e quindi può diffondersi ai linfonodi o alla pelle in parti distanti del corpo, polmoni, cervello, ossa o altri organi. Il carcinoma a cellule di Merkel è la seconda causa più comune di morte, per cancro della pelle, dopo il melanoma.</Text>
		</GameDBLocalizedString>
		
		<GameDBLocalizedString>      
		<LocID>DIA_ONCO_SC4_1</LocID>     
                    
		<Text>Carcinoma a cellule di Merkel (Metastatico)</Text>	
		</GameDBLocalizedString>
		
        <GameDBLocalizedString>      
		<LocID>DIA_ONCO_SC4_1_DESC</LocID> 
            
		<Text>Il carcinoma a cellule di Merkel è un raro tipo di tumore della pelle che di solito appare come un nodulo color carne o rosso-bluastro, spesso sul viso, sulla testa o sul collo. Il carcinoma a cellule di Merkel è anche chiamato carcinoma neuroendocrino della pelle. Il carcinoma a cellule di Merkel tende a crescere rapidamente e a metastatizzare (diffondersi) in una fase precoce. Di solito si diffonde prima nei linfonodi vicini e quindi può diffondersi ai linfonodi o alla pelle in parti distanti del corpo, polmoni, cervello, ossa o altri organi. Il carcinoma a cellule di Merkel è la seconda causa più comune di morte, per cancro della pelle, dopo il melanoma.</Text>
		</GameDBLocalizedString>

                <!-- ### ### -->
		<!-- ######################################## Contenuto per la V0.13.1a Aggiunto in basso ######################################## -->
		<!-- ### ### -->
		
		<GameDBLocalizedString>      
		<LocID>DIA_ONCO_BLC09_0</LocID>                         
		<Text>Linfoma Mantellare</Text>	
		</GameDBLocalizedString>
		
        <GameDBLocalizedString>      
		<LocID>DIA_ONCO_BLC09_0_DESC</LocID>             
		<Text>Il linfoma mantellare è un tipo di linfoma relativamente raro, rappresenta circa il 5%-​​10% di tutti i linfomi non Hodgkin. Colpisce il bordo esterno (zona del mantello) delle cellule B, nel follicolo linfonodale. Nell'85% dei casi, si verifica un'anomalia quando due cromosomi (11 e 14) si rompono e si uniscono tra loro. Questa si chiama "traslocazione" e causa la sovra-produzione di una proteina chiamata ciclina D1, da parte delle cellule B. In quantità normali, la ciclina D1 aiuta a promuovere la normale crescita cellulare, con quantità in eccesso che determinano una crescita incontrollata delle cellule della zona mantellare che può portare alla MCL.</Text>
		</GameDBLocalizedString>

		
	</LocalizedStrings>
	</GameDBStringTable>
</Database>

