<Database>
	<!-- Oncology Mod by Sleepy068 -->
    <GameDBStringTable ID="LOC_EN_ADDON_ONCOLOGYSL_EXAMINATIONSOLD">

        <LanguageCode>en</LanguageCode>
        <LanguageNameLocalized>English</LanguageNameLocalized>

        <Contributors>
            <Name>Sleepy068</Name>
        </Contributors>

        <LocalizedStrings>
            <GameDBLocalizedString>      
			<LocID>EXM_SLP_CCBT</LocID>                                      
			<Text>Catecholamine Blood Sampling</Text>  
			</GameDBLocalizedString>
			
			<GameDBLocalizedString>      
			<LocID>EXM_SLP_CCBT_DESC</LocID>                                      
			<Text>Catecholamine blood tests measure the amount of catecholamines in your body. “Catecholamines” is an umbrella term for the hormones dopamine, norepinephrine, and epinephrine. \n\nRequired Lab: Haematology</Text>  
			</GameDBLocalizedString>
			
			<GameDBLocalizedString>      
			<LocID>EXM_SLP_CCBT_TEST</LocID>                                      
			<Text>Catecholamine Blood Test</Text>  
			</GameDBLocalizedString>
			
			<GameDBLocalizedString>      
			<LocID>EXM_SLP_CCBT_TEST_DESC</LocID>                                      
			<Text>Catecholamine blood tests measure the amount of catecholamines in your body. “Catecholamines” is an umbrella term for the hormones dopamine, norepinephrine, and epinephrine.</Text>  
			</GameDBLocalizedString>
			
			<GameDBLocalizedString>      
			<LocID>EXM_SLP_CA</LocID>                                      
			<Text>CA Blood Sampling</Text>  
			</GameDBLocalizedString>
			
			<GameDBLocalizedString>      
			<LocID>EXM_SLP_CA_DESC</LocID>                                      
			<Text>A Cancer Antigen (CA) test is a blood test used to help diagnose and manage certain types of cancers. Tumour markers are substances, usually proteins, that are produced by the body in response to cancer growth or by the cancer tissue itself. Some tumour markers are specific for one type of cancer, while others are seen in several cancer types. Many of the well-known markers are seen in non-cancerous conditions as well as cancer. Consequently, they cannot be used to diagnose cancer. \n\nRequired Lab: Haematology</Text>  
			</GameDBLocalizedString>
			
			<GameDBLocalizedString>      
			<LocID>EXM_SLP_CA_TEST</LocID>                                      
			<Text>CA Blood Test</Text>  
			</GameDBLocalizedString>
			
			<GameDBLocalizedString>      
			<LocID>EXM_SLP_CA_TEST_DESC</LocID>                                      
			<Text>A Cancer Antigen (CA) test is a blood test used to help diagnose and manage certain types of cancers. Tumour markers are substances, usually proteins, that are produced by the body in response to cancer growth or by the cancer tissue itself. Some tumour markers are specific for one type of cancer, while others are seen in several cancer types. Many of the well-known markers are seen in non-cancerous conditions as well as cancer. Consequently, they cannot be used to diagnose cancer.</Text>  
			</GameDBLocalizedString>
			
			<GameDBLocalizedString>      
			<LocID>EXM_SLP_COLONOSCOPY</LocID>                                      
			<Text>Colonoscopy</Text>  
			</GameDBLocalizedString>
			
			<GameDBLocalizedString>      
			<LocID>EXM_SLP_COLONOSCOPY_DESC</LocID>                                      
			<Text>A colonoscopy is a medical procedure that is done to look for cancer, colon polyps or other abnormalities inside your bowel. Colonoscopy is done using an instrument called a colonoscope (a type of endoscope) — a long, thin, flexible tube containing a camera and a light.</Text>  
			</GameDBLocalizedString>
			
			<GameDBLocalizedString>      
			<LocID>EXM_SLP_UAS</LocID>                                      
			<Text>Urine Antigen Screen Sampling</Text>  
			</GameDBLocalizedString>
			
			<GameDBLocalizedString>      
			<LocID>EXM_SLP_UAS_DESC</LocID>                                      
			<Text>Urine test to check the amount of cancer based antigens in the urine. By capitalizing on the concentration of shed antigen from a variety of pathogens in the kidneys for excretion in the urine, urinary antigen testing can be used to obtain rapid test results. \n\nRequired Lab: Histology</Text>  
			</GameDBLocalizedString>
			
			<GameDBLocalizedString>      
			<LocID>EXM_SLP_UAS_TEST</LocID>                                      
			<Text>Urine Antigen Screen Test</Text>  
			</GameDBLocalizedString>
			
			<GameDBLocalizedString>      
			<LocID>EXM_SLP_UAS_TEST_DESC</LocID>                                      
			<Text>Urine test to check the amount of cancer based antigens in the urine. By capitalizing on the concentration of shed antigen from a variety of pathogens in the kidneys for excretion in the urine, urinary antigen testing can be used to obtain rapid test results.</Text>  
			</GameDBLocalizedString>

			<GameDBLocalizedString>      
			<LocID>EXM_SLP_BONEBIOPSY_SAMPLE</LocID>                                      
			<Text>Bone Marrow Biopsy Sample</Text>  
			</GameDBLocalizedString>
			
			<GameDBLocalizedString>      
			<LocID>EXM_SLP_BONEBIOPSY_SAMPLE_DESC</LocID>                                      
			<Text>A bone marrow biopsy collects a cylindrical core sample that preserves the marrow's structure. The biopsy sample is evaluated by a specialist to determine cellularity, the volume of cells is compared to the volume of other components of the bone marrow, whether the different cell lineages are present in adequate numbers and if there are any abnormal infiltrates in the marrow. \n\nRequired Lab: Histology</Text>  
			</GameDBLocalizedString>
			
			<GameDBLocalizedString>      
			<LocID>EXM_SLP_BONEBIOPSY_TEST</LocID>                                      
			<Text>Bone Marrow Biopsy Test</Text>  
			</GameDBLocalizedString>
			
			<GameDBLocalizedString>      
			<LocID>EXM_SLP_BONEBIOPSY_TEST_DESC</LocID>                                      
			<Text>A bone marrow biopsy collects a cylindrical core sample that preserves the marrow's structure. The biopsy sample is evaluated by a specialist to determine cellularity, the volume of cells is compared to the volume of other components of the bone marrow, whether the different cell lineages are present in adequate numbers and if there are any abnormal infiltrates in the marrow.</Text>  
			</GameDBLocalizedString>
			
			<GameDBLocalizedString>      
			<LocID>EXM_SLP_FLOWCYT</LocID>                                      
			<Text>Flow Cytometry Sample</Text>  
			</GameDBLocalizedString>
			
			<GameDBLocalizedString>      
			<LocID>EXM_SLP_FLOWCYT_DESC</LocID>                                      
			<Text>Flow cytometry is a technique used to detect and measure physical and chemical characteristics of a population of cells or particles. A sample containing cells or particles is suspended in a fluid and injected into the flow cytometer instrument. \n\nRequired Lab: Histology</Text>  
			</GameDBLocalizedString>
			
			<GameDBLocalizedString>      
			<LocID>EXM_SLP_FLOWCYT_TEST</LocID>                                      
			<Text>Flow Cytometry Test</Text>  
			</GameDBLocalizedString>
			
			<GameDBLocalizedString>      
			<LocID>EXM_SLP_FLOWCYT_TEST_DESC</LocID>                                      
			<Text>Flow cytometry is a technique used to detect and measure physical and chemical characteristics of a population of cells or particles. A sample containing cells or particles is suspended in a fluid and injected into the flow cytometer instrument.</Text>  
			</GameDBLocalizedString>

			<GameDBLocalizedString>      
			<LocID>EXM_SLP_CBC_SAMPLING</LocID>                                      
			<Text>(Oncology) CBC Sampling</Text>  
			</GameDBLocalizedString>
			
			<GameDBLocalizedString>      
			<LocID>EXM_SLP_BLOOD_SMEAR_SAMPLE</LocID>                                      
			<Text>Blood Smear Sample</Text>  
			</GameDBLocalizedString>
			
			<GameDBLocalizedString>      
			<LocID>EXM_SLP_BLOOD_SMEAR_SAMPLE_DESC</LocID>                                      
			<Text>A blood film—or peripheral blood smear—is a thin layer of blood smeared on a glass microscope slide and then stained in such a way as to allow the various blood cells to be examined microscopically. \n\nRequired Lab: Histology</Text>  
			</GameDBLocalizedString>
			
			<GameDBLocalizedString>      
			<LocID>EXM_SLP_BLOOD_SMEAR_TEST</LocID>                                      
			<Text>Blood Smear Test</Text>  
			</GameDBLocalizedString>
			
			<GameDBLocalizedString>      
			<LocID>EXM_SLP_BLOOD_SMEAR_TEST_DESC</LocID>                                      
			<Text>A blood film—or peripheral blood smear—is a thin layer of blood smeared on a glass microscope slide and then stained in such a way as to allow the various blood cells to be examined microscopically.</Text>  
			</GameDBLocalizedString>
			
			<GameDBLocalizedString>      
			<LocID>EXM_SLP_LIVER_FT_SAMPLING</LocID>                                      
			<Text>Liver Function Test Sampling</Text>  
			</GameDBLocalizedString>
			
			<GameDBLocalizedString>      
			<LocID>EXM_SLP_LIVER_FT_SAMPLING_DESC</LocID>                                      
			<Text>Liver function tests (also called LFTs) are blood tests that can provide information about how your liver is working. They test the levels of a number of proteins and enzymes that are either produced by liver cells or released into the blood when liver cells are damaged. \n\nRequired Lab: Haematology</Text>  
			</GameDBLocalizedString>
			
			<GameDBLocalizedString>      
			<LocID>EXM_SLP_LIVER_FT_TEST</LocID>                                      
			<Text>Liver Function Test</Text>  
			</GameDBLocalizedString>
			
			<GameDBLocalizedString>      
			<LocID>EXM_SLP_LIVER_FT_TEST_DESC</LocID>                                      
			<Text>Liver function tests (also called LFTs) are blood tests that can provide information about how your liver is working. They test the levels of a number of proteins and enzymes that are either produced by liver cells or released into the blood when liver cells are damaged.</Text>  
			</GameDBLocalizedString>
			
			<GameDBLocalizedString>      
			<LocID>EXM_SLP_FISH_SAMPLE</LocID>                                      
			<Text>F.I.S.H. Sampling</Text>  
			</GameDBLocalizedString>
			
			<GameDBLocalizedString>      
			<LocID>EXM_SLP_FISH_SAMPLE_DESC</LocID>                                      
			<Text>Fluorescence in situ hybridization (FISH) is a molecular cytogenetic technique that uses fluorescent probes that bind to only those parts of a nucleic acid sequence with a high degree of sequence complementarity. It was developed by biomedical researchers in the early 1980s to detect and localize the presence or absence of specific DNA sequences on chromosomes. Fluorescence microscopy can be used to find out where the fluorescent probe is bound to the chromosomes. FISH is often used for finding specific features in DNA for use in genetic counseling, medicine, and species identification. FISH can also be used to detect and localize specific RNA targets (mRNA, lncRNA and miRNA) in cells, circulating tumor cells, and tissue samples. \n\nRequired Lab: Histology</Text>  
			</GameDBLocalizedString>
			
			<GameDBLocalizedString>      
			<LocID>EXM_SLP_FISH_TEST</LocID>                                      
			<Text>F.I.S.H. Test</Text>  
			</GameDBLocalizedString>
			
			<GameDBLocalizedString>      
			<LocID>EXM_SLP_FISH_TEST_DESC</LocID>                                      
			<Text>Fluorescence in situ hybridization (FISH) is a molecular cytogenetic technique that uses fluorescent probes that bind to only those parts of a nucleic acid sequence with a high degree of sequence complementarity. It was developed by biomedical researchers in the early 1980s to detect and localize the presence or absence of specific DNA sequences on chromosomes. Fluorescence microscopy can be used to find out where the fluorescent probe is bound to the chromosomes. FISH is often used for finding specific features in DNA for use in genetic counseling, medicine, and species identification. FISH can also be used to detect and localize specific RNA targets (mRNA, lncRNA and miRNA) in cells, circulating tumor cells, and tissue samples.</Text>  
			</GameDBLocalizedString>
			
			<GameDBLocalizedString>      
			<LocID>EXM_SLP_IV_STAINING_SAMPLE</LocID>                                      
			<Text>In Vitro Staining Sampling</Text>  
			</GameDBLocalizedString>
			
			<GameDBLocalizedString>      
			<LocID>EXM_SLP_IV_STAINING_SAMPLE_DESC</LocID>                                      
			<Text>Staining is a technique used to enhance contrast in samples, generally at the microscopic level. Stains and dyes are frequently used in histology (the study of tissue under the microscope) and in the medical fields of histopathology, hematology, and cytopathology that focus on the study and diagnoses disease at a microscopic level. Stains may be used to define biological tissues (highlighting, for example, muscle fibers or connective tissue), cell populations (classifying different blood cells), or organelles within individual cells. \n\nRequired Lab: Histology</Text>  
			</GameDBLocalizedString>
			
			<GameDBLocalizedString>      
			<LocID>EXM_SLP_IV_STAINING_TEST</LocID>                                      
			<Text>In Vitro Staining Test</Text>  
			</GameDBLocalizedString>
			
			<GameDBLocalizedString>      
			<LocID>EXM_SLP_IV_STAINING_TEST_DESC</LocID>                                      
			<Text>Staining is a technique used to enhance contrast in samples, generally at the microscopic level. Stains and dyes are frequently used in histology (the study of tissue under the microscope) and in the medical fields of histopathology, hematology, and cytopathology that focus on the study and diagnoses disease at a microscopic level. Stains may be used to define biological tissues (highlighting, for example, muscle fibers or connective tissue), cell populations (classifying different blood cells), or organelles within individual cells.</Text>  
			</GameDBLocalizedString>

			<GameDBLocalizedString>      
			<LocID>EXM_SL_X_RAY_MAMMOGRAM</LocID>                                      
			<Text>Mammogram</Text>  
			</GameDBLocalizedString>
			
			<GameDBLocalizedString>      
			<LocID>EXM_SL_X_RAY_MAMMOGRAM_DESC</LocID>                                      
			<Text>A mammogram is an X-ray of breast tissue that can find changes too small to be felt during a physical examination. \n\nRequired Room: X-Ray</Text>  
			</GameDBLocalizedString>
			
			<GameDBLocalizedString>      
			<LocID>EXM_SLP_FNA_SAMPLE</LocID>                                      
			<Text>Fine Needle Aspiration Sample</Text>  
			</GameDBLocalizedString>
			
			<GameDBLocalizedString>      
			<LocID>EXM_SLP_FNA_SAMPLE_DESC</LocID>                                      
			<Text>Fine needle aspiration is a quicker, less painful biopsy procedure to remove tissue, cell or fluid samples. In fine needle aspiration, a thin needle is inserted into an area of abnormal-appearing tissue or body fluid. As with other types of biopsies, the sample collected during fine needle aspiration can help make a diagnosis or rule out conditions such as cancer. \n\nRequired Lab: Histology</Text>  
			</GameDBLocalizedString>
			
			<GameDBLocalizedString>      
			<LocID>EXM_SLP_FNA_TEST</LocID>                                      
			<Text>Fine Needle Aspiration Test</Text>  
			</GameDBLocalizedString>
			
			<GameDBLocalizedString>      
			<LocID>EXM_SLP_FNA_TEST_DESC</LocID>                                      
			<Text>Fine needle aspiration is a quicker, less painful biopsy procedure to remove tissue, cell or fluid samples. In fine needle aspiration, a thin needle is inserted into an area of abnormal-appearing tissue or body fluid. As with other types of biopsies, the sample collected during fine needle aspiration can be used to help support a diagnosis.</Text>  
			</GameDBLocalizedString>
			
			<GameDBLocalizedString>      
			<LocID>EXM_SLP_EMICRO_SAMPLE</LocID>                                      
			<Text>Electron Microscopy Sample</Text>  
			</GameDBLocalizedString>
			
			<GameDBLocalizedString>      
			<LocID>EXM_SLP_EMICRO_SAMPLE_DESC</LocID>                                      
			<Text>Diagnostic Electron Microscopy is used as an important diagnostic tool to screen human tissues at high magnification (the ultrastructural level).  For diagnostic purposes solid tissues are prepared for TEM in the same way as other biological tissues, they are fixed in glutaraldehyde and osmium tetroxide then dehydrated and embedded in epoxy resin. \n\nRequired Lab: Histology</Text>  
			</GameDBLocalizedString>
			
			<GameDBLocalizedString>      
			<LocID>EXM_SLP_EMICRO_TEST</LocID>                                      
			<Text>Electron Microscopy Test</Text>  
			</GameDBLocalizedString>
			
			<GameDBLocalizedString>      
			<LocID>EXM_SLP_EMICRO_TEST_DESC</LocID>                                      
			<Text>Diagnostic Electron Microscopy is used as an important diagnostic tool to screen human tissues at high magnification (the ultrastructural level).  For diagnostic purposes solid tissues are prepared for TEM in the same way as other biological tissues, they are fixed in glutaraldehyde and osmium tetroxide then dehydrated and embedded in epoxy resin.</Text>  
			</GameDBLocalizedString>
			
			<GameDBLocalizedString>      
			<LocID>EXM_SLP_PELVIC_EXAM</LocID>                                      
			<Text>Pelvic Exam</Text>  
			</GameDBLocalizedString>
			
			<GameDBLocalizedString>      
			<LocID>EXM_SLP_PELVIC_EXAM_DESC</LocID>                                      
			<Text>A pelvic exam is a doctor's visual and physical examination of a woman's reproductive organs. During the exam, the doctor inspects the vagina, cervix, fallopian tubes, vulva, ovaries, and uterus.</Text>  
			</GameDBLocalizedString>
			
			<GameDBLocalizedString>      
			<LocID>EXM_SLP_DRE_EXAM</LocID>                                      
			<Text>Digital Rectal Exam (DRE)</Text>  
			</GameDBLocalizedString>
			
			<GameDBLocalizedString>      
			<LocID>EXM_SLP_DRE_EXAM_DESC</LocID>                                      
			<Text>A digital rectal exam (DRE) is a test for both men and women. It allows a doctor to check the lower rectum, pelvis, and lower belly for cancer and other health problems like prostate cancer.</Text>  
			</GameDBLocalizedString>

			<GameDBLocalizedString>      
			<LocID>EXM_SLP_MINERALT_SAMPLE</LocID>                                      
			<Text>Mineral Panel Sampling</Text>  
			</GameDBLocalizedString>
			
			<GameDBLocalizedString>      
			<LocID>EXM_SLP_MINERALT_SAMPLE_DESC</LocID>                                      
			<Text>The Comprehensive Mineral Panel includes testing the blood for five minerals and is used to detect deficiencies or overexposure (toxicity) across the mineral spectrum. This panel includes testing levels of the following five minerals: Calcium, Copper, Magnesium, Manganese and Zinc. \n\nRequired Lab: Haematology</Text>  
			</GameDBLocalizedString>
			
			<GameDBLocalizedString>      
			<LocID>EXM_SLP_MINERALT_TEST</LocID>                                      
			<Text>Mineral Panel Test</Text>  
			</GameDBLocalizedString>
			
			<GameDBLocalizedString>      
			<LocID>EXM_SLP_MINERALT_TEST_DESC</LocID>                                      
			<Text>The Comprehensive Mineral Panel includes testing the blood for five minerals and is used to detect deficiencies or overexposure (toxicity) across the mineral spectrum. This panel includes testing levels of the following five minerals: Calcium, Copper, Magnesium, Manganese and Zinc.</Text>  
			</GameDBLocalizedString>
			
			<GameDBLocalizedString>      
			<LocID>EXM_SLP_LYMPHBIOPSY_SAMPLE</LocID>                                      
			<Text>Lymph Node Biopsy Sampling</Text>  
			</GameDBLocalizedString>
			
			<GameDBLocalizedString>      
			<LocID>EXM_SLP_LYMPHBIOPSY_SAMPLE_DESC</LocID>                                      
			<Text>Lymph node biopsy is a test in which a lymph node or a piece of a lymph node is removed for examination under a microscope. A lymph node biopsy can help determine if the patient has an infection, an immune disorder, or cancer. \n\nRequired Lab: Histology</Text>  
			</GameDBLocalizedString>
			
			<GameDBLocalizedString>      
			<LocID>EXM_SLP_LYMPHBIOPSY_TEST</LocID>                                      
			<Text>Lymph Node Biopsy Test</Text>  
			</GameDBLocalizedString>
			
			<GameDBLocalizedString>      
			<LocID>EXM_SLP_LYMPHBIOPSY_TEST_DESC</LocID>                                      
			<Text>Lymph node biopsy is a test in which a lymph node or a piece of a lymph node is removed for examination under a microscope. A lymph node biopsy can help determine if the patient has an infection, an immune disorder, or cancer.</Text>  
			</GameDBLocalizedString>
			
			<GameDBLocalizedString>      
			<LocID>EXM_SLP_CEA</LocID> <!-- ############# OBSOLETE - ADDED IN FOR CRASH PROTECTION - NO NEED TO TRANSLATE -->                                     
			<Text>(OBSOLETE) Test Removed</Text>  
			</GameDBLocalizedString>
			
			<GameDBLocalizedString>      
			<LocID>EXM_SLP_CEA_DESC</LocID> <!-- ############# OBSOLETE - ADDED IN FOR CRASH PROTECTION -->                                         
			<Text>This test has been removed from this mod but the code remains to protect players that may have these tests queued.</Text>  
			</GameDBLocalizedString>
			
			<GameDBLocalizedString>       
			<LocID>EXM_SLP_CEA_TEST</LocID> <!-- ############# OBSOLETE - ADDED IN FOR CRASH PROTECTION -->                                          
			<Text>(OBSOLETE) Test Removed</Text>  
			</GameDBLocalizedString>
			
			<GameDBLocalizedString>      
			<LocID>EXM_SLP_CEA_TEST_DESC</LocID> <!-- ############# OBSOLETE - ADDED IN FOR CRASH PROTECTION -->                                          
			<Text>This test has been removed from this mod but the code remains to protect players that may have these tests queued.</Text>  
			</GameDBLocalizedString>
			
			<GameDBLocalizedString>      
			<LocID>EXM_SLP_5HIAA</LocID> <!-- ############# OBSOLETE - ADDED IN FOR CRASH PROTECTION -->                                     
			<Text>(OBSOLETE) Test Removed</Text>  
			</GameDBLocalizedString>
			
			<GameDBLocalizedString>      
			<LocID>EXM_SLP_5HIAA_DESC</LocID> <!-- ############# OBSOLETE - ADDED IN FOR CRASH PROTECTION -->                                         
			<Text>This test has been removed from this mod but the code remains to protect players that may have these tests queued.</Text>  
			</GameDBLocalizedString>
			
			<GameDBLocalizedString>       
			<LocID>EXM_SLP_5HIAA_TEST</LocID> <!-- ############# OBSOLETE - ADDED IN FOR CRASH PROTECTION -->                                          
			<Text>(OBSOLETE) Test Removed</Text>  
			</GameDBLocalizedString>
			
			<GameDBLocalizedString>      
			<LocID>EXM_SLP_5HIAA_TEST_DESC</LocID> <!-- ############# OBSOLETE - ADDED IN FOR CRASH PROTECTION -->                                          
			<Text>This test has been removed from this mod but the code remains to protect players that may have these tests queued.</Text>  
			</GameDBLocalizedString>
			
			<GameDBLocalizedString>      
			<LocID>EXM_SLP_CHRAB</LocID> <!-- ############# OBSOLETE - ADDED IN FOR CRASH PROTECTION -->                                     
			<Text>(OBSOLETE) Test Removed</Text>  
			</GameDBLocalizedString>
			
			<GameDBLocalizedString>      
			<LocID>EXM_SLP_CHRAB_DESC</LocID> <!-- ############# OBSOLETE - ADDED IN FOR CRASH PROTECTION -->                                         
			<Text>This test has been removed from this mod but the code remains to protect players that may have these tests queued.</Text>  
			</GameDBLocalizedString>
			
			<GameDBLocalizedString>       
			<LocID>EXM_SLP_CHRAB_TEST</LocID> <!-- ############# OBSOLETE - ADDED IN FOR CRASH PROTECTION -->                                          
			<Text>(OBSOLETE) Test Removed</Text>  
			</GameDBLocalizedString>
			
			<GameDBLocalizedString>      
			<LocID>EXM_SLP_CHRAB_TEST_DESC</LocID> <!-- ############# OBSOLETE - ADDED IN FOR CRASH PROTECTION -->                                          
			<Text>This test has been removed from this mod but the code remains to protect players that may have these tests queued.</Text>  
			</GameDBLocalizedString>

			<GameDBLocalizedString>      
			<LocID>EXM_SLP_COLONOSCOPY_BIOPSY_SAMPLE</LocID>                                      
			<Text>Colonoscopy Biopsy Sampling</Text>  
			</GameDBLocalizedString>
			
			<GameDBLocalizedString>      
			<LocID>EXM_SLP_COLONOSCOPY_BIOPSY_SAMPLE_DESC</LocID>                                      
			<Text>A colonoscopy is a medical procedure that is done to look for cancer, colon polyps or other abnormalities inside your bowel. Colonoscopy is done using an instrument called a colonoscope (a type of endoscope) — a long, thin, flexible tube containing a camera and a light. During the colonoscopy, the doctor passes an instrument through the colonoscope to obtain a biopsy (a small sample of the colon lining) to be further analyzed. \n\nRequired Lab: Histology</Text>  
			</GameDBLocalizedString>
			
			<GameDBLocalizedString>      
			<LocID>EXM_SLP_COLONOSCOPY_BIOPSY_TEST</LocID>                                      
			<Text>Colonoscopy Biopsy Testing</Text>  
			</GameDBLocalizedString>
			
			<GameDBLocalizedString>      
			<LocID>EXM_SLP_COLONOSCOPY_BIOPSY_TEST_DESC</LocID>                                      
			<Text>A colonoscopy is a medical procedure that is done to look for cancer, colon polyps or other abnormalities inside your bowel. Colonoscopy is done using an instrument called a colonoscope (a type of endoscope) — a long, thin, flexible tube containing a camera and a light. During the colonoscopy, the doctor passes an instrument through the colonoscope to obtain a biopsy (a small sample of the colon lining) to be further analyzed.</Text>  
			</GameDBLocalizedString>

			<GameDBLocalizedString>      
			<LocID>EXM_SLP_LIVER_BIOPSY_SAMPLE</LocID>                                      
			<Text>Liver Biopsy Sampling</Text>  
			</GameDBLocalizedString>
			
			<GameDBLocalizedString>      
			<LocID>EXM_SLP_LIVER_BIOPSY_SAMPLE_DESC</LocID>                                      
			<Text>A liver biopsy is a procedure in which a small needle is inserted into the liver to collect a tissue sample. The tissue is then analyzed in a laboratory to help doctors diagnose a variety of disorders and diseases in the liver. \n\nRequired Lab: Histology</Text>  
			</GameDBLocalizedString>
			
			<GameDBLocalizedString>      
			<LocID>EXM_SLP_LIVER_BIOPSY_TEST</LocID>                                      
			<Text>Liver Biopsy Testing</Text>  
			</GameDBLocalizedString>
			
			<GameDBLocalizedString>      
			<LocID>EXM_SLP_LIVER_BIOPSY_TEST_DESC</LocID>                                      
			<Text>A liver biopsy is a procedure in which a small needle is inserted into the liver to collect a tissue sample. The tissue is then analyzed in a laboratory to help doctors diagnose a variety of disorders and diseases in the liver.</Text>  
			</GameDBLocalizedString>

			<!-- ### ### -->
			<!-- ######################################## Content for V0.15.0.0 Added Below ######################################## -->
			<!-- ### ### -->

</LocalizedStrings>
</GameDBStringTable>
</Database>