<Database>
	<GameDBStringTable ID="LOC_DE_ADDON_ONCOLOGYSL_DIAGNOSES">
	<LanguageCode>de</LanguageCode>
	<LanguageNameLocalized>Deutsch</LanguageNameLocalized>
	<Contributors>
	<Name>Bowelas</Name>
	</Contributors>

	<LocalizedStrings>
		
        <!-- Diagnoses - Skin Cancer -->
		
        <GameDBLocalizedString>      
		<LocID>DIA_ONCO_SC1_1</LocID>                         
		<Text>Basalzellkarzinom (1. Stadium)</Text>	
		</GameDBLocalizedString>
		
        <GameDBLocalizedString>      
		<LocID>DIA_ONCO_SC1_1_DESC</LocID>             
		<Text>Basalzellkrebs ist die häufigste Krebsart beim Menschen. Es ist eine Art von Nicht-Melanom-Hautkrebs, der in der Basalzellschicht der Epidermis (der obersten Hautschicht) beginnt, sehr langsam wächst und sich selten ausbreitet (metastasiert). \n\nIm 1. Stadium ist der Tumor grob 2 cm breit oder kleiner und kann sich in die Dermis ausgebreitet haben</Text>	
		</GameDBLocalizedString>

        <GameDBLocalizedString>      
		<LocID>DIA_ONCO_SC1_2</LocID>                         
		<Text>Basalzellkarzinom (2. Stadium)</Text>	
		</GameDBLocalizedString>
		
        <GameDBLocalizedString>      
		<LocID>DIA_ONCO_SC1_2_DESC</LocID>             
		<Text>Basalzellkrebs ist die häufigste Krebsart beim Menschen. Es ist eine Art von Nicht-Melanom-Hautkrebs, der in der Basalzellschicht der Epidermis (der obersten Hautschicht) beginnt, sehr langsam wächst und sich selten ausbreitet (metastasiert).\n\nIm 2. Stadium ist der Tumor größer als 2 Zentimeter, kann sich in die Dermis ausgebreitet haben und weist Merkmale mit hohem Risiko wie eine perineurale Invasion auf.</Text>	
		</GameDBLocalizedString>
		
        <GameDBLocalizedString>      
		<LocID>DIA_ONCO_SC1_3</LocID>                         
		<Text>Basalzellkarzinom (3. Stadium)</Text>	
		</GameDBLocalizedString>
		
        <GameDBLocalizedString>      
		<LocID>DIA_ONCO_SC1_3_DESC</LocID>             
		<Text>Basalzellkrebs ist die häufigste Krebsart beim Menschen. Es ist eine Art von Nicht-Melanom-Hautkrebs, der in der Basalzellschicht der Epidermis (der obersten Hautschicht) beginnt, sehr langsam wächst und sich selten ausbreitet (metastasiert).\n\nIm 3. Stadium hat sich der Krebs auf Bereiche unter der Haut ausgebreitet, z. B. auf Muskeln, Knochen, Knorpel oder Lymphknoten, jedoch nur auf solche in der Nähe des ursprünglichen Tumors.</Text>	
		</GameDBLocalizedString>

        <GameDBLocalizedString>      
		<LocID>DIA_ONCO_SC1_4</LocID>                         
		<Text>Basalzellkarzinom (4. Stadium)</Text>	
		</GameDBLocalizedString>
		
        <GameDBLocalizedString>      
		<LocID>DIA_ONCO_SC1_4_DESC</LocID>             
		<Text>Basalzellkrebs ist die häufigste Krebsart beim Menschen. Es ist eine Art von Nicht-Melanom-Hautkrebs, der in der Basalzellschicht der Epidermis (der obersten Hautschicht) beginnt, sehr langsam wächst und sich selten ausbreitet (metastasiert).\n\nIm 4. Stadium hat sich der Krebs auf Bereiche außerhalb der Haut ausgebreitet, z. B. auf entfernte Organe wie das Gehirn oder die Lunge, oder er ist in das Skelett eingedrungen.</Text>	
		</GameDBLocalizedString>
		
		<GameDBLocalizedString>      
		<LocID>DIA_ONCO_SC2_1</LocID>                         
		<Text>Plattenepithelkarzinom (1. Stadium)</Text>	
		</GameDBLocalizedString>

        <GameDBLocalizedString>      
		<LocID>DIA_ONCO_SC2_1_DESC</LocID>             
		<Text>Das Plattenepithelkarzinom der Haut ist eine häufige Form von Hautkrebs, die sich in den Plattenepithel entwickelt, aus denen die mittleren und äußeren Hautschichten bestehen.\n\nIm 1. Stadium ist der Tumor ungefähr 2 cm breit oder kleiner und kann sich in die Dermis ausgebreitet haben.</Text>	
		</GameDBLocalizedString>
		
		<GameDBLocalizedString>      
		<LocID>DIA_ONCO_SC2_2</LocID>                         
		<Text>Plattenepithelkarzinom (2. Stadium)</Text>	
		</GameDBLocalizedString>
		
        <GameDBLocalizedString>      
		<LocID>DIA_ONCO_SC2_2_DESC</LocID>             
		<Text>Das Plattenepithelkarzinom der Haut ist eine häufige Form von Hautkrebs, die sich in den Plattenepithel entwickelt, aus denen die mittleren und äußeren Hautschichten bestehen.\n\nIm 2. Stadium ist der Tumor größer als 2 Zentimeter, kann sich in die Dermis ausgebreitet haben und weist Merkmale mit hohem Risiko wie eine perineurale Invasion auf.</Text>	
		</GameDBLocalizedString>
		
		<GameDBLocalizedString>      
		<LocID>DIA_ONCO_SC2_3</LocID>                         
		<Text>Plattenepithelkarzinom (3. Stadium)</Text>	
		</GameDBLocalizedString>
		
        <GameDBLocalizedString>      
		<LocID>DIA_ONCO_SC2_3_DESC</LocID>             
		<Text>Das Plattenepithelkarzinom der Haut ist eine häufige Form von Hautkrebs, die sich in den Plattenepithel entwickelt, aus denen die mittleren und äußeren Hautschichten bestehen.\n\nIm 3. Stadium hat sich der Krebs auf Bereiche unter der Haut ausgebreitet, z. B. auf Muskeln, Knochen, Knorpel oder Lymphknoten, jedoch nur auf solche in der Nähe des ursprünglichen Tumors.</Text>	
		</GameDBLocalizedString>

		<GameDBLocalizedString>      
		<LocID>DIA_ONCO_SC2_4</LocID>                         
		<Text>Plattenepithelkarzinom (4. Stadium)</Text>	
		</GameDBLocalizedString>
		
        <GameDBLocalizedString>      
		<LocID>DIA_ONCO_SC2_4_DESC</LocID>             
		<Text>Das Plattenepithelkarzinom der Haut ist eine häufige Form von Hautkrebs, die sich in den Plattenepithel entwickelt, aus denen die mittleren und äußeren Hautschichten bestehen.\n\nIm 4. Stadium hat sich der Krebs auf Bereiche außerhalb der Haut ausgebreitet, z. B. auf entfernte Organe wie das Gehirn oder die Lunge, oder er ist in das Skelett eingedrungen.</Text>	
		</GameDBLocalizedString>

		<GameDBLocalizedString>      
		<LocID>DIA_ONCO_SC3_1</LocID>                         
		<Text>Melanom (1. Stadium)</Text>	
		</GameDBLocalizedString>
		
        <GameDBLocalizedString>      
		<LocID>DIA_ONCO_SC3_1_DESC</LocID>             
		<Text>Ein Melanom tritt auf, wenn Pigmentzellen in der Haut (sogenannte Melanozyten) mutieren und unkontrolliert zu wachsen beginnen.\n\nIm 1. Stadium hat sich der Krebs tiefer in die Haut ausgebreitet, jedoch nicht auf Lymphknoten oder andere Körperteile übertragen.</Text>	
		</GameDBLocalizedString>
		
		<GameDBLocalizedString>      
		<LocID>DIA_ONCO_SC3_2</LocID>                         
		<Text>Melanom (2. Stadium)</Text>	
		</GameDBLocalizedString>
		
        <GameDBLocalizedString>      
		<LocID>DIA_ONCO_SC3_2_DESC</LocID>             
		<Text>Ein Melanom tritt auf, wenn Pigmentzellen in der Haut (sogenannte Melanozyten) mutieren und unkontrolliert zu wachsen beginnen.\n\nDas Melanom im 2. Stadium ist dicker und erstreckt sich durch die Epidermis bis in die Dermis, die dichte innere Hautschicht. Es hat eine höhere Ausbreitungschance.</Text>	
		</GameDBLocalizedString>

		<GameDBLocalizedString>      
		<LocID>DIA_ONCO_SC3_3</LocID>                         
		<Text>Melanom (3. Stadium)</Text>	
		</GameDBLocalizedString>
		
        <GameDBLocalizedString>      
		<LocID>DIA_ONCO_SC3_3_DESC</LocID>             
		<Text>Ein Melanom tritt auf, wenn Pigmentzellen in der Haut (sogenannte Melanozyten) mutieren und unkontrolliert zu wachsen beginnen.\n\nDas 3. Stadium beschreibt ein Melanom, das sich lokal oder über das Lymphsystem auf einen regionalen Lymphknoten ausgebreitet hat. Es hat sich jedoch nicht auf entfernte Lymphknoten oder Organe ausgebreitet.</Text>	
		</GameDBLocalizedString>
		
		<GameDBLocalizedString>      
		<LocID>DIA_ONCO_SC3_4</LocID>                         
		<Text>Melanom (4. Stadium)</Text>	
		</GameDBLocalizedString>
		
        <GameDBLocalizedString>      
		<LocID>DIA_ONCO_SC3_4_DESC</LocID>             
		<Text>Ein Melanom tritt auf, wenn Pigmentzellen in der Haut (sogenannte Melanozyten) mutieren und unkontrolliert zu wachsen beginnen.\n\nDas 4. Stadium beschreibt ein Melanom, das sich über den Blutkreislauf auf andere Körperteile ausgebreitet hat, z. B. auf entfernte Stellen auf der Haut oder dem Weichgewebe, entfernte Lymphknoten oder andere Organe.</Text>	
		</GameDBLocalizedString>
		
		<!-- Diagnoses - Adrenal Gland Cancer -->
		
		<GameDBLocalizedString>      
		<LocID>DIA_ONCO_AGC1_0</LocID>                         
		<Text>Phäochromozytom (lokal)</Text>	
		</GameDBLocalizedString>
		
        <GameDBLocalizedString>      
		<LocID>DIA_ONCO_AGC1_0_DESC</LocID>             
		<Text>Das Phäochromozytom ist ein seltener Tumor des Nebennierengewebes. Es führt zur Freisetzung von zu viel Adrenalin und Noradrenalin, Hormonen, die Herzfrequenz, Stoffwechsel und Blutdruck steuern. Lokal wird der Tumor frühzeitig im Nebennierenmark in einer oder beiden Nebennieren erkannt.</Text>	
		</GameDBLocalizedString>
		
		<GameDBLocalizedString>      
		<LocID>DIA_ONCO_AGC1_1</LocID>                         
		<Text>Phäochromozytom (regional)</Text>	
		</GameDBLocalizedString>
		
        <GameDBLocalizedString>      
		<LocID>DIA_ONCO_AGC1_1_DESC</LocID>             
		<Text>Das Phäochromozytom ist ein seltener Tumor des Nebennierengewebes. Es führt zur Freisetzung von zu viel Adrenalin und Noradrenalin, Hormonen, die Herzfrequenz, Stoffwechsel und Blutdruck steuern. Regional hat sich der Krebs von der Stelle, an der der Tumor begann, auf umliegende Gewebe und / oder Lymphknoten ausgebreitet.</Text>	
		</GameDBLocalizedString>
		
		<GameDBLocalizedString>      
		<LocID>DIA_ONCO_AGC1_2</LocID>                         
		<Text>Phäochromozytom (metastasierend)</Text>	
		</GameDBLocalizedString>
		
        <GameDBLocalizedString>      
		<LocID>DIA_ONCO_AGC1_2_DESC</LocID>             
		<Text>Das Phäochromozytom ist ein seltener Tumor des Nebennierengewebes. Es führt zur Freisetzung von zu viel Adrenalin und Noradrenalin, Hormonen, die Herzfrequenz, Stoffwechsel und Blutdruck steuern. Metastasierend hat sich der Krebs von dort, wo der Tumor begann, in einen entfernten Teil des Körpers ausgebreitet. Um die Wahrscheinlichkeit einer metastatischen Ausbreitung vorherzusagen, wurden verschiedene Kriterien und Bewertungssysteme auf der Grundlage der Histopathologie oder klinischer Daten entwickelt, aber kein System hat sich als zuverlässig erwiesen.</Text>	
		</GameDBLocalizedString>
		
		<!-- Diagnoses - Lung Cancer -->
		
		<GameDBLocalizedString>      
		<LocID>DIA_ONCO_LC_0</LocID>                         
		<Text>NSC Lungenkrebs (lokal)</Text>	
		</GameDBLocalizedString>
		
        <GameDBLocalizedString>      
		<LocID>DIA_ONCO_LC_0_DESC</LocID>             
		<Text>Nicht-kleinzelliger Lungenkrebs (NSCLC) beginnt, wenn sich gesunde Zellen in der Lunge verändern und außer Kontrolle geraten und eine Masse bilden, die als Tumor, Läsion oder Knoten bezeichnet wird. Ein Lungentumor kann überall in der Lunge beginnen. Lokal wird der Krebs in der Lunge gefunden, ist aber nicht zu den Lymphknoten oder entfernten Organen vorgedrungen.</Text>	
		</GameDBLocalizedString>
		
		<GameDBLocalizedString>      
		<LocID>DIA_ONCO_LC_1</LocID>                         
		<Text>NSC Lungenkrebs (regional)</Text>	
		</GameDBLocalizedString>
		
        <GameDBLocalizedString>      
		<LocID>DIA_ONCO_LC_1_DESC</LocID>             
		<Text>Nicht-kleinzelliger Lungenkrebs (NSCLC) beginnt, wenn sich gesunde Zellen in der Lunge verändern und außer Kontrolle geraten und eine Masse bilden, die als Tumor, Läsion oder Knoten bezeichnet wird. Ein Lungentumor kann überall in der Lunge beginnen. Regional hat sich der Krebs von der Lunge zu nahe gelegenen Lymphknoten entwickelt.</Text>	
		</GameDBLocalizedString>
		
		<GameDBLocalizedString>      
		<LocID>DIA_ONCO_LC_2</LocID>                         
		<Text>NSC Lungenkrebs (metastasierend)</Text>	
		</GameDBLocalizedString>
		
        <GameDBLocalizedString>      
		<LocID>DIA_ONCO_LC_2_DESC</LocID>             
		<Text>Nicht-kleinzelliger Lungenkrebs (NSCLC) beginnt, wenn sich gesunde Zellen in der Lunge verändern und außer Kontrolle geraten und eine Masse bilden, die als Tumor, Läsion oder Knoten bezeichnet wird. Ein Lungentumor kann überall in der Lunge beginnen. Metastasierend hat sich der Krebs von der Lunge zu nahe gelegenen Lymphknoten entwickelt.</Text>	
		</GameDBLocalizedString>
		
		<GameDBLocalizedString>      
		<LocID>DIA_ONCO_LC1_0</LocID>                         
		<Text>SC Lungenkrebs (limitiertes Stadium)</Text>	
		</GameDBLocalizedString>
		
        <GameDBLocalizedString>      
		<LocID>DIA_ONCO_LC1_0_DESC</LocID>             
		<Text>Der kleinzellige Lungenkrebs beginnt, wenn sich gesunde Zellen in der Lunge verändern und außer Kontrolle geraten und eine Masse bilden, die als Tumor, Verletzung oder Knoten bezeichnet wird. SCLC beginnt in den Nervenzellen oder hormonproduzierenden Zellen der Lunge. Der Begriff "small cell" bezieht sich auf die Größe und Form der Krebszellen, wie sie unter einem Mikroskop betrachtet werden. Limitiertes Stadium bedeutet, dass der Krebs nur in einem Teil der Brust vorhanden ist und eine Strahlentherapie eine Behandlungsoption sein könnte. Etwa 1 von 3 Personen mit SCLC haben bei der Erstdiagnose eine Erkrankung im limitierten Stadium.</Text>	
		</GameDBLocalizedString>
		
		<GameDBLocalizedString>      
		<LocID>DIA_ONCO_LC1_1</LocID>                         
		<Text>SC Lungenkrebs (ausgedehntes Stadium)</Text>	
		</GameDBLocalizedString>
		
        <GameDBLocalizedString>      
		<LocID>DIA_ONCO_LC1_1_DESC</LocID>             
		<Text>Der kleinzellige Lungenkrebs beginnt, wenn sich gesunde Zellen in der Lunge verändern und außer Kontrolle geraten und eine Masse bilden, die als Tumor, Verletzung oder Knoten bezeichnet wird. SCLC beginnt in den Nervenzellen oder hormonproduzierenden Zellen der Lunge. Der Begriff "small cell" bezieht sich auf die Größe und Form der Krebszellen, wie sie unter einem Mikroskop betrachtet werden. Das ausgedehnte Stadium wird verwendet, um SCLC zu beschreiben, der sich auf Teile des Körpers wie die andere Lunge, den Knochen, das Gehirn oder das Knochenmark ausgebreitet hat. Viele Ärzte halten SCLC, welcher sich auf die Flüssigkeit um die Lunge herum ausgebreitet hat, ebenfalls für ein ausgedehntes Stadium. Ungefähr 2 von 3 Personen mit SCLC sind im ausgedehnte Stadium, wenn der Krebs zum ersten Mal gefunden wird.</Text>	
		</GameDBLocalizedString>
		
		<!-- -->
		
		<GameDBLocalizedString>      
		<LocID>DIA_ONCO_BC1_0</LocID>                         
		<Text>Kolorektales Adenokarzinom (lokal)</Text>	
		</GameDBLocalizedString>
		
        <GameDBLocalizedString>      
		<LocID>DIA_ONCO_BC1_0_DESC</LocID>             
		<Text>Adenokarzinome des Dickdarms und des Mastdarms machen 95 Prozent aller Fälle von Darmkrebs aus. Im Magen-Darm-Trakt entwickeln sich in den Zellen der Auskleidung im Dickdarm Rektal- und Kolonadenokarzinome. Adenokarzinome des Dickdarms und des Mastdarms beginnen typischerweise als Gewebewachstum, das als Polyp bezeichnet wird. Eine bestimmte Art von Polypen, die als Adenom bezeichnet wird, kann sich zu Krebs entwickeln. Lokal ist der Krebs auf die Darmwand beschränkt oder kann sich auf die äußere Oberfläche der Darmwand ausgebreitet haben.</Text>	
		</GameDBLocalizedString>
		
		<GameDBLocalizedString>      
		<LocID>DIA_ONCO_BC1_1</LocID>                         
		<Text>Kolorektales Adenokarzinom (regional)</Text>	
		</GameDBLocalizedString>
		
        <GameDBLocalizedString>      
		<LocID>DIA_ONCO_BC1_1_DESC</LocID>             
		<Text>Adenokarzinome des Dickdarms und des Mastdarms machen 95 Prozent aller Fälle von Darmkrebs aus. Im Magen-Darm-Trakt entwickeln sich in den Zellen der Auskleidung im Dickdarm Rektal- und Kolonadenokarzinome. Adenokarzinome des Dickdarms und des Mastdarms beginnen typischerweise als Gewebewachstum, das als Polyp bezeichnet wird. Eine bestimmte Art von Polypen, die als Adenom bezeichnet wird, kann sich zu Krebs entwickeln. Regional hat sich der Krebs in Lymphknoten in der Nähe des Darms ausgebreitet.</Text>	
		</GameDBLocalizedString>
		
		<GameDBLocalizedString>      
		<LocID>DIA_ONCO_BC1_2</LocID>                         
		<Text>Kolorektales Adenokarzinom (metastasierend)</Text>	
		</GameDBLocalizedString>
		
        <GameDBLocalizedString>      
		<LocID>DIA_ONCO_BC1_2_DESC</LocID>             
		<Text>Adenokarzinome des Dickdarms und des Mastdarms machen 95 Prozent aller Fälle von Darmkrebs aus. Im Magen-Darm-Trakt entwickeln sich in den Zellen der Auskleidung im Dickdarm Rektal- und Kolonadenokarzinome. Adenokarzinome des Dickdarms und des Mastdarms beginnen typischerweise als Gewebewachstum, das als Polyp bezeichnet wird. Eine bestimmte Art von Polypen, die als Adenom bezeichnet wird, kann sich zu Krebs entwickeln. Metastasierend ist der Krebs an entfernten Stellen zu finden und hat sich ausgebreitet.</Text>	
		</GameDBLocalizedString>
		
		<GameDBLocalizedString>      
		<LocID>DIA_ONCO_AGC2_0</LocID>                         
		<Text>Nebennierenrindenkarzinom (lokal)</Text>	
		</GameDBLocalizedString>
		
        <GameDBLocalizedString>      
		<LocID>DIA_ONCO_AGC2_0_DESC</LocID>             
		<Text>Das Nebennierenrindenkarzinom ist eine seltene Erkrankung, bei der sich bösartige (Krebs-) Zellen in der äußeren Schicht der Nebenniere bilden. Lokal ist der Tumor 5 Zentimeter oder kleiner und befindet sich nur in der Nebenniere.</Text>	
		</GameDBLocalizedString>
		
		<GameDBLocalizedString>      
		<LocID>DIA_ONCO_AGC2_1</LocID>                         
		<Text>Nebennierenrindenkarzinom (regional)</Text>	
		</GameDBLocalizedString>
		
        <GameDBLocalizedString>      
		<LocID>DIA_ONCO_AGC2_1_DESC</LocID>             
		<Text>Das Nebennierenrindenkarzinom ist eine seltene Erkrankung, bei der sich bösartige (Krebs-) Zellen in der äußeren Schicht der Nebenniere bilden. Regional ist der Tumor beliebig groß und hat sich auf nahegelegene Lymphknoten oder nahegelegene Gewebe oder Organe (Niere, Zwerchfell, Bauchspeicheldrüse, Milz oder Leber) oder auf große Blutgefäße (Nierenvene oder Hohlvene) ausgebreitet und kann sich auf nahegelegene Lymphe ausgebreitet haben Knoten.</Text>	
		</GameDBLocalizedString>
		
		<GameDBLocalizedString>      
		<LocID>DIA_ONCO_AGC2_2</LocID>                         
		<Text>Nebennierenrindenkarzinom (metastasierend)</Text>	
		</GameDBLocalizedString>
		
        <GameDBLocalizedString>      
		<LocID>DIA_ONCO_AGC2_2_DESC</LocID>             
		<Text>Das Nebennierenrindenkarzinom ist eine seltene Erkrankung, bei der sich bösartige (Krebs-) Zellen in der äußeren Schicht der Nebenniere bilden. Metastasierend ist der Tumor beliebig groß, kann sich auf nahegelegene Lymphknoten ausgebreitet haben und hat sich auf andere Körperteile wie Lunge, Knochen oder Peritoneum ausgebreitet.</Text>	
		</GameDBLocalizedString>
		
		<GameDBLocalizedString>      
		<LocID>DIA_ONCO_MC001_0</LocID>                         
		<Text>Magen-Darm-NET (LS)</Text>	
		</GameDBLocalizedString>
		
        <GameDBLocalizedString>      
		<LocID>DIA_ONCO_MC001_0_DESC</LocID>             
		<Text>Neuroendokrine Tumoren (NET) sind Neubildungen, die aus Zellen des endokrinen (hormonellen) und des Nervensystems entstehen. Viele sind gutartig, während einige bösartig sind. Sie kommen am häufigsten im Darm vor, wo sie oft als karzinoide Tumoren bezeichnet werden, aber sie kommen auch in der Bauchspeicheldrüse, der Lunge und im Rest des Körpers vor. Im begrenzten Stadium ist der Tumor kleiner als 4 cm und bis zu der Membran gewachsen, die den Blinddarm mit der Bauchdecke verbindet.</Text>	
		</GameDBLocalizedString>
		
		<GameDBLocalizedString>      
		<LocID>DIA_ONCO_MC001_1</LocID>                         
		<Text>Magen-Darm-NET (ES)</Text>	
		</GameDBLocalizedString>
		
        <GameDBLocalizedString>      
		<LocID>DIA_ONCO_MC001_1_DESC</LocID>             
		<Text>Neuroendokrine Tumoren (NET) sind Neubildungen, die aus Zellen des endokrinen (hormonellen) und des Nervensystems entstehen. Viele sind gutartig, während einige bösartig sind. Sie kommen am häufigsten im Darm vor, wo sie oft als karzinoide Tumoren bezeichnet werden, aber sie kommen auch in der Bauchspeicheldrüse, der Lunge und im Rest des Körpers vor. Im ausgedehnten Stadium ist der Tumor durch das Peritoneum gewachsen oder in benachbarte Organe oder Strukturen eingedrungen.</Text>	
		</GameDBLocalizedString>
		
		<GameDBLocalizedString>      
		<LocID>DIA_ONCO_BLC01_0</LocID>                         
		<Text>ALL (Pre-B Zelle)</Text>	
		</GameDBLocalizedString>
		
        <GameDBLocalizedString>      
		<LocID>DIA_ONCO_BLC01_0_DESC</LocID>             
		<Text>Prä-B-Zellen Akute lymphatische Leukämie (ALL) (auch als akute lymphatische Leukämie bezeichnet) ist eine Krebsart, die sich auf Blut und Knochenmark auswirkt. ALL ist gekennzeichnet durch eine Überproduktion unreifer weißer Blutkörperchen, die als Lymphoblasten oder Leukämie-Blasten bezeichnet werden. Da das Knochenmark nicht in der Lage ist, eine ausreichende Anzahl roter Blutkörperchen, normaler weißer Blutkörperchen und Thrombozyten zu bilden, sind Menschen mit ALL anfälliger für Anämie, wiederkehrende Infektionen sowie für Blutergüsse und Blutungen. In 75-80% der Fälle bei Erwachsenen tritt ALL in den frühen Entwicklungsstadien des Knochenmarks in B-Lymphozyten auf. Die Krankheit wird daher Vorläufer-B-Zell-ALL oder Prä-B-Zell-ALL genannt.</Text>	
		</GameDBLocalizedString>
		
		<GameDBLocalizedString>      
		<LocID>DIA_ONCO_BLC01_1</LocID>                         
		<Text>ALL (B Zelle)</Text>	
		</GameDBLocalizedString>
		
        <GameDBLocalizedString>      
		<LocID>DIA_ONCO_BLC01_1_DESC</LocID>             
		<Text>Akute lymphatische B-Zell-Leukämie, auch bekannt als akute lymphatische Burkitt-Leukämie (B-ALL) oder akute reife lymphatische B-Zell-Leukämie (ALL), ist ein Krebs, der Ihre "B-Lymphozyten" betrifft - weiße Blutkörperchen, die darin wachsen das weiche Zentrum Ihrer Knochen, genannt Mark. Diese Art von ALL ist weniger verbreitet und macht etwa 3-5% aller Fälle bei Erwachsenen aus. Das Kennzeichen von reifem B-Zell-ALL ist das Vorhandensein von Oberflächen-Immunglobulin auf den Lymphoblasten. Unter Verwendung herkömmlicher Schemata treten nur 30-40% der Patienten in eine vollständige Remission (CR) ein, und nur wenige Patienten überleben langfristig.</Text>	
		</GameDBLocalizedString>
		
		<GameDBLocalizedString>      
		<LocID>DIA_ONCO_BLC01_2</LocID>                         
		<Text>ALL (T Zelle)</Text>	
		</GameDBLocalizedString>
		
        <GameDBLocalizedString>      
		<LocID>DIA_ONCO_BLC01_2_DESC</LocID>             
		<Text>Akute lymphatische T-Zell-Leukämie (T-ALL) ist eine Art akuter Leukämie, die bedeutet, dass sie aggressiv ist und schnell fortschreitet. Es betrifft die lymphoidzellproduzierenden Stammzellen, insbesondere eine Art weißer Blutkörperchen, die als T-Lymphozyten bezeichnet werden, im Gegensatz zu akuter lymphoblastischer Leukämie (ALL), die üblicherweise B-Lymphozyten betrifft.</Text>	
		</GameDBLocalizedString>
		
		<GameDBLocalizedString>      
		<LocID>DIA_ONCO_BLC02_A</LocID>                         
		<Text>CLL (stabil)</Text>	
		</GameDBLocalizedString>
		
        <GameDBLocalizedString>      
		<LocID>DIA_ONCO_BLC02_A_DESC</LocID>             
		<Text>Chronische lymphatische Leukämie (CLL) (stabil) ist eine langsam wachsende Leukämie, die sich auf die Entwicklung von B-Lymphozyten auswirkt. B-Lymphozyten (auch als B-Zellen bezeichnet) sind spezialisierte weiße Blutkörperchen. Unter normalen Bedingungen produzieren sie Immunglobuline (auch Antikörper genannt), die unseren Körper vor Infektionen und Krankheiten schützen. Bei Menschen mit CLL verändern sich die Lymphozyten bösartig (krebsartig) und werden zu Leukämiezellen. Es ist wichtig zu betonen, dass CLL für viele Menschen über viele Monate und Jahre stabil bleibt und keine oder nur geringe Auswirkungen auf ihren Lebensstil oder ihre allgemeine Gesundheit hat. Ungefähr 30-50% der mit CLL diagnostizierten Menschen benötigen keine Behandlung für ihre Krankheit und können trotz ihrer Diagnose viele Jahre überleben. Da sich die CLL langsam entwickelt, haben viele Menschen keine Symptome, insbesondere im Frühstadium, und die Krankheit wird während einer routinemäßigen Blutuntersuchung entdeckt.</Text>	
		</GameDBLocalizedString>
		
		<GameDBLocalizedString>      
		<LocID>DIA_ONCO_BLC02_B</LocID>                         
		<Text>CLL (fortgeschritten)</Text>	
		</GameDBLocalizedString>
		
        <GameDBLocalizedString>      
		<LocID>DIA_ONCO_BLC02_B_DESC</LocID>             
		<Text>Chronische lymphatische Leukämie (CLL) (fortgeschritten) (selten) ist eine langsam wachsende Leukämie, die die Entwicklung von B-Lymphozyten beeinflusst. B-Lymphozyten (auch als B-Zellen bezeichnet) sind spezialisierte weiße Blutkörperchen. Unter normalen Bedingungen produzieren sie Immunglobuline (auch Antikörper genannt), die unseren Körper vor Infektionen und Krankheiten schützen. Bei Menschen mit CLL verändern sich die Lymphozyten bösartig (krebsartig) und werden zu Leukämiezellen. Es ist wichtig zu betonen, dass CLL für viele Menschen über viele Monate und Jahre stabil bleibt und keine oder nur geringe Auswirkungen auf ihren Lebensstil oder ihre allgemeine Gesundheit hat. Ungefähr 30-50% der mit CLL diagnostizierten Menschen benötigen keine Behandlung für ihre Krankheit und können trotz ihrer Diagnose viele Jahre überleben. Da sich die CLL langsam entwickelt, haben viele Menschen keine Symptome, insbesondere im Frühstadium, und die Krankheit wird während einer routinemäßigen Blutuntersuchung entdeckt.</Text>	
		</GameDBLocalizedString>
		
		<GameDBLocalizedString>      
		<LocID>DIA_ONCO_BLC03_0</LocID>                         
		<Text>T-Zell-LGL-Leukämie</Text>	
		</GameDBLocalizedString>
		
        <GameDBLocalizedString>      
		<LocID>DIA_ONCO_BLC03_0_DESC</LocID>             
		<Text>T-Cell Large Granular Lymphocytic (LGL) -Leukämie ist eine Art chronischer Leukämie, die weiße Blutkörperchen, sogenannte "Lymphozyten", betrifft. Lymphozyten sind Teil des körpereigenen Immunsystems und helfen bei der Bekämpfung bestimmter Infektionen. LGL-Leukämie ist durch vergrößerte Lymphozyten gekennzeichnet, die auffällige Körnchen enthalten, die sichtbar werden, wenn das Blut unter dem Mikroskop untersucht wird. Es gibt zwei Arten von LGL-Leukämie: T-Zellen (T-LGL) und natürliche Killerzellen (NK-LGL). Die Häufigkeit von T-Zell- und NK-Zell-LGL-Leukämie liegt zwischen 2 und 5 Prozent. T-Zell-Lymphozyten-Leukämie (LGL) ist eine klonale Proliferation zytotoxischer T-Zellen, die Neutropenie, Anämie und / oder Thrombozytopenie verursacht. Diese Erkrankung ist häufig mit Autoimmunerkrankungen, insbesondere rheumatoider Arthritis, und anderen lymphoproliferativen Erkrankungen verbunden.</Text>	
		</GameDBLocalizedString>
		
		<GameDBLocalizedString>      
		<LocID>DIA_ONCO_BLC03_1</LocID>                         
		<Text>NK-Zell-LGL-Leukämie</Text>	
		</GameDBLocalizedString>
		
        <GameDBLocalizedString>      
		<LocID>DIA_ONCO_BLC03_1_DESC</LocID>             
		<Text>NK-Cell Large Granular Lymphocytic (LGL) -Leukämie ist eine Art chronischer Leukämie, die weiße Blutkörperchen, sogenannte "Lymphozyten", betrifft. Lymphozyten sind Teil des körpereigenen Immunsystems und helfen bei der Bekämpfung bestimmter Infektionen. LGL-Leukämie ist durch vergrößerte Lymphozyten gekennzeichnet, die auffällige Körnchen enthalten, die sichtbar werden, wenn das Blut unter dem Mikroskop untersucht wird. Es gibt zwei Arten von LGL-Leukämie: T-Zellen (T-LGL) und natürliche Killerzellen (NK-LGL). Die Häufigkeit von T-Zell- und NK-Zell-LGL-Leukämie liegt zwischen 2 und 5 Prozent. Die Mehrheit der Patienten mit NK-Zell-Leukämie ist asymptomatisch, aber Patienten mit einer aggressiven Variante haben normalerweise Hepatomegalie und Splenomegalie und häufig B-Symptome. Etwa ein Drittel hat eine Lymphadenopathie, und es kann auch zu einer extranodalen Beteiligung kommen. Im Durchschnitt sind die Patienten jünger als diejenigen mit T-Zell-LGL-Leukämie.</Text>	
		</GameDBLocalizedString>
		
		<GameDBLocalizedString>      
		<LocID>DIA_ONCO_BLC03_2</LocID>                         
		<Text>T-Zell-Prolymphozyten-Leukämie</Text>	
		</GameDBLocalizedString>
		
        <GameDBLocalizedString>      
		<LocID>DIA_ONCO_BLC03_2_DESC</LocID>             
		<Text>T-Zell-Prolymphozyten-Leukämie (T-PLL) ist eine äußerst seltene und typischerweise aggressive Malignität (Krebs), die durch das unkontrollierte Wachstum reifer T-Zellen (T-Lymphozyten) gekennzeichnet ist. T-Zellen sind eine Art weiße Blutkörperchen, die den Körper vor Infektionen schützen. T-PLL betrifft ältere Erwachsene mit einem Durchschnittsalter zum Zeitpunkt der Diagnose von 61 Jahren und ist bei Männern häufiger als bei Frauen. Anormale Veränderungen (Mutationen) in den Genen einer T-Zelle können dazu führen, dass eine normale, gesunde T-Zelle zu einer Krebszelle wird. Diese genetischen Fehler in der mutierten T-Zelle veranlassen die Zelle, weiter zu wachsen und sich zu teilen, wenn eine gesunde Zelle normalerweise aufhört, sich zu teilen und schließlich stirbt. Jede Zelle, die aus der anfänglichen Leukämiezelle hervorgeht, hat auch dieselbe mutierte DNA. Infolgedessen vermehrt sich mit der Zeit die Anzahl der Leukämiezellen und kann im Blut zu anderen Stellen wandern, einschließlich Knochenmark, Milz, Leber, Lymphknoten und manchmal Haut.</Text>	
		</GameDBLocalizedString>
		
		<GameDBLocalizedString>      
		<LocID>DIA_ONCO_BLC04_0</LocID>                         
		<Text>Akute myeloische Leukämie</Text>	
		</GameDBLocalizedString>
		
        <GameDBLocalizedString>      
		<LocID>DIA_ONCO_BLC04_0_DESC</LocID>             
		<Text>Akute myeloische Leukämie entsteht, wenn der Körper zu viele unreife weiße Blutkörperchen bildet, die als myeloische Blasten, auch Myeloblasten genannt, bekannt sind. Die Myeloblasten vermehren sich außer Kontrolle und teilen sich weiter, aber reifen nie zu normalen Zellen heran. Die abnormalen Blasten sind als Leukämiezellen bekannt. Da die Leukämiezellen unreif und abnormal sind, erfüllen sie nicht die übliche Infektionsbekämpfungsfunktion der weißen Blutkörperchen. Sie verdrängen auch normale weiße Blutkörperchen, die dann nicht richtig funktionieren können. Dies erhöht das Infektionsrisiko.</Text>	
		</GameDBLocalizedString>
		
		<GameDBLocalizedString>      
		<LocID>DIA_ONCO_BLC05_A</LocID>                         
		<Text>CML (Chronische Phase)</Text>	
		</GameDBLocalizedString>
		
        <GameDBLocalizedString>      
		<LocID>DIA_ONCO_BLC05_A_DESC</LocID>             
		<Text>Chronische myeloische Leukämie (CML) (chronische Phase) ist eine Krebsart, die das Blut und das Knochenmark betrifft. Bei der CML produziert das Knochenmark zu viele weiße Blutkörperchen, sogenannte Granulozyten. Diese Zellen (manchmal als Blasten oder Leukämie-Blasten bezeichnet) bedrängen das Knochenmark allmählich und stören die normale Blutkörperchenproduktion. Sie laufen auch aus dem Knochenmark aus und zirkulieren im Blutkreislauf um den Körper. Da sie noch nicht ausgereift sind, können sie Infektionen nicht richtig bekämpfen. Ein Mangel an roten Blutkörperchen und Blutplättchen kann mit der Zeit zu Blutarmut, Blutungen und / oder Blutergüssen führen. Insgesamt ist CML eine seltene Erkrankung, die rund 0,03% aller diagnostizierten Krebserkrankungen ausmacht. Viele Menschen mit chronischer myeloischer Leukämie (CML) haben keine Symptome. Chronisch - Die Anzahl der weißen Blutkörperchen ist erhöht, und im Blut und im Knochenmark befindet sich eine kleine Anzahl von unreifen Zellen, die als Blastenzellen bezeichnet werden.</Text>	
		</GameDBLocalizedString>
		
		<GameDBLocalizedString>      
		<LocID>DIA_ONCO_BLC05_B</LocID>                         
		<Text>CML (Beschleunigte  Phase)</Text>	
		</GameDBLocalizedString>
		
        <GameDBLocalizedString>      
		<LocID>DIA_ONCO_BLC05_B_DESC</LocID>             
		<Text>Chronische myeloische Leukämie (CML) (Accelerated Phase) ist eine Krebsart, die sich auf Blut und Knochenmark auswirkt. Bei der CML produziert das Knochenmark zu viele weiße Blutkörperchen, sogenannte Granulozyten. Diese Zellen (manchmal als Blasten oder Leukämie-Blasten bezeichnet) bedrängen das Knochenmark allmählich und stören die normale Blutkörperchenproduktion. Sie laufen auch aus dem Knochenmark aus und zirkulieren im Blutkreislauf um den Körper. Da sie noch nicht ausgereift sind, können sie Infektionen nicht richtig bekämpfen. Ein Mangel an roten Blutkörperchen und Blutplättchen kann mit der Zeit zu Blutarmut, Blutungen und / oder Blutergüssen führen. Insgesamt ist CML eine seltene Erkrankung, die rund 0,03% aller diagnostizierten Krebserkrankungen ausmacht. Viele Menschen mit chronischer myeloischer Leukämie (CML) haben keine Symptome. Beschleunigt - In der beschleunigten Phase ist die Anzahl der unreifen Blastenzellen angestiegen, und manchmal treten zusätzlich zum Ph-Chromosom neue Chromosomenveränderungen auf.</Text>	
		</GameDBLocalizedString>
		
		<GameDBLocalizedString>      
		<LocID>DIA_ONCO_BLC05_C</LocID>                         
		<Text>CML (Explosionsphase)</Text>	
		</GameDBLocalizedString>
		
        <GameDBLocalizedString>      
		<LocID>DIA_ONCO_BLC05_C_DESC</LocID>             
		<Text>Chronische myeloische Leukämie (CML) (Explosionsphase) ist eine Krebsart, die sich auf Blut und Knochenmark auswirkt. Bei der CML produziert das Knochenmark zu viele weiße Blutkörperchen, sogenannte Granulozyten. Diese Zellen (manchmal als Blasten oder Leukämie-Blasten bezeichnet) bedrängen das Knochenmark allmählich und stören die normale Blutkörperchenproduktion. Sie laufen auch aus dem Knochenmark aus und zirkulieren im Blutkreislauf um den Körper. Da sie noch nicht ausgereift sind, können sie Infektionen nicht richtig bekämpfen. Ein Mangel an roten Blutkörperchen und Blutplättchen kann mit der Zeit zu Blutarmut, Blutungen und / oder Blutergüssen führen. Insgesamt ist CML eine seltene Erkrankung, die rund 0,03% aller diagnostizierten Krebserkrankungen ausmacht. Viele Menschen mit chronischer myeloischer Leukämie (CML) haben keine Symptome. Explosionskrise - Explosionsphase (auch "Explosionskrise" genannt). Die Explosionsphase tritt auf und verhält sich wie die akute Form der myeloischen Leukämie.</Text>	
		</GameDBLocalizedString>
		
		<GameDBLocalizedString>      
		<LocID>DIA_ONCO_BLC06_0</LocID>                         
		<Text>Haarzellen-Leukämie</Text>	
		</GameDBLocalizedString>
		
        <GameDBLocalizedString>      
		<LocID>DIA_ONCO_BLC06_0_DESC</LocID>             
		<Text>Haarzellen-Leukämie (HCL) ist eine seltene Form der chronischen Leukämie des Lymphsystems, bei der sich abnormale B-Lymphozyten im Knochenmark, in der Leber und in der Milz ansammeln. Unter dem Mikroskop sieht man, dass diese Zellen winzige haarartige Vorsprünge auf ihrer Oberfläche haben, daher der Name „Haarzelle“.</Text>	
		</GameDBLocalizedString>

		<GameDBLocalizedString>      
		<LocID>DIA_ONCO_BLC06_1</LocID>                         
		<Text>Haarzellen-Leukämie-Variante</Text>	
		</GameDBLocalizedString>
		
        <GameDBLocalizedString>      
		<LocID>DIA_ONCO_BLC06_1_DESC</LocID>             
		<Text>Die Variante der Haarzellenleukämie (HCL-V) ist eine seltene und träge Form der kleinen, reifen B-Zell-Leukämie, die durch Splenomegalie, eine erhöhte Anzahl weißer Blutkörperchen (WBC) und hyperzelluläres Knochenmark gekennzeichnet ist. HCL-V ist aggressiver und therapieresistenter als klassisches HCL. Früher wurde angenommen, dass die HCL-Variante ein Subtyp von HCL ist. Im Jahr 2008 gelangte die Weltgesundheitsorganisation jedoch zu dem Schluss, dass es sich um eine von HCL getrennte und biologisch unterschiedliche Variante handelt. Die HCL-Variante ist seltener als HCL und verläuft klinisch anders.</Text>	
		</GameDBLocalizedString>
		
	</LocalizedStrings>
	</GameDBStringTable>
</Database>

