<Database>
	<GameDBStringTable ID="LOC_EN_ADDON_ONCOLOGYSL_SYMPTOMS">
	<LanguageCode>en</LanguageCode>
	<LanguageNameLocalized>English</LanguageNameLocalized>
	<Contributors>
	<Name>Sleepy068</Name>
	</Contributors>

	<LocalizedStrings>
	
	<GameDBLocalizedString>      
		<LocID>SYM_SLP_ACTINIC_KERATOSIS</LocID>                               
		<Text>Actinic Keratosis</Text>  
	</GameDBLocalizedString>
            
	<GameDBLocalizedString>      
		<LocID>SYM_SLP_ACTINIC_KERATOSIS_DESC</LocID>                   
		<Text>An actinic keratosis is a rough, scaly patch on the skin that develops from years of exposure to the sun.</Text>  
	</GameDBLocalizedString>
	
	<GameDBLocalizedString>      
		<LocID>SYM_SLP_NODULE_SKIN</LocID>                               
		<Text>Nodule on the skin</Text>  
	</GameDBLocalizedString>
            
	<GameDBLocalizedString>      
		<LocID>SYM_SLP_NODULE_SKIN_DESC</LocID>                   
		<Text>A small, shiny bump or nodule on the skin</Text>  
	</GameDBLocalizedString>
	
	<GameDBLocalizedString>      
		<LocID>SYM_ONCO_SC1_1_DETECTED</LocID>                               
		<Text>Basal Cell Carcinoma Detected</Text>  
	</GameDBLocalizedString>
            
	<GameDBLocalizedString>      
		<LocID>SYM_ONCO_SC1_1_DETECTED_DESC</LocID>                   
		<Text>Testing has detected Basal Cell Carcinoma with no signs of metastasis.</Text>  
	</GameDBLocalizedString>
	
	<GameDBLocalizedString>      
		<LocID>SYM_ONCO_SC1_2_DETECTED</LocID>                               
		<Text>Basal Cell Carcinoma Detected</Text>  
	</GameDBLocalizedString>
            
	<GameDBLocalizedString>      
		<LocID>SYM_ONCO_SC1_2_DETECTED_DESC</LocID>                   
		<Text>Testing has detected Basal Cell Carcinoma with no signs of metastasis.</Text>  
	</GameDBLocalizedString>
	
	<GameDBLocalizedString>      
		<LocID>SYM_SLP_PERINEURAL_INVASION</LocID>                               
		<Text>Perineural Invasion</Text>  
	</GameDBLocalizedString>
            
	<GameDBLocalizedString>      
		<LocID>SYM_SLP_PERINEURAL_INVASION_DESC</LocID>                   
		<Text>Perineural invasion, abbreviated PNI, refers to the invasion of cancer to the space surrounding a nerve.</Text>  
	</GameDBLocalizedString>
	
	<GameDBLocalizedString>      
		<LocID>SYM_ONCO_SC1_3_DETECTED</LocID>                               
		<Text>Basal Cell Carcinoma Detected</Text>  
	</GameDBLocalizedString>
            
	<GameDBLocalizedString>      
		<LocID>SYM_ONCO_SC1_3_DETECTED_DESC</LocID>                   
		<Text>Testing has detected Basal Cell Carcinoma with signs that it has spread to nearby lymph nodes and surrounding tissue.</Text>  
	</GameDBLocalizedString>
	
	<GameDBLocalizedString>      
		<LocID>SYM_ONCO_SC1_4_DETECTED</LocID>                               
		<Text>Basal Cell Carcinoma Detected</Text>  
	</GameDBLocalizedString>
            
	<GameDBLocalizedString>      
		<LocID>SYM_ONCO_SC1_4_DETECTED_DESC</LocID>                   
		<Text>Testing has detected Basal Cell Carcinoma with signs that it is metastatic.</Text>  
	</GameDBLocalizedString>
	
	<GameDBLocalizedString>      
		<LocID>SYM_SLP_METASTASIZED_CANCER</LocID>                               
		<Text>Metastatic Cancer</Text>  
	</GameDBLocalizedString>
            
	<GameDBLocalizedString>      
		<LocID>SYM_SLP_METASTASIZED_CANCER_DESC</LocID>                   
		<Text>Metastatic cancer is cancer that spreads from its site of origin to another part of the body.</Text>  
	</GameDBLocalizedString>
	
	<GameDBLocalizedString>      
		<LocID>SYM_SLP_CHRONIC_WOUND</LocID>                               
		<Text>Chronic Wound</Text>  
	</GameDBLocalizedString>
            
	<GameDBLocalizedString>      
		<LocID>SYM_SLP_CHRONIC_WOUND_DESC</LocID>                   
		<Text>Chronic wounds are sores that don’t heal within about three months. They can start small and might scab over again and again, but they don’t get better.</Text>  
	</GameDBLocalizedString>
	
	<GameDBLocalizedString>      
		<LocID>SYM_ONCO_SC2_1_DETECTED</LocID>                               
		<Text>Squamous Cell Carcinoma Detected</Text>  
	</GameDBLocalizedString>
            
	<GameDBLocalizedString>      
		<LocID>SYM_ONCO_SC2_1_DETECTED_DESC</LocID>                   
		<Text>Testing has detected Squamous Cell Carcinoma with no signs of metastasis.</Text>  
	</GameDBLocalizedString>
	
	<GameDBLocalizedString>      
		<LocID>SYM_ONCO_SC2_2_DETECTED</LocID>                               
		<Text>Squamous Cell Carcinoma Detected</Text>  
	</GameDBLocalizedString>
            
	<GameDBLocalizedString>      
		<LocID>SYM_ONCO_SC2_2_DETECTED_DESC</LocID>                   
		<Text>Testing has detected Squamous Cell Carcinoma with no signs of metastasis.</Text>  
	</GameDBLocalizedString>
	
	<GameDBLocalizedString>      
		<LocID>SYM_ONCO_SC2_3_DETECTED</LocID>                               
		<Text>Squamous Cell Carcinoma Detected</Text>  
	</GameDBLocalizedString>
            
	<GameDBLocalizedString>      
		<LocID>SYM_ONCO_SC2_3_DETECTED_DESC</LocID>                   
		<Text>Testing has detected Squamous Cell Carcinoma with signs that it has spread to nearby lymph nodes and surrounding tissue.</Text>  
	</GameDBLocalizedString>
	
	<GameDBLocalizedString>      
		<LocID>SYM_ONCO_SC2_4_DETECTED</LocID>                               
		<Text>Squamous Cell Carcinoma Detected</Text>  
	</GameDBLocalizedString>
            
	<GameDBLocalizedString>      
		<LocID>SYM_ONCO_SC2_4_DETECTED_DESC</LocID>                   
		<Text>Testing has detected Squamous Cell Carcinoma with signs that it is metastatic.</Text>  
	</GameDBLocalizedString>
	
	<GameDBLocalizedString>      
		<LocID>SYM_SLP_ABNORMAL_MOLE</LocID>                               
		<Text>Abnormal Mole</Text>  
	</GameDBLocalizedString>
            
	<GameDBLocalizedString>      
		<LocID>SYM_SLP_ABNORMAL_MOLE_DESC</LocID>                   
		<Text>A mole with an uneven border, unusual color, or change in growth.</Text>  
	</GameDBLocalizedString>
	
	<GameDBLocalizedString>      
		<LocID>SYM_ONCO_SC3_1_DETECTED</LocID>                               
		<Text>Melanoma Detected</Text>  
	</GameDBLocalizedString>
            
	<GameDBLocalizedString>      
		<LocID>SYM_ONCO_SC3_1_DETECTED_DESC</LocID>                   
		<Text>Testing has detected Melanoma with no signs that it is metastatic.</Text>  
	</GameDBLocalizedString>

	<GameDBLocalizedString>      
		<LocID>SYM_ONCO_SC3_2_DETECTED</LocID>                               
		<Text>Melanoma Detected</Text>  
	</GameDBLocalizedString>
            
	<GameDBLocalizedString>      
		<LocID>SYM_ONCO_SC3_2_DETECTED_DESC</LocID>                   
		<Text>Testing has detected Melanoma with no signs that it is metastatic.</Text>  
	</GameDBLocalizedString>

	<GameDBLocalizedString>      
		<LocID>SYM_ONCO_SC3_3_DETECTED</LocID>                               
		<Text>Melanoma Detected</Text>  
	</GameDBLocalizedString>
            
	<GameDBLocalizedString>      
		<LocID>SYM_ONCO_SC3_3_DETECTED_DESC</LocID>                   
		<Text>Testing has detected Melanoma with signs that it has spread to nearby lymph nodes and surrounding tissue.</Text>  
	</GameDBLocalizedString>
	
	<GameDBLocalizedString>      
		<LocID>SYM_ONCO_SC3_4_DETECTED</LocID>                               
		<Text>Melanoma Detected</Text>  
	</GameDBLocalizedString>
            
	<GameDBLocalizedString>      
		<LocID>SYM_ONCO_SC3_4_DETECTED_DESC</LocID>                   
		<Text>Testing has detected Melanoma with signs that it is metastatic</Text>  
	</GameDBLocalizedString>
	
	<GameDBLocalizedString>      
		<LocID>SYM_SLP_HIGH_EPLVL</LocID>                               
		<Text>High Epinephrine Levels</Text>  
	</GameDBLocalizedString>
            
	<GameDBLocalizedString>      
		<LocID>SYM_SLP_HIGH_EPLVL_DESC</LocID>                   
		<Text>The patient has elevated blood levels of epinephrine (adrenaline). Adrenaline is normally produced by both the adrenal glands and a small number of neurons in the medulla oblongata. </Text>  
	</GameDBLocalizedString>
	
	<GameDBLocalizedString>      
		<LocID>SYM_SLP_HIGH_NEPLVL</LocID>                               
		<Text>High Norepinephrine Levels</Text>  
	</GameDBLocalizedString>
            
	<GameDBLocalizedString>      
		<LocID>SYM_SLP_HIGH_NEPLVL_DESC</LocID>                   
		<Text>The patient has elevated blood levels of norepinephrine (noradrenaline). Norepinephrine is a naturally occurring chemical in the body that acts as both a stress hormone and neurotransmitter. It's released into the blood as a stress hormone when the brain perceives that a stressful event has occurred. </Text>  
	</GameDBLocalizedString>
	
	<GameDBLocalizedString>      
		<LocID>SYM_ONCO_AGC1_0_DETECTED</LocID>                               
		<Text>Pheochromocytoma Detected</Text>  
	</GameDBLocalizedString>
            
	<GameDBLocalizedString>      
		<LocID>SYM_ONCO_AGC1_0_DETECTED_DESC</LocID>                   
		<Text>Testing has detected Pheochromocytoma with evidence it is only localised.</Text>  
	</GameDBLocalizedString>
	
	<GameDBLocalizedString>      
		<LocID>SYM_ONCO_AGC1_1_DETECTED</LocID>                               
		<Text>Pheochromocytoma Detected</Text>  
	</GameDBLocalizedString>
            
	<GameDBLocalizedString>      
		<LocID>SYM_ONCO_AGC1_1_DETECTED_DESC</LocID>                   
		<Text>Testing has detected Pheochromocytoma with evidence it is regional.</Text>  
	</GameDBLocalizedString>
	
	<GameDBLocalizedString>      
		<LocID>SYM_ONCO_AGC1_2_DETECTED</LocID>                               
		<Text>Pheochromocytoma Detected</Text>  
	</GameDBLocalizedString>
            
	<GameDBLocalizedString>      
		<LocID>SYM_ONCO_AGC1_2_DETECTED_DESC</LocID>                   
		<Text>Testing has detected Pheochromocytoma with evidence it is metastatic.</Text>  
	</GameDBLocalizedString>
	
	<GameDBLocalizedString>      
		<LocID>SYM_ONCO_LC_0_DETECTED</LocID>                               
		<Text>Non-Small Cell Lung Cancer (NSCLC) Detected</Text>  
	</GameDBLocalizedString>
            
	<GameDBLocalizedString>      
		<LocID>SYM_ONCO_LC_0_DETECTED_DESC</LocID>                   
		<Text>Testing has detected Non-Small Cell Lung Cancer with evidence it is only localised.</Text>  
	</GameDBLocalizedString>
	
	<GameDBLocalizedString>      
		<LocID>SYM_ONCO_LC_1_DETECTED</LocID>                               
		<Text>Non-Small Cell Lung Cancer (NSCLC) Detected</Text>  
	</GameDBLocalizedString>
            
	<GameDBLocalizedString>      
		<LocID>SYM_ONCO_LC_1_DETECTED_DESC</LocID>                   
		<Text>Testing has detected Non-Small Cell Lung Cancer with evidence it is regional.</Text>  
	</GameDBLocalizedString>
	
	<GameDBLocalizedString>      
		<LocID>SYM_SL_SEIZURES</LocID>                               
		<Text>Seizures</Text>  
	</GameDBLocalizedString>
            
	<GameDBLocalizedString>      
		<LocID>SYM_SL_SEIZURES_DESC</LocID>                   
		<Text>A seizure is a sudden, uncontrolled electrical disturbance in the brain. It can cause changes in your behavior, movements or feelings, and in levels of consciousness.</Text>  
	</GameDBLocalizedString>

	<GameDBLocalizedString>      
		<LocID>SYM_ONCO_LC_2_DETECTED</LocID>                               
		<Text>Non-Small Cell Lung Cancer (NSCLC) Detected</Text>  
	</GameDBLocalizedString>
            
	<GameDBLocalizedString>      
		<LocID>SYM_ONCO_LC_2_DETECTED_DESC</LocID>                   
		<Text>Testing has detected Non-Small Cell Lung Cancer with evidence it is metastatic.</Text>  
	</GameDBLocalizedString>
	
	<GameDBLocalizedString>      
		<LocID>SYM_SL_HEMOPTYSIS</LocID>                               
		<Text>Hemoptysis</Text>  
	</GameDBLocalizedString>
            
	<GameDBLocalizedString>      
		<LocID>SYM_SL_HEMOPTYSIS_DESC</LocID>                   
		<Text>Hemoptysis is the coughing up of blood or blood-stained mucus from the bronchi, larynx, trachea, or lungs. In other words, it is the airway bleeding. This can occur with lung cancer, infections such as tuberculosis, bronchitis, or pneumonia, and certain cardiovascular conditions.</Text>  
	</GameDBLocalizedString>
	
	<GameDBLocalizedString>      
		<LocID>SYM_ONCO_LC1_0_DETECTED</LocID>                               
		<Text>Small Cell Lung Cancer (SCLC) Detected</Text>  
	</GameDBLocalizedString>
            
	<GameDBLocalizedString>      
		<LocID>SYM_ONCO_LC1_0_DETECTED_DESC</LocID>                   
		<Text>Testing has detected Small Cell Lung Cancer with evidence it is in limited state.</Text>  
	</GameDBLocalizedString>

	<GameDBLocalizedString>      
		<LocID>SYM_ONCO_LC1_1_DETECTED</LocID>                               
		<Text>Small Cell Lung Cancer (SCLC) Detected</Text>  
	</GameDBLocalizedString>
            
	<GameDBLocalizedString>      
		<LocID>SYM_ONCO_LC1_1_DETECTED_DESC</LocID>                   
		<Text>Testing has detected Small Cell Lung Cancer with evidence it is in extensive state.</Text>  
	</GameDBLocalizedString>
	
	<GameDBLocalizedString>      
		<LocID>SYM_SLP_NERVE_DAMAGE</LocID>                               
		<Text>Postoperative Neuropathic Pain</Text>  
	</GameDBLocalizedString>
            
	<GameDBLocalizedString>      
		<LocID>SYM_SLP_NERVE_DAMAGE_DESC</LocID>                   
		<Text>Postoperative neuropathic pain (PONP) can develop if nerves were damaged during a surgery. Damaged nerves cannot correctly transmit signals from various parts of the body to the brain. Instead, these signals become exaggerated, causing chronic pain that may persist for months or even years.</Text>  
	</GameDBLocalizedString>

	<GameDBLocalizedString>      
		<LocID>SYM_SLP_NERVE_DAMAGE</LocID>                               
		<Text>Anaphylactic Shock</Text>  
	</GameDBLocalizedString>
            
	<GameDBLocalizedString>      
		<LocID>SYM_SLP_NERVE_DAMAGE_DESC</LocID>                   
		<Text>Anaphylactic shock is a rare but severe allergic reaction that can be deadly if you don't treat it right away. It's most often caused by an allergy to food, insect bites, or certain medications.</Text>  
	</GameDBLocalizedString>
	
	<GameDBLocalizedString>      
		<LocID>SYM_ONCO_BC1_0_DETECTED</LocID>                               
		<Text>Colorectal Adenocarcinoma Detected</Text>  
	</GameDBLocalizedString>
            
	<GameDBLocalizedString>      
		<LocID>SYM_ONCO_BC1_0_DETECTED_DESC</LocID>                   
		<Text>Testing has detected Colorectal Adenocarcinoma with evidence it is only localised.</Text>  
	</GameDBLocalizedString>
	
	<GameDBLocalizedString>      
		<LocID>SYM_ONCO_BC1_1_DETECTED</LocID>                               
		<Text>Colorectal Adenocarcinoma Detected</Text>  
	</GameDBLocalizedString>
            
	<GameDBLocalizedString>      
		<LocID>SYM_ONCO_BC1_1_DETECTED_DESC</LocID>                   
		<Text>Testing has detected Colorectal Adenocarcinoma with evidence it is regional.</Text>  
	</GameDBLocalizedString>
	
	<GameDBLocalizedString>      
		<LocID>SYM_ONCO_BC1_2_DETECTED</LocID>                               
		<Text>Colorectal Adenocarcinoma Detected</Text>  
	</GameDBLocalizedString>
            
	<GameDBLocalizedString>      
		<LocID>SYM_ONCO_BC1_2_DETECTED_DESC</LocID>                   
		<Text>Testing has detected Colorectal Adenocarcinoma with evidence it is metastatic.</Text>  
	</GameDBLocalizedString>
	
	<GameDBLocalizedString>      
		<LocID>SYM_SLP_HIGH_CEALVL</LocID>                               
		<Text>High Carcinoembryonic Antigen Levels</Text>  
	</GameDBLocalizedString>
            
	<GameDBLocalizedString>      
		<LocID>SYM_SLP_HIGH_CEALVL_DESC</LocID>                   
		<Text>The patient has elevated blood levels of carcinoembryonic antigen. A high level of CEA can be a sign of certain types of cancers. These include cancers of the colon and rectum, prostate, ovary, lung, thyroid, or liver. High CEA levels may also be a sign of some noncancerous conditions, such as cirrhosis, noncancerous breast disease, and emphysema.</Text> 
	</GameDBLocalizedString>
	
	<GameDBLocalizedString>      
		<LocID>SYM_SLP_POLYPS</LocID>                               
		<Text>Colorectal Polyp</Text>  
	</GameDBLocalizedString>
            
	<GameDBLocalizedString>      
		<LocID>SYM_SLP_POLYPS_DESC</LocID>                   
		<Text>A polyp is a growth of tissue on the lining of the colon and rectum that projects into the intestines. People with colon polyps usually have no symptoms. Most colon polyps are harmless, though some types can become cancerous.</Text> 
	</GameDBLocalizedString>
	
	<GameDBLocalizedString>      
		<LocID>SYM_ONCO_AGC2_0_DETECTED</LocID>                               
		<Text>Adrenocortical Carcinoma Detected</Text>  
	</GameDBLocalizedString>
            
	<GameDBLocalizedString>      
		<LocID>SYM_ONCO_AGC2_0_DETECTED_DESC</LocID>                   
		<Text>Testing has detected Adrenocortical Carcinoma with evidence it is only localised.</Text>  
	</GameDBLocalizedString>
	
	<GameDBLocalizedString>      
		<LocID>SYM_ONCO_AGC2_1_DETECTED</LocID>                               
		<Text>Adrenocortical Carcinoma Detected</Text>  
	</GameDBLocalizedString>
            
	<GameDBLocalizedString>      
		<LocID>SYM_ONCO_AGC2_1_DETECTED_DESC</LocID>                   
		<Text>Testing has detected Adrenocortical Carcinoma with evidence it is regional.</Text>  
	</GameDBLocalizedString>
	
	<GameDBLocalizedString>      
		<LocID>SYM_ONCO_AGC2_2_DETECTED</LocID>                               
		<Text>Adrenocortical Carcinoma Detected</Text>  
	</GameDBLocalizedString>
            
	<GameDBLocalizedString>      
		<LocID>SYM_ONCO_AGC2_2_DETECTED_DESC</LocID>                   
		<Text>Testing has detected Adrenocortical Carcinoma with evidence it is metastatic.</Text>  
	</GameDBLocalizedString>
	
	<GameDBLocalizedString>      
		<LocID>SYM_SLP_HYPONATREMIA</LocID>                               
		<Text>Hyponatremia</Text>  
	</GameDBLocalizedString>
            
	<GameDBLocalizedString>      
		<LocID>SYM_SLP_HYPONATREMIA_DESC</LocID>                   
		<Text>Hyponatremia occurs when the concentration of sodium in your blood is abnormally low. Sodium is an electrolyte, and it helps regulate the amount of water that's in and around your cells.</Text> 
	</GameDBLocalizedString>
	
	<GameDBLocalizedString>      
		<LocID>SYM_SLP_HYPERGLYCEMIA</LocID>                               
		<Text>Hyperglycemia</Text>  
	</GameDBLocalizedString>
            
	<GameDBLocalizedString>      
		<LocID>SYM_SLP_HYPERGLYCEMIA_DESC</LocID>                   
		<Text>Hyperglycemia is the technical term for high blood glucose (blood sugar). High blood sugar happens when the body has too little insulin or when the body can't use insulin properly.</Text> 
	</GameDBLocalizedString>
	
	<GameDBLocalizedString>      
		<LocID>SYM_SLP_HYPERCORTISOL</LocID>                               
		<Text>Hypercortisolism</Text>  
	</GameDBLocalizedString>
            
	<GameDBLocalizedString>      
		<LocID>SYM_SLP_HYPERCORTISOL_DESC</LocID>                   
		<Text>Cushing's syndrome, also called hypercortisolism, is a rare endocrine disorder caused by chronic exposure of the body's tissues to excess levels of cortisol - a hormone naturally produced by the adrenal gland.</Text> 
	</GameDBLocalizedString>
	
	<GameDBLocalizedString>      
		<LocID>SYM_SLP_HYPERALDOSTERONISM</LocID>                               
		<Text>Hyperaldosteronism</Text>  
	</GameDBLocalizedString>
            
	<GameDBLocalizedString>      
		<LocID>SYM_SLP_HYPERALDOSTERONISM_DESC</LocID>                   
		<Text>Hyperaldosteronism is a disease in which the adrenal gland(s) make too much aldosterone which leads to hypertension (high blood pressure) and low blood potassium levels. Primary hyperaldosteronism can be caused by either hyperactivity in one adrenal gland (unilateral disease) or both (bilateral disease).</Text> 
	</GameDBLocalizedString>
	
	<GameDBLocalizedString>      
		<LocID>SYM_ONCO_MC001_0_DETECTED</LocID>                               
		<Text>Gastrointestinal NET Detected</Text>  
	</GameDBLocalizedString>
            
	<GameDBLocalizedString>      
		<LocID>SYM_ONCO_MC001_0_DETECTED_DESC</LocID>                   
		<Text>Testing has detected a Gastrointestinal Neuroendocrine Tumor with evidence it is in limited state.</Text>  
	</GameDBLocalizedString>
	
	<GameDBLocalizedString>      
		<LocID>SYM_ONCO_MC001_1_DETECTED</LocID>                               
		<Text>Gastrointestinal NET Detected</Text>  
	</GameDBLocalizedString>
            
	<GameDBLocalizedString>      
		<LocID>SYM_ONCO_MC001_1_DETECTED_DESC</LocID>                   
		<Text>Testing has detected a Gastrointestinal Neuroendocrine Tumor with evidence it is in extensive state.</Text>  
	</GameDBLocalizedString>
	
	<GameDBLocalizedString>      
		<LocID>SYM_SLP_LARGE_LYMPHNODE</LocID>                               
		<Text>Lymphadenitis</Text>  
	</GameDBLocalizedString>
            
	<GameDBLocalizedString>      
		<LocID>SYM_SLP_LARGE_LYMPHNODE_DESC</LocID>                   
		<Text>Lymphadenitis (Swollen Lymph Nodes) is when Lymph nodes become swollen in response to illness, infection, or stress. Swollen lymph nodes are one sign that your lymphatic system is working to rid your body of the responsible agents. Immune system glands usually enlarge in response to a bacterial or viral infection, but sudden swelling of many lymph nodes may indicate cancer.</Text>  
	</GameDBLocalizedString>
	
	<GameDBLocalizedString>      
		<LocID>SYM_SLP_ELAVATED_5HIAA</LocID>                               
		<Text>Elevated 5-HIAA Levels</Text>  
	</GameDBLocalizedString>
            
	<GameDBLocalizedString>      
		<LocID>SYM_SLP_ELAVATED_5HIAA_DESC</LocID>                   
		<Text>The patient has elevated levels of 5-HIAA (5-hydroxyindoleacetic acid) in their urine. Serotonin, measured in urine as 5 hydroxyindoleacetic acid (5HIAA). Elevated levels of 5HIAA is correlated with carcinoid syndrome and carcinoid crises. Prolonged exposure of the heart valves to high levels of serotonin is associated with complications of the disease.</Text>  
	</GameDBLocalizedString>
	
	<GameDBLocalizedString>      
		<LocID>SYM_SLP_CGA_BL_DETECTED</LocID>                               
		<Text>Elevated Chromogranin-A Levels</Text>  
	</GameDBLocalizedString>
            
	<GameDBLocalizedString>      
		<LocID>SYM_SLP_CGA_BL_DETECTED_DESC</LocID>                   
		<Text>The patient has elevated levels of the tumor marker Chromogranin-A in their blood. Chromogranin A (CgA) is a general marker associated with all carcinoid tumors. It is a protein produced by tumor cells and released. Chromogranin A is associated with other hormones and may be involved in their regulation. There is a normal level of Chromogranin A in the blood, and the range currently is roughly less than 39ng/L.</Text>  
	</GameDBLocalizedString>
	
	<GameDBLocalizedString>      
		<LocID>SYM_SLP_CARCINOID_CRISIS</LocID>                               
		<Text>Carcinoid Crisis</Text>  
	</GameDBLocalizedString>
            
	<GameDBLocalizedString>      
		<LocID>SYM_SLP_CARCINOID_CRISIS_DESC</LocID>                   
		<Text>Carcinoid crisis is a life-threatening form of carcinoid syndrome that results from the release of an overwhelming amount of biologically active compounds from the tumor that may be triggered by extreme stress, tumor manipulation (biopsy or surgery) or by anesthesia.</Text>  
	</GameDBLocalizedString>
	
	<GameDBLocalizedString>      
		<LocID>SYM_SLP_ANAPHYLACTIC_SHOCK</LocID>                               
		<Text>Anaphylactic Shock</Text>  
	</GameDBLocalizedString>
            
	<GameDBLocalizedString>      
		<LocID>SYM_SLP_ANAPHYLACTIC_SHOCK_DESC</LocID>                   
		<Text>Anaphylactic shock is a rare but severe allergic reaction that can be deadly if you don't treat it right away. It's most often caused by an allergy to food, insect bites, or certain medications. A shot of a drug called epinephrine is needed immediately.</Text>  
	</GameDBLocalizedString>
	
	<!-- Blood Cancer Symptoms -->
	
	<GameDBLocalizedString>      
		<LocID>SYM_SLP_UNUSUAL_INFECT</LocID>                               
		<Text>Unusual Infection</Text>  
	</GameDBLocalizedString>
            
	<GameDBLocalizedString>      
		<LocID>SYM_SLP_UNUSUAL_INFECT_DESC</LocID>                   
		<Text>An infection that has an unknown cause or exhibits properties that are unusual.</Text>  
	</GameDBLocalizedString>
	
	<GameDBLocalizedString>      
		<LocID>SYM_SLP_FREQUENT_INFECT</LocID>                               
		<Text>Frequent Infections</Text>  
	</GameDBLocalizedString>
            
	<GameDBLocalizedString>      
		<LocID>SYM_SLP_FREQUENT_INFECT_DESC</LocID>                   
		<Text>Frequent infections are infections that are too great in number, too severe, or too long lasting. Frequent or recurrent infections can occur because the body isn’t producing enough white blood cells to keep the immune system working properly.</Text>  
	</GameDBLocalizedString>
	
	<GameDBLocalizedString>      
		<LocID>SYM_SLP_LYMPHOCYTOSIS</LocID>                               
		<Text>Lymphocytosis</Text>  
	</GameDBLocalizedString>
            
	<GameDBLocalizedString>      
		<LocID>SYM_SLP_LYMPHOCYTOSIS_DESC</LocID>                   
		<Text>Lymphocytosis is a higher-than-normal amount of lymphocytes, a subtype of white blood cells, in the body. Lymphocytes are part of your immune system and work to fight off infections.</Text>  
	</GameDBLocalizedString>
	
	<GameDBLocalizedString>      
		<LocID>SYM_SLP_PETECHIAE</LocID>                               
		<Text>Petechiae</Text>  
	</GameDBLocalizedString>
            
	<GameDBLocalizedString>      
		<LocID>SYM_SLP_PETECHIAE_DESC</LocID>                   
		<Text>Petechiae are tiny, circular, non-raised patches that appear on the skin or in a mucous or serous membrane. They occur as the result of bleeding under the skin.</Text>  
	</GameDBLocalizedString>
	
	<GameDBLocalizedString>      
		<LocID>SYM_SLP_BLEEDING_GUM</LocID>                               
		<Text>Bleeding Gums</Text>  
	</GameDBLocalizedString>
            
	<GameDBLocalizedString>      
		<LocID>SYM_SLP_BLEEDING_GUM_DESC</LocID>                   
		<Text>Bleeding gums are the most common symptom of gum disease. But it can also point to other health problems. Occasional bleeding of the gums can be caused by brushing your teeth too vigorously or wearing dentures that don’t fit correctly. Frequent gum bleeding may also indicate more serious problems.</Text>  
	</GameDBLocalizedString>
	
	<GameDBLocalizedString>      
		<LocID>SYM_SLP_HIGH_TCOUNT</LocID>                               
		<Text>High T-Cell Count</Text>  
	</GameDBLocalizedString>
            
	<GameDBLocalizedString>      
		<LocID>SYM_SLP_HIGH_TCOUNT_DESC</LocID>                   
		<Text>A high T cell count can be due to: infectious mononucleosis, also known as mono or “the kissing disease” acute lymphocytic leukemia (ALL), a type of cancer that affects the WBCs. multiple myeloma, a type of cancer that affects the plasma cells in bone marrow.</Text>  
	</GameDBLocalizedString>
	
	<GameDBLocalizedString>      
		<LocID>SYM_SLP_RC_APLASIA</LocID>                               
		<Text>Red Cell Aplasia</Text>  
	</GameDBLocalizedString>
            
	<GameDBLocalizedString>      
		<LocID>SYM_SLP_RC_APLASIA_DESC</LocID>                   
		<Text>Pure red cell aplasia (PRCA) or erythroblastopenia refers to a type of anemia affecting the precursors to red blood cells but not to white blood cells. In PRCA, the bone marrow ceases to produce red blood cells. There are multiple etiologies that can cause PRCA.</Text>  
	</GameDBLocalizedString>
	
	<GameDBLocalizedString>      
		<LocID>SYM_SLP_CHRONIC_NEUT</LocID>                               
		<Text>Neutropenia</Text>  
	</GameDBLocalizedString>
            
	<GameDBLocalizedString>      
		<LocID>SYM_SLP_CHRONIC_NEUT_DESC</LocID>                   
		<Text>Neutropenia is when a person has a low level of neutrophils. Neutrophils are a type of white blood cell. All white blood cells help the body fight infection. Neutrophils fight infection by destroying harmful bacteria and fungi (yeast) that invade the body. Neutrophils are made in the bone marrow.</Text>  
	</GameDBLocalizedString>
	
	<GameDBLocalizedString>      
		<LocID>SYM_SLP_SPLENOMEGALY</LocID>                               
		<Text>Splenomegaly</Text>  
	</GameDBLocalizedString>
            
	<GameDBLocalizedString>      
		<LocID>SYM_SLP_SPLENOMEGALY_DESC</LocID>                   
		<Text>Splenomegaly is a condition that occurs when your spleen becomes enlarged. It’s also commonly referred to as enlarged spleen or spleen enlargement.</Text>  
	</GameDBLocalizedString>
	
	<GameDBLocalizedString>      
		<LocID>SYM_SLP_RUP_SPLENOMEGALY</LocID>                               
		<Text>Ruptured Spleen</Text>  
	</GameDBLocalizedString>
            
	<GameDBLocalizedString>      
		<LocID>SYM_SLP_RUP_SPLENOMEGALY_DESC</LocID>                   
		<Text>A ruptured spleen is an emergency medical condition that occurs when the capsule-like covering of the spleen breaks open, pouring blood into your abdominal area. Depending on the size of the rupture, a large amount of internal bleeding can occur.</Text>  
	</GameDBLocalizedString>
	
	<GameDBLocalizedString>      
		<LocID>SYM_SLP_HEPATOMEGALY</LocID>                               
		<Text>Hepatomegaly</Text>  
	</GameDBLocalizedString>
            
	<GameDBLocalizedString>      
		<LocID>SYM_SLP_HEPATOMEGALY_DESC</LocID>                   
		<Text>Hepatomegaly is when you have an abnormally large liver. It's often a sign of a serious health concern.</Text>  
	</GameDBLocalizedString>
	
	<GameDBLocalizedString>      
		<LocID>SYM_SLP_THROMBOCYTOPENIA</LocID>                               
		<Text>Thrombocytopenia</Text>  
	</GameDBLocalizedString>
            
	<GameDBLocalizedString>      
		<LocID>SYM_SLP_THROMBOCYTOPENIA_DESC</LocID>                   
		<Text>Thrombocytopenia is a condition in which you have a low blood platelet count. Platelets (thrombocytes) are colorless blood cells that help blood clot. Platelets stop bleeding by clumping and forming plugs in blood vessel injuries.</Text>  
	</GameDBLocalizedString>
	
	<GameDBLocalizedString>      
		<LocID>SYM_SLP_CDF_T_02</LocID>                               
		<Text>PML-RARA Defect Detected</Text>  
	</GameDBLocalizedString>
            
	<GameDBLocalizedString>      
		<LocID>SYM_SLP_CDF_T_02_DESC</LocID>                   
		<Text>APL cells have a very specific abnormality called a “balanced translocation,” in which parts of the chromosomes 15 and 17 are swapped over. This results in the formation of an abnormal fusion gene known as “PML/RARα.” This mutated gene causes many of the features of the disease.</Text>  
	</GameDBLocalizedString>
	
	<GameDBLocalizedString>      
		<LocID>SYM_SLP_FISH_POSLESION</LocID>                               
		<Text>FISH-Positive Lesion</Text>  
	</GameDBLocalizedString>
            
	<GameDBLocalizedString>      
		<LocID>SYM_SLP_FISH_POSLESION_DESC</LocID>                   
		<Text>The patient's lesion has been tested and FISH examinations have confirmed it is malignant.</Text>  
	</GameDBLocalizedString>
	
	<GameDBLocalizedString>      
		<LocID>SYM_SLP_CDF_T_01</LocID>                               
		<Text>Philadelphia Defect Detected</Text>  
	</GameDBLocalizedString>
            
	<GameDBLocalizedString>      
		<LocID>SYM_SLP_CDF_T_01_DESC</LocID>                   
		<Text>The Philadelphia chromosome or Philadelphia translocation (Ph) is a specific genetic abnormality in chromosome 22 of leukemia cancer cells (particularly chronic myeloid leukemia (CML) cells). The chromosomal defect in the Philadelphia chromosome is a reciprocal translocation, in which parts of two chromosomes, 9 and 22, swap places. The presence of this translocation is a highly sensitive test for CML, since most cases of CML are positive.</Text>  
	</GameDBLocalizedString>
	
	<GameDBLocalizedString>      
		<LocID>SYM_SLP_SM_P_001</LocID>                               
		<Text>Myeloperoxidase (MPO) Positive</Text>  
	</GameDBLocalizedString>
            
	<GameDBLocalizedString>      
		<LocID>SYM_SLP_SM_P_001_DESC</LocID>                   
		<Text>Myeloperoxidase is a lysosomal enzyme, located in the azurophilic granules of the neutrophils and its precursors, eosinophils and monocytes. This staining is mainly used to differentiate acute myeloid leukaemia from acute lymphoblastic leukaemia.</Text>  
	</GameDBLocalizedString>
	
	<GameDBLocalizedString>      
		<LocID>SYM_SLP_SM_P_002</LocID>                               
		<Text>Sudan Black B Positive</Text>  
	</GameDBLocalizedString>
            
	<GameDBLocalizedString>      
		<LocID>SYM_SLP_SM_P_002_DESC</LocID>                   
		<Text>Solvent Black 3 is an azo dye. It is nonfluorescent, relatively thermostable lysochrome (fat-soluble dye) diazo dye used for staining of neutral triglycerides and lipids on frozen sections and some lipoproteins on paraffin sections. In the laboratory, Solvent Black 3 is used for Sudan staining. In differentiating haematological disorders it will stain myeloblasts but not lymphoblasts.</Text>  
	</GameDBLocalizedString>
	
	<GameDBLocalizedString>      
		<LocID>SYM_SLP_CDF_T_03</LocID>                               
		<Text>IDH1/IDH2 Mutation Detected</Text>  
	</GameDBLocalizedString>
            
	<GameDBLocalizedString>      
		<LocID>SYM_SLP_CDF_T_03_DESC</LocID>                   
		<Text>Isocitrate dehydrogenase (IDH) is a key enzyme involved in the conversion of isocitrate to α-ketoglutarate (α-KG) in the tricarboxylic acid (TCA) cycle. IDH mutation produces a neomorphic enzyme, which can lead to the abnormal accumulation of R-2-HG and promotes leukemogenesis. IDH mutation occurs in 20% of acute myeloid leukemia (AML) patients, mainly including IDH1 R132, IDH2 R140, and IDH2 R172.</Text>  
	</GameDBLocalizedString>
	
	<GameDBLocalizedString>      
		<LocID>SYM_SLP_CDF_T_04</LocID>                               
		<Text>BCR-ABL Fusion Gene Detected</Text>  
	</GameDBLocalizedString>
            
	<GameDBLocalizedString>      
		<LocID>SYM_SLP_CDF_T_04_DESC</LocID>                   
		<Text>BCR-ABL is a mutation that is formed by the combination of two genes, known as BCR and ABL. It's sometimes called a fusion gene. The BCR gene is normally on chromosome number 22. The ABL gene is normally on chromosome number 9. The BCR-ABL mutation happens when pieces of BCR and ABL genes break off and switch places.</Text>  
	</GameDBLocalizedString>
	
	<GameDBLocalizedString>      
		<LocID>SYM_SLP_CDF_T_05</LocID>                               
		<Text>Trisomy 8 Gene Detected</Text>  
	</GameDBLocalizedString>
            
	<GameDBLocalizedString>      
		<LocID>SYM_SLP_CDF_T_05_DESC</LocID>                   
		<Text>Trisomy 8, also known as Warkany syndrome 2, is a human chromosomal disorder caused by having three copies (trisomy) of chromosome 8. It can appear with or without mosaicism. The term "mosaic" indicates that some cells contain the extra chromosome while others do not.</Text>  
	</GameDBLocalizedString>
	
	<GameDBLocalizedString>      
		<LocID>SYM_SLP_CDF_T_06</LocID>                               
		<Text>Trisomy 9 Gene Detected</Text>  
	</GameDBLocalizedString>
            
	<GameDBLocalizedString>      
		<LocID>SYM_SLP_CDF_T_06_DESC</LocID>                   
		<Text>Mosaic trisomy 9 is a rare chromosomal disorder in which the entire 9th chromosome appears three times (trisomy) rather than twice in some cells of the body. The term "mosaic" indicates that some cells contain the extra chromosome 9, while others have the typical chromosomal pair.</Text>  
	</GameDBLocalizedString>
	
	<GameDBLocalizedString>      
		<LocID>SYM_SLP_CDF_T_07</LocID>                               
		<Text>Philadelphia Chromosome Duplication</Text>  
	</GameDBLocalizedString>
            
	<GameDBLocalizedString>      
		<LocID>SYM_SLP_CDF_T_07_DESC</LocID>                   
		<Text>Duplication of the defective chromosome, Philadelphia Chromosome, has been detected. This can occur in more advanced stages of Chronic Myeloid Leukaemia.</Text>  
	</GameDBLocalizedString>
	
	<GameDBLocalizedString>      
		<LocID>SYM_SLP_BLA_HIGH1</LocID>                               
		<Text>Elevated Blast Cell Count</Text>  
	</GameDBLocalizedString>
            
	<GameDBLocalizedString>      
		<LocID>SYM_SLP_BLA_HIGH1_DESC</LocID>                   
		<Text>Blasts are precursors to the mature, circulating blood cells such as neutrophils, monocytes, lymphocytes and erythrocytes.  Blasts are usually found in low numbers in the bone marrow.  They are not usually found in significant numbers in the blood. Testing has detected an elevated level of blasts in the patients blood (between 5 to 19%).</Text>  
	</GameDBLocalizedString>
	
	<GameDBLocalizedString>      
		<LocID>SYM_SLP_BLA_HIGH2</LocID>                               
		<Text>High Blast Cell Count</Text>  
	</GameDBLocalizedString>
            
	<GameDBLocalizedString>      
		<LocID>SYM_SLP_BLA_HIGH2_DESC</LocID>                   
		<Text>Blasts are precursors to the mature, circulating blood cells such as neutrophils, monocytes, lymphocytes and erythrocytes.  Blasts are usually found in low numbers in the bone marrow.  They are not usually found in significant numbers in the blood. Testing has detected a high level of blasts in the patients blood (above 20%).</Text>  
	</GameDBLocalizedString>
	
	<GameDBLocalizedString>      
		<LocID>SYM_SLP_BLA_HIGH3</LocID>                               
		<Text>Very High Blast Cell Count</Text>  
	</GameDBLocalizedString>
            
	<GameDBLocalizedString>      
		<LocID>SYM_SLP_BLA_HIGH3_DESC</LocID>                   
		<Text>Blasts are precursors to the mature, circulating blood cells such as neutrophils, monocytes, lymphocytes and erythrocytes.  Blasts are usually found in low numbers in the bone marrow.  They are not usually found in significant numbers in the blood. Testing has detected a very high level of blasts in the patients blood (above 30%). At this level, the blast cells crowd out normal white blood cells making them far less effective.</Text>  
	</GameDBLocalizedString>
	
	<!-- leukaemia -->
	<GameDBLocalizedString>      
		<LocID>SYM_ONCO_BLC01_0_DETECTED</LocID>                               
		<Text>Pre-B Cell Acute Lymphocytic Leukaemia Detected</Text>  
	</GameDBLocalizedString>
            
	<GameDBLocalizedString>      
		<LocID>SYM_ONCO_BLC01_0_DETECTED_DESC</LocID>                   
		<Text>Testing has detected Pre-B Cell Lymphocytic Leukaemia with evidence it is Acute.</Text>  
	</GameDBLocalizedString>
	
	<GameDBLocalizedString>      
		<LocID>SYM_ONCO_BLC01_1_DETECTED</LocID>                               
		<Text>B Cell Acute Lymphocytic Leukaemia Detected</Text>  
	</GameDBLocalizedString>
            
	<GameDBLocalizedString>      
		<LocID>SYM_ONCO_BLC01_1_DETECTED_DESC</LocID>                   
		<Text>Testing has detected B Cell Lymphocytic Leukaemia with evidence it is Acute.</Text>  
	</GameDBLocalizedString>
	
	<GameDBLocalizedString>      
		<LocID>SYM_ONCO_BLC02_A_DETECTED</LocID>                               
		<Text>Chronic Lymphocytic Leukaemia Detected</Text>  
	</GameDBLocalizedString>
            
	<GameDBLocalizedString>      
		<LocID>SYM_ONCO_BLC02_A_DETECTED_DESC</LocID>                   
		<Text>Testing has detected Lymphocytic Leukaemia with evidence it is Chronic but Stable.</Text>  
	</GameDBLocalizedString>
	
	<GameDBLocalizedString>      
		<LocID>SYM_ONCO_BLC02_B_DETECTED</LocID>                               
		<Text>Chronic Lymphocytic Leukaemia Detected</Text>  
	</GameDBLocalizedString>
            
	<GameDBLocalizedString>      
		<LocID>SYM_ONCO_BLC02_B_DETECTED_DESC</LocID>                   
		<Text>Testing has detected Lymphocytic Leukaemia with evidence it is Chronic and in an Advanced state.</Text>  
	</GameDBLocalizedString>
	
	<GameDBLocalizedString>      
		<LocID>SYM_ONCO_BLC01_2_DETECTED</LocID>                               
		<Text>T Cell Acute Lymphocytic Leukaemia Detected</Text>  
	</GameDBLocalizedString>
            
	<GameDBLocalizedString>      
		<LocID>SYM_ONCO_BLC01_2_DETECTED_DESC</LocID>                   
		<Text>Testing has detected T Cell Lymphocytic Leukaemia with evidence it is Acute.</Text>  
	</GameDBLocalizedString>
	
	<GameDBLocalizedString>      
		<LocID>SYM_ONCO_BLC01_3_DETECTED</LocID>                               
		<Text>T Cell Acute Lymphocytic Leukaemia Detected</Text>  
	</GameDBLocalizedString>
            
	<GameDBLocalizedString>      
		<LocID>SYM_ONCO_BLC01_3_DETECTED_DESC</LocID>                   
		<Text>Testing has detected T Cell Lymphocytic Leukaemia with evidence it is Acute.</Text>  
	</GameDBLocalizedString>
	
	<GameDBLocalizedString>      
		<LocID>SYM_ONCO_BLC03_0_DETECTED</LocID>                               
		<Text>T-cell Large Granular Lymphocyte (LGL) Leukaemia Detected</Text>  
	</GameDBLocalizedString>
            
	<GameDBLocalizedString>      
		<LocID>SYM_ONCO_BLC03_0_DETECTED_DESC</LocID>                   
		<Text>Testing has detected Lymphocytic Leukaemia with evidence it is a subtype, T-Cell Large Granular Lymphocyte (LGL) Leukaemia.</Text>  
	</GameDBLocalizedString>
	
	<GameDBLocalizedString>      
		<LocID>SYM_ONCO_BLC03_1_DETECTED</LocID>                               
		<Text>NK-cell Large Granular Lymphocyte (LGL) Leukaemia Detected</Text>  
	</GameDBLocalizedString>
            
	<GameDBLocalizedString>      
		<LocID>SYM_ONCO_BLC03_1_DETECTED_DESC</LocID>                   
		<Text>Testing has detected Lymphocytic Leukaemia with evidence it is a subtype, NK-Cell Large Granular Lymphocyte (LGL) Leukaemia.</Text>  
	</GameDBLocalizedString>
	
	<GameDBLocalizedString>      
		<LocID>SYM_ONCO_BLC03_2_DETECTED</LocID>                               
		<Text>T-cell Prolymphocytic Leukaemia (T-PLL) Detected</Text>  
	</GameDBLocalizedString>
            
	<GameDBLocalizedString>      
		<LocID>SYM_ONCO_BLC03_2_DETECTED_DESC</LocID>                   
		<Text>Testing has detected Lymphocytic Leukaemia with evidence it is a rare subtype, T-cell Prolymphocytic Leukaemia.</Text>  
	</GameDBLocalizedString>
	
	<GameDBLocalizedString>      
		<LocID>SYM_ONCO_BLC04_0_DETECTED</LocID>                               
		<Text>Acute Myeloid Leukaemia (AML) Detected</Text>  
	</GameDBLocalizedString>
            
	<GameDBLocalizedString>      
		<LocID>SYM_ONCO_BLC04_0_DETECTED_DESC</LocID>                   
		<Text>Testing has detected Myeloid Leukaemia with evidence it is Acute.</Text>  
	</GameDBLocalizedString>

	<GameDBLocalizedString>      
		<LocID>SYM_ONCO_BLC05_A_DETECTED</LocID>                               
		<Text>Chronic Myeloid Leukaemia (CML) Detected</Text>  
	</GameDBLocalizedString>
            
	<GameDBLocalizedString>      
		<LocID>SYM_ONCO_BLC05_A_DETECTED_DESC</LocID>                   
		<Text>Testing has detected Myeloid Leukaemia with evidence it is in its Chronic phase.</Text>  
	</GameDBLocalizedString>
	
	<GameDBLocalizedString>      
		<LocID>SYM_ONCO_BLC05_B_DETECTED</LocID>                               
		<Text>Chronic Myeloid Leukaemia (CML) Detected</Text>  
	</GameDBLocalizedString>
            
	<GameDBLocalizedString>      
		<LocID>SYM_ONCO_BLC05_B_DETECTED_DESC</LocID>                   
		<Text>Testing has detected Myeloid Leukaemia with evidence it is in its Accelerated phase.</Text>  
	</GameDBLocalizedString>
	
	<GameDBLocalizedString>      
		<LocID>SYM_ONCO_BLC05_C_DETECTED</LocID>                               
		<Text>Chronic Myeloid Leukaemia (CML) Detected</Text>  
	</GameDBLocalizedString>
            
	<GameDBLocalizedString>      
		<LocID>SYM_ONCO_BLC05_C_DETECTED_DESC</LocID>                   
		<Text>Testing has detected Myeloid Leukaemia with evidence it is in its Blast Crisis phase.</Text>  
	</GameDBLocalizedString>

	<!-- ############### CELL MARKERS ############### -->
	
	<GameDBLocalizedString>      
		<LocID>SYM_SLP_CM_CD10_BRIGHT</LocID>                               
		<Text>Neprilysin (CD10) Bright Expression</Text>  
	</GameDBLocalizedString>
            
	<GameDBLocalizedString>      
		<LocID>SYM_SLP_CM_CD10_BRIGHT_DESC</LocID>                   
		<Text>Neprilysin, also known as membrane metallo-endopeptidase, neutral endopeptidase, cluster of differentiation 10, and common acute lymphoblastic leukemia antigen is an enzyme that in humans is encoded by the MME gene. Identified in common acute lymphoblastic leukemia as a cancer specific antigen, CD10 is a cell surface ectoenzyme widely expressed on different types of cells.</Text>  
	</GameDBLocalizedString>
	
	<GameDBLocalizedString>      
		<LocID>SYM_SLP_CM_CD10_NEG</LocID>                               
		<Text>Neprilysin (CD10) Negative Expression</Text>  
	</GameDBLocalizedString>
            
	<GameDBLocalizedString>      
		<LocID>SYM_SLP_CM_CD10_NEG_DESC</LocID>                   
		<Text>Neprilysin, also known as membrane metallo-endopeptidase, neutral endopeptidase, cluster of differentiation 10, and common acute lymphoblastic leukemia antigen is an enzyme that in humans is encoded by the MME gene. Identified in common acute lymphoblastic leukemia as a cancer specific antigen, CD10 is a cell surface ectoenzyme widely expressed on different types of cells.</Text>  
	</GameDBLocalizedString>
	
	<GameDBLocalizedString>      
		<LocID>SYM_SLP_CM_CD19_BRIGHT</LocID>                               
		<Text>CD19 Antigen Bright Expression</Text>  
	</GameDBLocalizedString>
            
	<GameDBLocalizedString>      
		<LocID>SYM_SLP_CM_CD19_BRIGHT_DESC</LocID>                   
		<Text>B-lymphocyte antigen CD19, also known as CD19 molecule, B-Lymphocyte Surface Antigen B4, T-Cell Surface Antigen Leu-12 and CVID3 is a transmembrane protein that in humans is encoded by the gene CD19. In humans, CD19 is expressed in all B lineage cells, except for plasma cells, and in follicular dendritic cells.</Text>  
	</GameDBLocalizedString>
	
	<GameDBLocalizedString>      
		<LocID>SYM_SLP_CM_CD19_NEG</LocID>                               
		<Text>CD19 Antigen Negative Expression</Text>  
	</GameDBLocalizedString>
            
	<GameDBLocalizedString>      
		<LocID>SYM_SLP_CM_CD19_NEG_DESC</LocID>                   
		<Text>B-lymphocyte antigen CD19, also known as CD19 molecule, B-Lymphocyte Surface Antigen B4, T-Cell Surface Antigen Leu-12 and CVID3 is a transmembrane protein that in humans is encoded by the gene CD19. In humans, CD19 is expressed in all B lineage cells, except for plasma cells, and in follicular dendritic cells.</Text>  
	</GameDBLocalizedString>
	
	<GameDBLocalizedString>      
		<LocID>SYM_SLP_CM_CD20_DIM</LocID>                               
		<Text>CD20 Antigen Dim Expression</Text>  
	</GameDBLocalizedString>
            
	<GameDBLocalizedString>      
		<LocID>SYM_SLP_CM_CD20_DIM_DESC</LocID>                   
		<Text>B-lymphocyte antigen CD20 or CD20 is expressed on the surface of all B-cells beginning at the pro-B phase and progressively increasing in concentration until maturity. CD20 is a membrane-embedded surface molecule which plays a role in the development and differentiation of B-cells into plasma cells.</Text>  
	</GameDBLocalizedString>
	
	<GameDBLocalizedString>      
		<LocID>SYM_SLP_CM_CD20_BRIGHT</LocID>                               
		<Text>CD20 Antigen Bright Expression</Text>  
	</GameDBLocalizedString>
            
	<GameDBLocalizedString>      
		<LocID>SYM_SLP_CM_CD20_BRIGHT_DESC</LocID>                   
		<Text>B-lymphocyte antigen CD20 or CD20 is expressed on the surface of all B-cells beginning at the pro-B phase and progressively increasing in concentration until maturity. CD20 is a membrane-embedded surface molecule which plays a role in the development and differentiation of B-cells into plasma cells.</Text>  
	</GameDBLocalizedString>
	
	<GameDBLocalizedString>      
		<LocID>SYM_SLP_CM_TDT_BRIGHT</LocID>                               
		<Text>TdT Antigen Bright Expression</Text>  
	</GameDBLocalizedString>
            
	<GameDBLocalizedString>      
		<LocID>SYM_SLP_CM_TDT_BRIGHT_DESC</LocID>                   
		<Text>Terminal deoxynucleotidyl transferase (TdT), also known as DNA nucleotidylexotransferase (DNTT) or terminal transferase, is a specialized DNA polymerase expressed in immature, pre-B, pre-T lymphoid cells, and acute lymphoblastic leukemia/lymphoma cells.</Text>  
	</GameDBLocalizedString>
	
	<GameDBLocalizedString>      
		<LocID>SYM_SLP_CM_TDT_NEG</LocID>                               
		<Text>TdT Antigen Bright Expression</Text>  
	</GameDBLocalizedString>
            
	<GameDBLocalizedString>      
		<LocID>SYM_SLP_CM_TDT_NEG_DESC</LocID>                   
		<Text>Terminal deoxynucleotidyl transferase (TdT), also known as DNA nucleotidylexotransferase (DNTT) or terminal transferase, is a specialized DNA polymerase expressed in immature, pre-B, pre-T lymphoid cells, and acute lymphoblastic leukemia/lymphoma cells.</Text>  
	</GameDBLocalizedString>
	
	<GameDBLocalizedString>      
		<LocID>SYM_SLP_CM_CD22_DIM</LocID>                               
		<Text>CD22 Antigen Dim Expression</Text>  
	</GameDBLocalizedString>
            
	<GameDBLocalizedString>      
		<LocID>SYM_SLP_CM_CD22_DIM_DESC</LocID>                   
		<Text>CD22, or cluster of differentiation-22, is a molecule belonging to the SIGLEC family of lectins. It is found on the surface of mature B cells and to a lesser extent on some immature B cells. CD22 is a sugar binding transmembrane protein, which specifically binds sialic acid with an immunoglobulin (Ig) domain located at its N-terminus. The presence of Ig domains makes CD22 a member of the immunoglobulin superfamily. CD22 functions as an inhibitory receptor for B cell receptor (BCR) signaling.</Text>  
	</GameDBLocalizedString>
	
	<GameDBLocalizedString>      
		<LocID>SYM_SLP_CM_CD22_BRIGHT</LocID>                               
		<Text>CD22 Antigen Bright Expression</Text>  
	</GameDBLocalizedString>
            
	<GameDBLocalizedString>      
		<LocID>SYM_SLP_CM_CD22_BRIGHT_DESC</LocID>                   
		<Text>CD22, or cluster of differentiation-22, is a molecule belonging to the SIGLEC family of lectins. It is found on the surface of mature B cells and to a lesser extent on some immature B cells. CD22 is a sugar binding transmembrane protein, which specifically binds sialic acid with an immunoglobulin (Ig) domain located at its N-terminus. The presence of Ig domains makes CD22 a member of the immunoglobulin superfamily. CD22 functions as an inhibitory receptor for B cell receptor (BCR) signaling.</Text>  
	</GameDBLocalizedString>
	
	<GameDBLocalizedString>      
		<LocID>SYM_SLP_CM_CD23_BRIGHT</LocID>                               
		<Text>Fc epsilon RII (CD23) Bright Expression</Text>  
	</GameDBLocalizedString>
            
	<GameDBLocalizedString>      
		<LocID>SYM_SLP_CM_CD23_BRIGHT_DESC</LocID>                   
		<Text>CD23, also known as Fc epsilon RII, or FcεRII, is the "low-affinity" receptor for IgE, an antibody isotype involved in allergy and resistance to parasites, and is important in regulation of IgE levels. Unlike many of the antibody receptors, CD23 is a C-type lectin. CD23 antigen is a cell surface protein considered important in the differentiation of chronic lymphocytic leukemia.</Text>  
	</GameDBLocalizedString>
	
	<GameDBLocalizedString>      
		<LocID>SYM_SLP_CM_CD34_BRIGHT</LocID>                               
		<Text>CD34 Antigen Bright Expression</Text>  
	</GameDBLocalizedString>
            
	<GameDBLocalizedString>      
		<LocID>SYM_SLP_CM_CD34_BRIGHT_DESC</LocID>                   
		<Text>The CD34 protein is a member of a family of single-pass transmembrane sialomucin proteins that show expression on early hematopoietic and vascular-associated tissue. CD34 is also an important adhesion molecule and is required for T cells to enter lymph nodes. It is expressed on lymph node endothelia, whereas the L-selectin to which it binds is on the T cell.</Text>  
	</GameDBLocalizedString>
	
	<GameDBLocalizedString>      
		<LocID>SYM_SLP_CM_CD79a_BRIGHT</LocID>                               
		<Text>CD79a Antigen Bright Expression</Text>  
	</GameDBLocalizedString>
            
	<GameDBLocalizedString>      
		<LocID>SYM_SLP_CM_CD79a_BRIGHT_DESC</LocID>                   
		<Text>Cluster of differentiation CD79A also known as B-cell antigen receptor complex-associated protein alpha chain and MB-1 membrane glycoprotein, is a protein that in humans is encoded by the CD79A gene. CD79a plays multiple and diverse roles in B cell development and function. The CD79a/b heterodimer associates non-covalently with the immunoglobulin heavy chain through its transmembrane region, thus forming the BCR along with the immunoglobulin light chain and the pre-BCR when associated with the surrogate light chain in developing B cells.</Text>  
	</GameDBLocalizedString>
	
	<GameDBLocalizedString>      
		<LocID>SYM_SLP_CM_CD79b_NEG</LocID>                               
		<Text>CD79b Antigen Bright Expression</Text>  
	</GameDBLocalizedString>
            
	<GameDBLocalizedString>      
		<LocID>SYM_SLP_CM_CD79b_NEG_DESC</LocID>                   
		<Text>CD79b molecule, immunoglobulin-associated beta, also known as CD79B (Cluster of Differentiation 79B), is a human gene. The CD79a/b heterodimer associates non-covalently with the immunoglobulin heavy chain through its transmembrane region, thus forming the BCR along with the immunoglobulin light chain and the pre-BCR when associated with the surrogate light chain in developing B cells.</Text>  
	</GameDBLocalizedString>
	
	<GameDBLocalizedString>      
		<LocID>SYM_SLP_CM_CD11c_BRIGHT</LocID>                               
		<Text>Integrin alpha X (CD11c) Bright Expression</Text>  
	</GameDBLocalizedString>
            
	<GameDBLocalizedString>      
		<LocID>SYM_SLP_CM_CD11c_BRIGHT_DESC</LocID>                   
		<Text>CD11c, also known as Integrin, alpha X (complement component 3 receptor 4 subunit) (ITGAX), is a gene that encodes for CD11c. CD11c is a type I transmembrane protein that is expressed on monocytes, granulocytes, a subset of B cells, dendritic cells, and macrophages and may be demonstrated on B-cell chronic lymphocytic leukemia, marginal zone lymphomas, and hairy cell leukemia.</Text>  
	</GameDBLocalizedString>
	
	<GameDBLocalizedString>      
		<LocID>SYM_SLP_CM_CD25_BRIGHT</LocID>                               
		<Text>IL2RA (CD25) Bright Expression</Text>  
	</GameDBLocalizedString>
            
	<GameDBLocalizedString>      
		<LocID>SYM_SLP_CM_CD25_BRIGHT_DESC</LocID>                   
		<Text>Interleukin-2 receptor alpha chain (also called CD25) is a protein that in humans is encoded by the IL2RA gene. The interleukin 2 (IL2) receptor alpha (IL2RA) and beta (IL2RB) chains, together with the common gamma chain (IL2RG), constitute the high-affinity IL2 receptor. IL2RA is expressed in most B-cell neoplasms, some acute nonlymphocytic leukemias, neuroblastomas, mastocytosis and tumor infiltrating lymphocytes. It functions as the receptor for HTLV-1 and is consequently expressed on neoplastic cells in adult T cell lymphoma/leukemia.</Text>  
	</GameDBLocalizedString>
	
	<GameDBLocalizedString>      
		<LocID>SYM_SLP_CM_CD25_NEG</LocID>                               
		<Text>IL2RA (CD25) Negative Expression</Text>  
	</GameDBLocalizedString>
            
	<GameDBLocalizedString>      
		<LocID>SYM_SLP_CM_CD25_NEG_DESC</LocID>                   
		<Text>Interleukin-2 receptor alpha chain (also called CD25) is a protein that in humans is encoded by the IL2RA gene. The interleukin 2 (IL2) receptor alpha (IL2RA) and beta (IL2RB) chains, together with the common gamma chain (IL2RG), constitute the high-affinity IL2 receptor. IL2RA is expressed in most B-cell neoplasms, some acute nonlymphocytic leukemias, neuroblastomas, mastocytosis and tumor infiltrating lymphocytes. It functions as the receptor for HTLV-1 and is consequently expressed on neoplastic cells in adult T cell lymphoma/leukemia.</Text>  
	</GameDBLocalizedString>
	
	<GameDBLocalizedString>      
		<LocID>SYM_SLP_CM_CD103_BRIGHT</LocID>                               
		<Text>ITGAE (CD103) Bright Expression</Text>  
	</GameDBLocalizedString>
            
	<GameDBLocalizedString>      
		<LocID>SYM_SLP_CM_CD103_BRIGHT_DESC</LocID>                   
		<Text>Integrin, alpha E also known as CD103 is an integrin protein that in human is encoded by the ITGAE gene. CD103 is expressed widely on intraepithelial lymphocyte (IEL) T cells (both αβ T cells and γδ T cells) and on some peripheral regulatory T cells (Tregs). It is useful in identifying hairy cell leukemia which is positive for this marker in contrast to most other hematologic malignancies which are negative for CD103 except enteropathy-associated T cell lymphoma.</Text>  
	</GameDBLocalizedString>
	
	<GameDBLocalizedString>      
		<LocID>SYM_SLP_CM_CD123_DIM</LocID>                               
		<Text>Interleukin-3 Receptor (CD123) Dim Expression</Text>  
	</GameDBLocalizedString>
            
	<GameDBLocalizedString>      
		<LocID>SYM_SLP_CM_CD123_DIM_DESC</LocID>                   
		<Text>The interleukin-3 receptor (CD123) is a molecule found on cells which helps transmit the signal of interleukin-3, a soluble cytokine important in the immune system. The receptor, found on pluripotent progenitor cells, induces tyrosine phosphorylation within the cell and promotes proliferation and differentiation within the hematopoietic cell lines. CD123 is expressed across acute myeloid leukemia (AML) subtypes, including leukemic stem cells.</Text>  
	</GameDBLocalizedString>
	
	<GameDBLocalizedString>      
		<LocID>SYM_SLP_CM_CD123_BRIGHT</LocID>                               
		<Text>Interleukin-3 Receptor (CD123) Bright Expression</Text>  
	</GameDBLocalizedString>
            
	<GameDBLocalizedString>      
		<LocID>SYM_SLP_CM_CD123_BRIGHT_DESC</LocID>                   
		<Text>The interleukin-3 receptor (CD123) is a molecule found on cells which helps transmit the signal of interleukin-3, a soluble cytokine important in the immune system. The receptor, found on pluripotent progenitor cells, induces tyrosine phosphorylation within the cell and promotes proliferation and differentiation within the hematopoietic cell lines. CD123 is expressed across acute myeloid leukemia (AML) subtypes, including leukemic stem cells.</Text>  
	</GameDBLocalizedString>
	
		<GameDBLocalizedString>      
		<LocID>SYM_SLP_CM_CD123_NEG</LocID>                               
		<Text>Interleukin-3 Receptor (CD123) Negative Expression</Text>  
	</GameDBLocalizedString>
            
	<GameDBLocalizedString>      
		<LocID>SYM_SLP_CM_CD123_NEG_DESC</LocID>                   
		<Text>The interleukin-3 receptor (CD123) is a molecule found on cells which helps transmit the signal of interleukin-3, a soluble cytokine important in the immune system. The receptor, found on pluripotent progenitor cells, induces tyrosine phosphorylation within the cell and promotes proliferation and differentiation within the hematopoietic cell lines. CD123 is expressed across acute myeloid leukemia (AML) subtypes, including leukemic stem cells.</Text>  
	</GameDBLocalizedString>
	
	<GameDBLocalizedString>      
		<LocID>SYM_SLP_CM_CD1a_BRIGHT</LocID>                               
		<Text>CD1a Antigen Bright Expression</Text>  
	</GameDBLocalizedString>
            
	<GameDBLocalizedString>      
		<LocID>SYM_SLP_CM_CD1a_BRIGHT_DESC</LocID>                   
		<Text>CD1a (Cluster of Differentiation 1a) is a human protein encoded by the CD1A gene. This gene encodes a member of the CD1 family of transmembrane glycoproteins, which are structurally related to the major histocompatibility complex (MHC) proteins and form heterodimers with beta-2-microglobulin. The CD1 proteins mediate the presentation of primarily lipid and glycolipid antigens of self or microbial origin to T cells.</Text>  
	</GameDBLocalizedString>
	
	<GameDBLocalizedString>      
		<LocID>SYM_SLP_CM_CD1a_NEG</LocID>                               
		<Text>CD1a Antigen Negative Expression</Text>  
	</GameDBLocalizedString>
            
	<GameDBLocalizedString>      
		<LocID>SYM_SLP_CM_CD1a_NEG_DESC</LocID>                   
		<Text>CD1a (Cluster of Differentiation 1a) is a human protein encoded by the CD1A gene. This gene encodes a member of the CD1 family of transmembrane glycoproteins, which are structurally related to the major histocompatibility complex (MHC) proteins and form heterodimers with beta-2-microglobulin. The CD1 proteins mediate the presentation of primarily lipid and glycolipid antigens of self or microbial origin to T cells.</Text>  
	</GameDBLocalizedString>
	
	<GameDBLocalizedString>      
		<LocID>SYM_SLP_CM_CD5_BRIGHT</LocID>                               
		<Text>CD5 Antigen Bright Expression</Text>  
	</GameDBLocalizedString>
            
	<GameDBLocalizedString>      
		<LocID>SYM_SLP_CM_CD5_BRIGHT_DESC</LocID>                   
		<Text>CD5 is a cluster of differentiation expressed on the surface of T cells (various species) and in a subset of murine B cells known as B-1a. The expression of this receptor in human B cells has been a controversial topic and up to date there is no consensus regarding the role of this receptor as a marker of human B cells. CD5 is a good immunohistochemical marker for T-cells, although not as sensitive as CD3. About 76% of T-cell neoplasms are reported to express CD5, and it is also found in chronic lymphocytic leukemia and mantle cell lymphoma (both being B cell malignancies), that do not express CD3. It is commonly lost in cutaneous T-cell lymphoma, and its absence can be used as an indicator of malignancy in this condition.</Text>  
	</GameDBLocalizedString>
	
	<GameDBLocalizedString>      
		<LocID>SYM_SLP_CM_CD7_BRIGHT</LocID>                               
		<Text>CD7 Antigen Bright Expression</Text>  
	</GameDBLocalizedString>
            
	<GameDBLocalizedString>      
		<LocID>SYM_SLP_CM_CD7_BRIGHT_DESC</LocID>                   
		<Text>CD7 (Cluster of Differentiation 7) is a protein that in humans is encoded by the CD7 gene. This gene encodes a transmembrane protein which is a member of the immunoglobulin superfamily. This protein is found on thymocytes and mature T cells. It plays an essential role in T-cell interactions and also in T-cell/B-cell interaction during early lymphoid development. This gene encodes a transmembrane protein which is a member of the immunoglobulin superfamily. This protein is found on thymocytes and mature T cells. It plays an essential role in T-cell interactions and also in T-cell/B-cell interaction during early lymphoid development.</Text>  
	</GameDBLocalizedString>
	
	<GameDBLocalizedString>      
		<LocID>SYM_SLP_CM_CD13_BRIGHT</LocID>                               
		<Text>Aminopeptidase N (CD13) Bright Expression</Text>  
	</GameDBLocalizedString>
            
	<GameDBLocalizedString>      
		<LocID>SYM_SLP_CM_CD13_BRIGHT_DESC</LocID>                   
		<Text>Membrane alanyl aminopeptidase (EC 3.4.11.2) also known as alanyl aminopeptidase (AAP) or aminopeptidase N (AP-N) is an enzyme that in humans is encoded by the ANPEP gene. Aminopeptidase N is located in the small-intestinal and renal microvillar membrane, and also in other plasma membranes. In the small intestine aminopeptidase N plays a role in the final digestion of peptides generated from hydrolysis of proteins by gastric and pancreatic proteases. Its function in proximal tubular epithelial cells and other cell types is less clear. Defects in this gene appear to be a cause of various types of leukemia or lymphoma.</Text>  
	</GameDBLocalizedString>
	
	<GameDBLocalizedString>      
		<LocID>SYM_SLP_CM_CD15_BRIGHT</LocID>                               
		<Text>Sialyl-Lewis X (CD15) Bright Expression</Text>  
	</GameDBLocalizedString>
            
	<GameDBLocalizedString>      
		<LocID>SYM_SLP_CM_CD15_BRIGHT_DESC</LocID>                   
		<Text>Sialyl LewisX (sLeX) also known as cluster of differentiation 15s (CD15s) or stage-specific embryonic antigen 1 (SSEA-1), is a tetrasaccharide carbohydrate which is usually attached to O-glycans on the surface of cells. It is known to play a vital role in cell-to-cell recognition processes. It is also the means by which an egg attracts sperm; first, to stick to it, then bond with it and eventually form a zygote. Sialyl-Lewisx mediates phagocytosis and chemotaxis, found on neutrophils; expressed in patients with Hodgkin disease, some B-cell chronic lymphocytic leukemias, acute lymphoblastic leukemias, and most acute nonlymphocytic leukemias. CD15 is present on almost all Reed–Sternberg cells, including their rare mononuclear variants, and, as such, can be used in immunohistochemistry to identify the presence of such cells in biopsies.</Text>  
	</GameDBLocalizedString>
	
	<GameDBLocalizedString>      
		<LocID>SYM_SLP_CM_CD33_BRIGHT</LocID>                               
		<Text>Siglec-3 (CD33) Bright Expression</Text>  
	</GameDBLocalizedString>
            
	<GameDBLocalizedString>      
		<LocID>SYM_SLP_CM_CD33_BRIGHT_DESC</LocID>                   
		<Text>CD33 or Siglec-3 (sialic acid binding Ig-like lectin 3, SIGLEC3, SIGLEC-3, gp67, p67) is a transmembrane receptor expressed on cells of myeloid lineage. It is usually considered myeloid-specific, but it can also be found on some lymphoid cells. CD33 can be stimulated by any molecule with sialic acid residues such as glycoproteins or glycolipids. Upon binding, the immunoreceptor tyrosine-based inhibition motif (ITIM) of CD33, present on the cytosolic portion of the protein, is phosphorylated and acts as a docking site for Src homology 2 (SH2) domain-containing proteins like SHP phosphatases. This results in a cascade that inhibits phagocytosis in the cell.</Text>  
	</GameDBLocalizedString>
	
	<GameDBLocalizedString>      
		<LocID>SYM_SLP_CM_CD117_BRIGHT</LocID>                               
		<Text>Proto-O c-KIT (CD117) Bright Expression</Text>  
	</GameDBLocalizedString>
            
	<GameDBLocalizedString>      
		<LocID>SYM_SLP_CM_CD117_BRIGHT_DESC</LocID>                   
		<Text>Proto-oncogene c-KIT, also known as tyrosine-protein kinase KIT, CD117 or mast/stem cell growth factor receptor, is a receptor tyrosine kinase protein that in humans is encoded by the KIT gene. KIT is an important cell surface marker used to identify certain types of hematopoietic (blood) progenitors in the bone marrow. To be specific, hematopoietic stem cells (HSC), multipotent progenitors (MPP), and common myeloid progenitors (CMP) express high levels of KIT. Common lymphoid progenitors (CLP) express low surface levels of KIT. Antibodies to KIT are widely used in immunohistochemistry to help distinguish particular types of tumour in histological tissue sections. It is used primarily in the diagnosis of GISTs, which are positive for KIT, but negative for markers such as desmin and S-100, which are positive in smooth muscle and neural tumors, which have a similar appearance.</Text>  
	</GameDBLocalizedString>
	
	<GameDBLocalizedString>      
		<LocID>SYM_SLP_CM_CD117_NEG</LocID>                               
		<Text>Proto-O c-KIT (CD117) Negative Expression</Text>  
	</GameDBLocalizedString>
            
	<GameDBLocalizedString>      
		<LocID>SYM_SLP_CM_CD117_NEG_DESC</LocID>                   
		<Text>Proto-oncogene c-KIT, also known as tyrosine-protein kinase KIT, CD117 or mast/stem cell growth factor receptor, is a receptor tyrosine kinase protein that in humans is encoded by the KIT gene. KIT is an important cell surface marker used to identify certain types of hematopoietic (blood) progenitors in the bone marrow. To be specific, hematopoietic stem cells (HSC), multipotent progenitors (MPP), and common myeloid progenitors (CMP) express high levels of KIT. Common lymphoid progenitors (CLP) express low surface levels of KIT. Antibodies to KIT are widely used in immunohistochemistry to help distinguish particular types of tumour in histological tissue sections. It is used primarily in the diagnosis of GISTs, which are positive for KIT, but negative for markers such as desmin and S-100, which are positive in smooth muscle and neural tumors, which have a similar appearance.</Text>  
	</GameDBLocalizedString>
	
	<GameDBLocalizedString>      
		<LocID>SYM_SLP_CM_CD38_BRIGHT</LocID>                               
		<Text>Cyclic ADP RH (CD38) Bright Expression</Text>  
	</GameDBLocalizedString>
            
	<GameDBLocalizedString>      
		<LocID>SYM_SLP_CM_CD38_BRIGHT_DESC</LocID>                   
		<Text>CD38, also known as cyclic ADP ribose hydrolase is a glycoprotein found on the surface of many immune cells, including CD4⁺, CD8⁺, B lymphocytes and natural killer cells. CD38 also functions in cell adhesion, signal transduction and calcium signaling. The loss of CD38 function is associated with impaired immune responses, metabolic disturbances, and behavioral modifications including social amnesia. The CD38 protein is a marker of cell activation. It has been connected to HIV infection, leukemias, myelomas, solid tumors, type II diabetes mellitus and bone metabolism, as well as some genetically determined conditions.</Text>  
	</GameDBLocalizedString>
	
	<GameDBLocalizedString>      
		<LocID>SYM_SLP_CM_CD38_DIM</LocID>                               
		<Text>Cyclic ADP RH (CD38) Dim Expression</Text>  
	</GameDBLocalizedString>
            
	<GameDBLocalizedString>      
		<LocID>SYM_SLP_CM_CD38_DIM_DESC</LocID>                   
		<Text>CD38, also known as cyclic ADP ribose hydrolase is a glycoprotein found on the surface of many immune cells, including CD4⁺, CD8⁺, B lymphocytes and natural killer cells. CD38 also functions in cell adhesion, signal transduction and calcium signaling. The loss of CD38 function is associated with impaired immune responses, metabolic disturbances, and behavioral modifications including social amnesia. The CD38 protein is a marker of cell activation. It has been connected to HIV infection, leukemias, myelomas, solid tumors, type II diabetes mellitus and bone metabolism, as well as some genetically determined conditions.</Text>  
	</GameDBLocalizedString>
	
	<GameDBLocalizedString>      
		<LocID>SYM_SLP_CM_CD43_BRIGHT</LocID>                               
		<Text>Leukosialin (CD43) Bright Expression</Text>  
	</GameDBLocalizedString>
            
	<GameDBLocalizedString>      
		<LocID>SYM_SLP_CM_CD43_BRIGHT_DESC</LocID>                   
		<Text>Leukosialin also known as sialophorin or CD43 (cluster of differentiation 43) is a transmembrane cell surface protein that in humans is encoded by the SPN (sialophorin) gene. Defects in the CD43 molecule are associated with the development of Wiskott-Aldrich syndrome. Using immunohistochemistry, CD43 can be demonstrated in the paracortical T-cells of healthy lymph nodes and tonsils; it is also positive in a range of lymphoid and myeloid tumours. Although it is present in over 90% of T-cell lymphomas, it is generally less effective at demonstrating this condition than is CD3 antigen. However, it may be useful as part of a panel to demonstrate B-cell lymphoblastic lymphoma, since the malignant cells in this condition are often CD43 positive, and may be difficult to stain with other antibodies.</Text>  
	</GameDBLocalizedString>
	
	<GameDBLocalizedString>      
		<LocID>SYM_SLP_CM_CD8_BRIGHT</LocID>                               
		<Text>CD8 Antigen Bright Expression</Text>  
	</GameDBLocalizedString>
            
	<GameDBLocalizedString>      
		<LocID>SYM_SLP_CM_CD8_BRIGHT_DESC</LocID>                   
		<Text>CD8 (cluster of differentiation 8) is a transmembrane glycoprotein that serves as a co-receptor for the T cell receptor (TCR). Like the TCR, CD8 binds to a major histocompatibility complex (MHC) molecule, but is specific for the class I MHC protein. The CD8 co-receptor is predominantly expressed on the surface of cytotoxic T cells, but can also be found on natural killer cells, cortical thymocytes, and dendritic cells. The CD8 molecule is a marker for cytotoxic T cell population. It is expressed in T cell lymphoblastic lymphoma and hypo-pigmented mycosis fungoides.</Text>  
	</GameDBLocalizedString>
	
	<GameDBLocalizedString>      
		<LocID>SYM_SLP_CM_CD3_BRIGHT</LocID>                               
		<Text>CD3 Antigen Bright Expression</Text>  
	</GameDBLocalizedString>
            
	<GameDBLocalizedString>      
		<LocID>SYM_SLP_CM_CD3_BRIGHT_DESC</LocID>                   
		<Text>In immunology, the CD3 (cluster of differentiation 3) T cell co-receptor helps to activate both the cytotoxic T cell (CD8+ naive T cells) and also T helper cells (CD4+ naive T cells). CD3 is initially expressed in the cytoplasm of pro-thymocytes, the stem cells from which T-cells arise in the thymus. The pro-thymocytes differentiate into common thymocytes, and then into medullary thymocytes, and it is at this latter stage that CD3 antigen begins to migrate to the cell membrane. The antigen is found bound to the membranes of all mature T-cells, and in virtually no other cell type, although it does appear to be present in small amounts in Purkinje cells. This high specificity, combined with the presence of CD3 at all stages of T-cell development, makes it a useful immunohistochemical marker for T-cells in tissue sections. The antigen remains present in almost all T-cell lymphomas and leukaemias, and can therefore be used to distinguish them from superficially similar B-cell and myeloid neoplasms.</Text>  
	</GameDBLocalizedString>
	
	<GameDBLocalizedString>      
		<LocID>SYM_SLP_CM_CD3_NEG</LocID>                               
		<Text>CD3 Antigen Negative Expression</Text>  
	</GameDBLocalizedString>
            
	<GameDBLocalizedString>      
		<LocID>SYM_SLP_CM_CD3_NEG_DESC</LocID>                   
		<Text>In immunology, the CD3 (cluster of differentiation 3) T cell co-receptor helps to activate both the cytotoxic T cell (CD8+ naive T cells) and also T helper cells (CD4+ naive T cells). CD3 is initially expressed in the cytoplasm of pro-thymocytes, the stem cells from which T-cells arise in the thymus. The pro-thymocytes differentiate into common thymocytes, and then into medullary thymocytes, and it is at this latter stage that CD3 antigen begins to migrate to the cell membrane. The antigen is found bound to the membranes of all mature T-cells, and in virtually no other cell type, although it does appear to be present in small amounts in Purkinje cells. This high specificity, combined with the presence of CD3 at all stages of T-cell development, makes it a useful immunohistochemical marker for T-cells in tissue sections. The antigen remains present in almost all T-cell lymphomas and leukaemias, and can therefore be used to distinguish them from superficially similar B-cell and myeloid neoplasms.</Text>  
	</GameDBLocalizedString>
	
	<GameDBLocalizedString>      
		<LocID>SYM_SLP_CM_CD16_BRIGHT</LocID>                               
		<Text>FcγRIII (CD16) Bright Expression</Text>  
	</GameDBLocalizedString>
            
	<GameDBLocalizedString>      
		<LocID>SYM_SLP_CM_CD16_BRIGHT_DESC</LocID>                   
		<Text>CD16, also known as FcγRIII, is a cluster of differentiation molecule found on the surface of natural killer cells, neutrophils, monocytes, and macrophages. CD16 has been identified as Fc receptors FcγRIIIa and FcγRIIIb, which participate in signal transduction. These receptors bind to the Fc portion of IgG antibodies, which then activates antibody-dependent cell-mediated cytotoxicity (ADCC) in human NK cells. CD16 is required for ADCC processes carried out by human monocytes. In humans, monocytes expressing CD16 have a variety of ADCC capabilities in the presence of specific antibodies, and can kill primary leukemic cells, cancer cell lines, and cells infected with hepatitis B virus. In addition, CD16 is able to mediate the direct killing of some virally infected and cancer cells without antibodies.</Text>  
	</GameDBLocalizedString>
	
	<GameDBLocalizedString>      
		<LocID>SYM_SLP_CM_CD56_BRIGHT</LocID>                               
		<Text>NC Adhesion Molecule (CD56) Bright Expression</Text>  
	</GameDBLocalizedString>
            
	<GameDBLocalizedString>      
		<LocID>SYM_SLP_CM_CD56_BRIGHT_DESC</LocID>                   
		<Text>Neural cell adhesion molecule (NCAM), also called CD56, is a homophilic binding glycoprotein expressed on the surface of neurons, glia and skeletal muscle. Although CD56 is often considered a marker of neural lineage commitment due to its discovery site, CD56 expression is also found in, among others, the hematopoietic system. Here, the expression of CD56 is most stringently associated with, but certainly not limited to, natural killer cells. In anatomic pathology, pathologists make use of CD56 immunohistochemistry to recognize certain tumors. Tumors that are CD56-positive are myeloma, myeloid leukemia, neuroendocrine tumors, Wilms' tumor, neuroblastoma, extranodal NK/T-cell lymphoma, nasal type, pancreatic acinar cell carcinoma, pheochromocytoma, paraganglioma, small cell lung carcinoma, and the Ewing's sarcoma family of tumors.</Text>  
	</GameDBLocalizedString>
	
	<GameDBLocalizedString>      
		<LocID>SYM_SLP_CM_HLADR_BRIGHT</LocID>                               
		<Text>HLA-DR Bright Expression</Text>  
	</GameDBLocalizedString>
            
	<GameDBLocalizedString>      
		<LocID>SYM_SLP_CM_HLADR_BRIGHT_DESC</LocID>                   
		<Text>HLA-DR is an MHC class II cell surface receptor encoded by the human leukocyte antigen complex on chromosome 6 region 6p21.31. The complex of HLA-DR and peptide, generally between 9 and 30 amino acids in length, constitutes a ligand for the T-cell receptor.</Text>  
	</GameDBLocalizedString>
	
	<!-- ############### NORMAL STRINGS ############### -->
	
	<GameDBLocalizedString>      
		<LocID>SYM_SLP_PANCYTOPENIA</LocID>                               
		<Text>Pancytopenia</Text>  
	</GameDBLocalizedString>
            
	<GameDBLocalizedString>      
		<LocID>SYM_SLP_PANCYTOPENIA_DESC</LocID>                   
		<Text>Pancytopenia is a condition that occurs when a person has low counts for all three types of blood cells: red blood cells, white blood cells, and platelets. Pancytopenia is usually due to a problem with the bone marrow that produces the blood cells. However, there can be several different underlying causes.</Text>  
	</GameDBLocalizedString>
	
	<GameDBLocalizedString>      
		<LocID>SYM_SLP_HAIRYCELL</LocID>                               
		<Text>Hairy Looking Cell</Text>  
	</GameDBLocalizedString>
            
	<GameDBLocalizedString>      
		<LocID>SYM_SLP_HAIRYCELL_DESC</LocID>                   
		<Text>Hairy cells are abnormal white blood cells with hair-like projections of cytoplasm. They are a staple sign of Hairy cell leukemia.</Text>  
	</GameDBLocalizedString>
	
	<GameDBLocalizedString>      
		<LocID>SYM_SLP_SM_P_003</LocID>                               
		<Text>TRAP Enzyme Detected</Text>  
	</GameDBLocalizedString>
            
	<GameDBLocalizedString>      
		<LocID>SYM_SLP_SM_P_003_DESC</LocID>                   
		<Text>Tartrate-resistant acid phosphatase (TRAP or TRAPase), also called acid phosphatase 5, tartrate resistant (ACP5), is a glycosylated monomeric metalloprotein enzyme expressed in mammals. It has a molecular weight of approximately 35kDa, a basic isoelectric point (7.6–9.5), and optimal activity in acidic conditions.</Text>  
	</GameDBLocalizedString>
	
	<GameDBLocalizedString>      
		<LocID>SYM_SLP_CDF_T_08</LocID>                               
		<Text>BRAF V600E Mutation Detected</Text>  
	</GameDBLocalizedString>
            
	<GameDBLocalizedString>      
		<LocID>SYM_SLP_CDF_T_08_DESC</LocID>                   
		<Text>The B-Raf proto-oncogene (BRAF) encodes a cytoplasmic serine/threonine kinase with a key role in regulating the mitogen-activated protein kinase signal transduction pathway. An activating missense mutation in codon 600 of exon 15 (V600E) of BRAF gene has been identified in multiple neoplasms including melanoma, colorectal carcinoma, papillary thyroid carcinoma, hairy cell leukemia, and Langerhans cell histiocytosis.</Text>  
	</GameDBLocalizedString>
	
	<GameDBLocalizedString>      
		<LocID>SYM_SLP_CDF_T_09</LocID>                               
		<Text>IGHV Hypermutation Detected</Text>  
	</GameDBLocalizedString>
            
	<GameDBLocalizedString>      
		<LocID>SYM_SLP_CDF_T_09_DESC</LocID>                   
		<Text>Ig heavy chain V-III region VH26 is a protein that in humans is encoded by the IGHV@ gene. IGHV is the immunoglobulin heavy chain variable region genes; in B-cell neoplasms like chronic lymphocytic leukemia, mutations of IGHV are associated with better responses to some treatments and with prolonged survival. Approximately 80 to 90 percent of HCL patients have a hypermutation in immunoglobulin heavy chain variable gene. </Text>  
	</GameDBLocalizedString>
	
	<GameDBLocalizedString>      
		<LocID>SYM_ONCO_BLC06_0_DETECTED</LocID>                               
		<Text>Hairy Cell Leukaemia (HCL) Detected</Text>  
	</GameDBLocalizedString>
            
	<GameDBLocalizedString>      
		<LocID>SYM_ONCO_BLC06_0_DETECTED_DESC</LocID>                   
		<Text>Testing has detected Hairy Cell Leukaemia.</Text>  
	</GameDBLocalizedString>
	
	<GameDBLocalizedString>      
		<LocID>SYM_ONCO_BLC06_1_DETECTED</LocID>                               
		<Text>Hairy Cell Leukaemia Variant (HCL-V) Detected</Text>  
	</GameDBLocalizedString>
            
	<GameDBLocalizedString>      
		<LocID>SYM_ONCO_BLC06_1_DETECTED_DESC</LocID>                   
		<Text>Testing has detected Hairy Cell Leukaemia with evidence it is a rare variant.</Text>  
	</GameDBLocalizedString>
	
	<GameDBLocalizedString>      
		<LocID>SYM_SLP_CDF_T_10</LocID>                               
		<Text>Deletion Chromosome 17p13 Detected</Text>  
	</GameDBLocalizedString>
            
	<GameDBLocalizedString>      
		<LocID>SYM_SLP_CDF_T_10_DESC</LocID>                   
		<Text>Testing has detected Chromosome 17p13 is deleted from the patient's tested cells.</Text>  
	</GameDBLocalizedString>
	
	<GameDBLocalizedString>      
		<LocID>SYM_SLP_NECROSIS</LocID>                               
		<Text>Necrosis</Text>  
	</GameDBLocalizedString>
            
	<GameDBLocalizedString>      
		<LocID>SYM_SLP_NECROSIS_DESC</LocID>                   
		<Text>Necrosis is a form of cell injury which results in the premature death of cells in living tissue by autolysis.</Text>  
	</GameDBLocalizedString>
	
	<GameDBLocalizedString>      
		<LocID>SYM_SLP_LPT1</LocID>                               
		<Text>Large Primary Tumour Detected</Text>  
	</GameDBLocalizedString>
            
	<GameDBLocalizedString>      
		<LocID>SYM_SLP_LPT1_DESC</LocID>                   
		<Text>Testing has detected a Large Primary Tumour within the patient, this can sometimes be sign that the cancer is in a more advanced state.</Text>  
	</GameDBLocalizedString>
	
	</LocalizedStrings>
	</GameDBStringTable>
</Database>