﻿<?xml version="1.0" encoding="utf-8"?>
<Database>
  <GameDBStringTable ID="LOC_TR_ADDON_ONCOLOGYSL_EXAMINATIONS">
    <LanguageCode>tr</LanguageCode>
    <LanguageNameLocalized>Türkçe</LanguageNameLocalized>
    <Contributors>
      <Name>gokustan</Name>
    </Contributors>
    <LocalizedStrings>
      <!-- Examinations -->
      <GameDBLocalizedString>
        <LocID>EXM_SLP_CCBT</LocID>
        <Text>Katekolamin kan örneklemesi</Text>
      </GameDBLocalizedString>
      <GameDBLocalizedString>
        <LocID>EXM_SLP_CCBT_DESC</LocID>
        <Text>Katekolamin kan testi vücutta bulunan katekolamin miktarını ölçer. Katekolamin ifadesi dopamin, epinefrin ve norepinefrin hormonlarını kapsar. \n\nGerekli laboratuvar: Hematoloji</Text>
      </GameDBLocalizedString>
      <GameDBLocalizedString>
        <LocID>EXM_SLP_CCBT_TEST</LocID>
        <Text>Katekolamin kan testi</Text>
      </GameDBLocalizedString>
      <GameDBLocalizedString>
        <LocID>EXM_SLP_CCBT_TEST_DESC</LocID>
        <Text>Katekolamin kan testi vücutta bulunan katekolamin miktarını ölçer. Katekolamin ifadesi dopamin, epinefrin ve norepinefrin hormonlarını kapsar.</Text>
      </GameDBLocalizedString>
      <GameDBLocalizedString>
        <LocID>EXM_SLP_CA</LocID>
        <Text>CA kan örneklemesi</Text>
      </GameDBLocalizedString>
      <GameDBLocalizedString>
        <LocID>EXM_SLP_CA_DESC</LocID>
        <Text>Kanser antijeni (CA) testi, çeşitli kanser türlerinin tanı ve takibinde kullanılan bir kan tetkikidir. Tümör markerları vücut tarafından kansere karşı üretilen veya kanserin kendisinin ürettiği çoğunlukla protein vasfında maddelerdir. Pek çok marker kanserde olduğu gibi non-kanseröz durumlarda da görülebilir. Bu nedenle kanser tanısında tek başına kullanılmazlar. \n\nGerekli laboratuvar: Hematoloji</Text>
      </GameDBLocalizedString>
      <GameDBLocalizedString>
        <LocID>EXM_SLP_CA_TEST</LocID>
        <Text>CA kan testi</Text>
      </GameDBLocalizedString>
      <GameDBLocalizedString>
        <LocID>EXM_SLP_CA_TEST_DESC</LocID>
        <Text>Kanser antijeni (CA) testi, çeşitli kanser türlerinin tanı ve takibinde kullanılan bir kan tetkikidir. Tümör markerları vücut tarafından kansere karşı üretilen veya kanserin kendisinin ürettiği çoğunlukla protein vasfında maddelerdir. Pek çok marker kanserde olduğu gibi non-kanseröz durumlarda da görülebilir. Bu nedenle kanser tanısında tek başına kullanılmazlar.</Text>
      </GameDBLocalizedString>
      <GameDBLocalizedString>
        <LocID>EXM_SLP_COLONOSCOPY</LocID>
        <Text>Kolonoskopi</Text>
      </GameDBLocalizedString>
      <GameDBLocalizedString>
        <LocID>EXM_SLP_COLONOSCOPY_DESC</LocID>
        <Text>Kolonoskopi; kanser, kolon polipi ve diğer kolonda bulunan anormallikleri tespit etmek için uygulanan bir tıbbi prosedürdür. Kolonoskop adında (bir çeşit endoskop) bir alet kullanılır; uzun, ince ve esnek bir tüp şeklindedir, üzerinde kamera ve ışık kaynağı bulunur.</Text>
      </GameDBLocalizedString>
      <GameDBLocalizedString>
        <LocID>EXM_SLP_UAS</LocID>
        <Text>İdrar antijen testi örneklemesi</Text>
      </GameDBLocalizedString>
      <GameDBLocalizedString>
        <LocID>EXM_SLP_UAS_DESC</LocID>
        <Text>İdrarda bulunan kanser antijenlerini tespit etmek için kullanılır. Böbreklerden atılan antijen miktarından yararlanılarak hızlı bir şekilde sonuç alınabilir. \n\nGerekli laboratuvar: Histoloji</Text>
      </GameDBLocalizedString>
      <GameDBLocalizedString>
        <LocID>EXM_SLP_UAS_TEST</LocID>
        <Text>İdrar antijen testi</Text>
      </GameDBLocalizedString>
      <GameDBLocalizedString>
        <LocID>EXM_SLP_UAS_TEST_DESC</LocID>
        <Text>İdrarda bulunan kanser antijenlerini tespit etmek için kullanılır. Böbreklerden atılan antijen miktarından yararlanılarak hızlı bir şekilde sonuç alınabilir.</Text>
      </GameDBLocalizedString>
      <GameDBLocalizedString>
        <LocID>EXM_SLP_BONEBIOPSY_SAMPLE</LocID>
        <Text>Kemik iliği biyopsi örneklemesi</Text>
      </GameDBLocalizedString>
      <GameDBLocalizedString>
        <LocID>EXM_SLP_BONEBIOPSY_SAMPLE_DESC</LocID>
        <Text>Kemik iliği biyopsisi, iliğin yapısının korunduğu silindirik bir kor alınması şeklinde yapılır. Biyopsi örneğinin bir uzman tarafından sellüleritesi, mevcut hücrelerin kemik iliğinde bulunan diğer komponentlere kıyasla volümü, anormal infiltrat mevcudiyeti ve farklı hücre dizilerinin yeterli sayıda olup olmadığı değerlendirilir. \n\nGerekli laboratuvar: Histoloji</Text>
      </GameDBLocalizedString>
      <GameDBLocalizedString>
        <LocID>EXM_SLP_BONEBIOPSY_TEST</LocID>
        <Text>Kemik iliği biyopsi testi</Text>
      </GameDBLocalizedString>
      <GameDBLocalizedString>
        <LocID>EXM_SLP_BONEBIOPSY_TEST_DESC</LocID>
        <Text>Kemik iliği biyopsisi, iliğin yapısının korunduğu silindirik bir kor alınması şeklinde yapılır. Biyopsi örneğinin bir uzman tarafından sellüleritesi, mevcut hücrelerin kemik iliğinde bulunan diğer komponentlere kıyasla volümü, anormal infiltrat mevcudiyeti ve farklı hücre dizilerinin yeterli sayıda olup olmadığı değerlendirilir.</Text>
      </GameDBLocalizedString>
      <GameDBLocalizedString>
        <LocID>EXM_SLP_FLOWCYT</LocID>
        <Text>Akım sitometri örneklemesi</Text>
      </GameDBLocalizedString>
      <GameDBLocalizedString>
        <LocID>EXM_SLP_FLOWCYT_DESC</LocID>
        <Text>Akım sitometrisi, bir hücre veya partikül popülasyonunun fiziksel ve kimyasal özelliklerini tespit etmeye yarayan bir tekniktir. Hücreleri veya partikülleri içeren örnek, bir sıvı içerisinde süspansiyon haline getirilir, daha sonra akım sitometri cihazına enjekte edilir. \n\nGerekli laboratuvar: Histoloji</Text>
      </GameDBLocalizedString>
      <GameDBLocalizedString>
        <LocID>EXM_SLP_FLOWCYT_TEST</LocID>
        <Text>Akım sitometri testi</Text>
      </GameDBLocalizedString>
      <GameDBLocalizedString>
        <LocID>EXM_SLP_FLOWCYT_TEST_DESC</LocID>
        <Text>Akım sitometrisi, bir hücre veya partikül popülasyonunun fiziksel ve kimyasal özelliklerini tespit etmeye yarayan bir tekniktir. Hücreleri veya partikülleri içeren örnek, bir sıvı içerisinde süspansiyon haline getirilir, daha sonra akım sitometri cihazına enjekte edilir.</Text>
      </GameDBLocalizedString>
      <GameDBLocalizedString>
        <LocID>EXM_SLP_CBC_SAMPLING</LocID>
        <Text>(Onkoloji) Tam Kan Sayımı - örnek al</Text>
      </GameDBLocalizedString>
      <GameDBLocalizedString>
        <LocID>EXM_SLP_BLOOD_SMEAR_SAMPLE</LocID>
        <Text>Periferik yayma örneği</Text>
      </GameDBLocalizedString>
      <GameDBLocalizedString>
        <LocID>EXM_SLP_BLOOD_SMEAR_SAMPLE_DESC</LocID>
        <Text>Periferik kan yayması, kanın ince bir katman olacak şekilde lam üzerine yayılması, daha sonra çeşitli kan hücrelerinin mikroskopik olarak incelenmesine olanak tanıyacak şekilde boyanması işlemidir. \n\nGerekli laboratuvar: Hematoloji</Text>
      </GameDBLocalizedString>
      <GameDBLocalizedString>
        <LocID>EXM_SLP_BLOOD_SMEAR_TEST</LocID>
        <Text>Periferik yayma testi</Text>
      </GameDBLocalizedString>
      <GameDBLocalizedString>
        <LocID>EXM_SLP_BLOOD_SMEAR_TEST_DESC</LocID>
        <Text>Periferik kan yayması, kanın ince bir katman olacak şekilde lam üzerine yayılması, daha sonra çeşitli kan hücrelerinin mikroskopik olarak incelenmesine olanak tanıyacak şekilde boyanması işlemidir.</Text>
      </GameDBLocalizedString>
      <GameDBLocalizedString>
        <LocID>EXM_SLP_LIVER_FT_SAMPLING</LocID>
        <Text>Karaciğer fonksiyon testi örneklemesi</Text>
      </GameDBLocalizedString>
      <GameDBLocalizedString>
        <LocID>EXM_SLP_LIVER_FT_SAMPLING_DESC</LocID>
        <Text>Karaciğer fonksiyon testi (KFT) karaciğerin işlevi hakkında bilgi veren kan testleridir. Karaciğer hücreleri tarafından üretilen veya tahrip olan karaciğer hücrelerinden kana salınan protein ve enzim miktarını ölçerler. \n\nGerekli laboratuvar: Hematoloji</Text>
      </GameDBLocalizedString>
      <GameDBLocalizedString>
        <LocID>EXM_SLP_LIVER_FT_TEST</LocID>
        <Text>Karaciğer fonksiyon testi</Text>
      </GameDBLocalizedString>
      <GameDBLocalizedString>
        <LocID>EXM_SLP_LIVER_FT_TEST_DESC</LocID>
        <Text>Karaciğer fonksiyon testi (KFT) karaciğerin işlevi hakkında bilgi veren kan testleridir. Karaciğer hücreleri tarafından üretilen veya tahrip olan karaciğer hücrelerinden kana salınan protein ve enzim miktarını ölçerler.</Text>
      </GameDBLocalizedString>
      <GameDBLocalizedString>
        <LocID>EXM_SLP_FISH_SAMPLE</LocID>
        <Text>FISH örneklemesi</Text>
      </GameDBLocalizedString>
      <GameDBLocalizedString>
        <LocID>EXM_SLP_FISH_SAMPLE_DESC</LocID>
        <Text>Floresan in situ hibridizasyon (FISH) sadece yüksek derecede sekans komplemanlığı gösteren nükleik asit sekansları kısımlarına bağlanan floresan problarının kullanılması prensibine dayanan moleküler sitogenetik bir tekniktir. 1980'lerde kromozomlarda bulunan spesifik DNA dizilerinin varlığını veya yokluğunu tespit ve lokalize etmek üzere biyomedikal araştırmacılarca geliştirilmiştir. Floresan mikroskopi, kromozomlara bağlanan floresan probları tespit etmek için kullanılır. FISH genellikle genetik danışmanlıkta, tıpta ve tür identifikasyonunda DNA'nın spesifik özelliklerini tespit etmek için kullanılır. FISH aynı zamanda spesifik RNA hedeflerinin (mRNA, lncRNA ve miRNA) tespitinde ve lokalizasyonunda da kullanılabilir. \n\nGerekli laboratuvar: Histoloji</Text>
      </GameDBLocalizedString>
      <GameDBLocalizedString>
        <LocID>EXM_SLP_FISH_TEST</LocID>
        <Text>FISH testi</Text>
      </GameDBLocalizedString>
      <GameDBLocalizedString>
        <LocID>EXM_SLP_FISH_TEST_DESC</LocID>
        <Text>Floresan in situ hibridizasyon (FISH) sadece yüksek derecede sekans komplemanlığı gösteren nükleik asit sekansları kısımlarına bağlanan floresan problarının kullanılması prensibine dayanan moleküler sitogenetik bir tekniktir. 1980'lerde kromozomlarda bulunan spesifik DNA dizilerinin varlığını veya yokluğunu tespit ve lokalize etmek üzere biyomedikal araştırmacılarca geliştirilmiştir. Floresan mikroskopi, kromozomlara bağlanan floresan probları tespit etmek için kullanılır. FISH genellikle genetik danışmanlıkta, tıpta ve tür identifikasyonunda DNA'nın spesifik özelliklerini tespit etmek için kullanılır. FISH aynı zamanda spesifik RNA hedeflerinin (mRNA, lncRNA ve miRNA) tespitinde ve lokalizasyonunda da kullanılabilir.</Text>
      </GameDBLocalizedString>
      <GameDBLocalizedString>
        <LocID>EXM_SLP_IV_STAINING_SAMPLE</LocID>
        <Text>In vitro boyama örneklemesi</Text>
      </GameDBLocalizedString>
      <GameDBLocalizedString>
        <LocID>EXM_SLP_IV_STAINING_SAMPLE_DESC</LocID>
        <Text>Boyama, alınan örneklerde mikroskopik düzeyde kontrastı arttırmak için kullanılan bir tekniktir. Boyalar sıklıkla mikroskopik düzeyde çalışan ve tanı koyan bilim dalları olan histolojide (mikroskop altında doku incelemeye dayanan bilim dalı), histopatoloji, hematoloji ve sitopatolojide kullanılır. Boyalar biyolojik dokuları tanımlamada (örneğin kas liflerini veya bağ dokuyu ön plana çıkararak), hücre popülasyonlarını tanımlamada (farklı kan hücrelerini sınıflandırarak) veya hücrelerin içinde bulunan organelleri tanımlamada kullanılabilir. \n\nGerekli laboratuvar: Histoloji</Text>
      </GameDBLocalizedString>
      <GameDBLocalizedString>
        <LocID>EXM_SLP_IV_STAINING_TEST</LocID>
        <Text>In vitro boyama testi</Text>
      </GameDBLocalizedString>
      <GameDBLocalizedString>
        <LocID>EXM_SLP_IV_STAINING_TEST_DESC</LocID>
        <Text>Boyama, alınan örneklerde mikroskopik düzeyde kontrastı arttırmak için kullanılan bir tekniktir. Boyalar sıklıkla mikroskopik düzeyde çalışan ve tanı koyan bilim dalları olan histolojide (mikroskop altında doku incelemeye dayanan bilim dalı), histopatoloji, hematoloji ve sitopatolojide kullanılır. Boyalar biyolojik dokuları tanımlamada (örneğin kas liflerini veya bağ dokuyu ön plana çıkararak), hücre popülasyonlarını tanımlamada (farklı kan hücrelerini sınıflandırarak) veya hücrelerin içinde bulunan organelleri tanımlamada kullanılabilir.</Text>
      </GameDBLocalizedString>
      <!--v0.13-->
      <GameDBLocalizedString>
        <LocID>EXM_SL_X_RAY_MAMMOGRAM</LocID>
        <Text>Mamografi</Text>
      </GameDBLocalizedString>
      <GameDBLocalizedString>
        <LocID>EXM_SL_X_RAY_MAMMOGRAM_DESC</LocID>
        <Text>Mamografi, meme dokusunun X-ray görüntülenmesidir, fizik muayene ile tespit edilemeyecek kadar küçük değişiklikler bu şekilde saptanabilir. \n\nGerekli oda: Röntgen odası</Text>
      </GameDBLocalizedString>
      <GameDBLocalizedString>
        <LocID>EXM_SLP_FNA_SAMPLE</LocID>
        <Text>İnce iğne aspirasyon örneklemesi</Text>
      </GameDBLocalizedString>
      <GameDBLocalizedString>
        <LocID>EXM_SLP_FNA_SAMPLE_DESC</LocID>
        <Text>İnce iğne aspirasyonu doku, hücre veya sıvı örneği almak üzere yapılan daha hızlı ve daha az ağrılı bir biyopsi tekniğidir. İnce iğne ile biyopsi alınacak yere girilir ve örnek alınır. Diğer biyopsilerde olduğu gibi alınan örnek kanser tanısı koyabilir yahut kanseri ekarte edebilir. \n\nGerekli laboratuvar: Histoloji</Text>
      </GameDBLocalizedString>
      <GameDBLocalizedString>
        <LocID>EXM_SLP_FNA_TEST</LocID>
        <Text>İnce iğne aspirasyon testi</Text>
      </GameDBLocalizedString>
      <GameDBLocalizedString>
        <LocID>EXM_SLP_FNA_TEST_DESC</LocID>
        <Text>İnce iğne aspirasyonu doku, hücre veya sıvı örneği almak üzere yapılan daha hızlı ve daha az ağrılı bir biyopsi tekniğidir. İnce iğne ile biyopsi alınacak yere girilir ve örnek alınır. Diğer biyopsilerde olduğu gibi alınan örnek kanser tanısı koyabilir yahut kanseri ekarte edebilir.</Text>
      </GameDBLocalizedString>
      <GameDBLocalizedString>
        <LocID>EXM_SLP_EMICRO_SAMPLE</LocID>
        <Text>Elektron mikroskopisi örneklemesi</Text>
      </GameDBLocalizedString>
      <GameDBLocalizedString>
        <LocID>EXM_SLP_EMICRO_SAMPLE_DESC</LocID>
        <Text>Tanısal elektron mikroskopisi, insan dokularını yüksek büyütmede incelemek üzere kullanılan önemli bir tanısal araçtır. Solit dokular diğer dokularla aynı şekilde hazırlanır, glutaraldehit'te fikse edilir, osmium tetroksit ile dehidrate edilir ve epoksi reçineye gömülür. \n\nGerekli laboratuvar: Histoloji</Text>
      </GameDBLocalizedString>
      <GameDBLocalizedString>
        <LocID>EXM_SLP_EMICRO_TEST</LocID>
        <Text>Elektron mikroskopisi testi</Text>
      </GameDBLocalizedString>
      <GameDBLocalizedString>
        <LocID>EXM_SLP_EMICRO_TEST_DESC</LocID>
        <Text>Tanısal elektron mikroskopisi, insan dokularını yüksek büyütmede incelemek üzere kullanılan önemli bir tanısal araçtır. Solit dokular diğer dokularla aynı şekilde hazırlanır, glutaraldehit'te fikse edilir, osmium tetroksit ile dehidrate edilir ve epoksi reçineye gömülür.</Text>
      </GameDBLocalizedString>
      <GameDBLocalizedString>
        <LocID>EXM_SLP_PELVIC_EXAM</LocID>
        <Text>Pelvik muayene</Text>
      </GameDBLocalizedString>
      <GameDBLocalizedString>
        <LocID>EXM_SLP_PELVIC_EXAM_DESC</LocID>
        <Text>Pelvik muayenede hekim tarafından kadın üreme organlarının fizik muayenesi yapılır. Vajina, serviks, tuba uterina, vulva, overler ve uterus muayene edilir.</Text>
      </GameDBLocalizedString>
      <GameDBLocalizedString>
        <LocID>EXM_SLP_DRE_EXAM</LocID>
        <Text>Dijital rektal muayene</Text>
      </GameDBLocalizedString>
      <GameDBLocalizedString>
        <LocID>EXM_SLP_DRE_EXAM_DESC</LocID>
        <Text>Dijital rektal muayene erkek ve kadınlara yapılır. Alt rektum, pelvis, alt karın; kanser (özellikle prostat kanseri) ve diğer sağlık problemleri açısından değerlendirilir.</Text>
      </GameDBLocalizedString>
      <GameDBLocalizedString>
        <LocID>EXM_SLP_MINERALT_SAMPLE</LocID>
        <Text>Ayrıntılı kan mineral örneklemesi</Text>
      </GameDBLocalizedString>
      <GameDBLocalizedString>
        <LocID>EXM_SLP_MINERALT_SAMPLE_DESC</LocID>
        <Text>Ayrıntılı kan mineral testinde kalsiyum, bakır, magnezyum, mangan ve çinko düzeyleri değerlendirilir, yetmezlik ve aşırı maruziyet durumları araştırılır. \n\nGerekli laboratuvar: Hematoloji</Text>
      </GameDBLocalizedString>
      <GameDBLocalizedString>
        <LocID>EXM_SLP_MINERALT_TEST</LocID>
        <Text>Ayrıntılı kan mineral testi</Text>
      </GameDBLocalizedString>
      <GameDBLocalizedString>
        <LocID>EXM_SLP_MINERALT_TEST_DESC</LocID>
        <Text>Ayrıntılı kan mineral testinde kalsiyum, bakır, magnezyum, mangan ve çinko düzeyleri değerlendirilir, yetmezlik ve aşırı maruziyet durumları araştırılır.</Text>
      </GameDBLocalizedString>
      <GameDBLocalizedString>
        <LocID>EXM_SLP_LYMPHBIOPSY_SAMPLE</LocID>
        <Text>Lenf nodu biyopsi örneklemesi</Text>
      </GameDBLocalizedString>
      <GameDBLocalizedString>
        <LocID>EXM_SLP_LYMPHBIOPSY_SAMPLE_DESC</LocID>
        <Text>Lenf nodu biyopsisi, çıkarılan lenf nodu veya lenf nodu parçasının mikroskop altında incelenmesi için yapılır. Bu şekilde hastanın enfeksiyon geçirdiği, immün bozukluğa sahip olduğu veya kanser hastası olduğu tespit edilebilir. \n\nGerekli laboratuvar: Histoloji</Text>
      </GameDBLocalizedString>
      <GameDBLocalizedString>
        <LocID>EXM_SLP_LYMPHBIOPSY_TEST</LocID>
        <Text>Lenf nodu biyopsi testi</Text>
      </GameDBLocalizedString>
      <GameDBLocalizedString>
        <LocID>EXM_SLP_LYMPHBIOPSY_TEST_DESC</LocID>
        <Text>Lenf nodu biyopsisi, çıkarılan lenf nodu veya lenf nodu parçasının mikroskop altında incelenmesi için yapılır. Bu şekilde hastanın enfeksiyon geçirdiği, immün bozukluğa sahip olduğu veya kanser hastası olduğu tespit edilebilir.</Text>
      </GameDBLocalizedString>
      <!--Obsolete-->
      <GameDBLocalizedString>
        <LocID>EXM_SLP_CEA</LocID>
        <!-- ############# OBSOLETE - ADDED IN FOR CRASH PROTECTION -->
        <Text>(ESKİ SÜRÜM) Test kaldırıldı</Text>
      </GameDBLocalizedString>
      <GameDBLocalizedString>
        <LocID>EXM_SLP_CEA_DESC</LocID>
        <!-- ############# OBSOLETE - ADDED IN FOR CRASH PROTECTION -->
        <Text>Bu test Onkoloji modundan kaldırıldı, ancak kayıtlı oyunlarda çökme yaşanmaması için test kodu silinmedi.</Text>
      </GameDBLocalizedString>
      <GameDBLocalizedString>
        <LocID>EXM_SLP_CEA_TEST</LocID>
        <!-- ############# OBSOLETE - ADDED IN FOR CRASH PROTECTION -->
        <Text>(ESKİ SÜRÜM) Test kaldırıldı</Text>
      </GameDBLocalizedString>
      <GameDBLocalizedString>
        <LocID>EXM_SLP_CEA_TEST_DESC</LocID>
        <!-- ############# OBSOLETE - ADDED IN FOR CRASH PROTECTION -->
        <Text>Bu test Onkoloji modundan kaldırıldı, ancak kayıtlı oyunlarda çökme yaşanmaması için test kodu silinmedi.</Text>
      </GameDBLocalizedString>
      <GameDBLocalizedString>
        <LocID>EXM_SLP_5HIAA</LocID>
        <!-- ############# OBSOLETE - ADDED IN FOR CRASH PROTECTION -->
        <Text>(ESKİ SÜRÜM) Test kaldırıldı</Text>
      </GameDBLocalizedString>
      <GameDBLocalizedString>
        <LocID>EXM_SLP_5HIAA_DESC</LocID>
        <!-- ############# OBSOLETE - ADDED IN FOR CRASH PROTECTION -->
        <Text>Bu test Onkoloji modundan kaldırıldı, ancak kayıtlı oyunlarda çökme yaşanmaması için test kodu silinmedi.</Text>
      </GameDBLocalizedString>
      <GameDBLocalizedString>
        <LocID>EXM_SLP_5HIAA_TEST</LocID>
        <!-- ############# OBSOLETE - ADDED IN FOR CRASH PROTECTION -->
        <Text>(ESKİ SÜRÜM) Test kaldırıldı</Text>
      </GameDBLocalizedString>
      <GameDBLocalizedString>
        <LocID>EXM_SLP_5HIAA_TEST_DESC</LocID>
        <!-- ############# OBSOLETE - ADDED IN FOR CRASH PROTECTION -->
        <Text>Bu test Onkoloji modundan kaldırıldı, ancak kayıtlı oyunlarda çökme yaşanmaması için test kodu silinmedi.</Text>
      </GameDBLocalizedString>
      <GameDBLocalizedString>
        <LocID>EXM_SLP_CHRAB</LocID>
        <!-- ############# OBSOLETE - ADDED IN FOR CRASH PROTECTION -->
        <Text>(ESKİ SÜRÜM) Test kaldırıldı</Text>
      </GameDBLocalizedString>
      <GameDBLocalizedString>
        <LocID>EXM_SLP_CHRAB_DESC</LocID>
        <!-- ############# OBSOLETE - ADDED IN FOR CRASH PROTECTION -->
        <Text>Bu test Onkoloji modundan kaldırıldı, ancak kayıtlı oyunlarda çökme yaşanmaması için test kodu silinmedi.</Text>
      </GameDBLocalizedString>
      <GameDBLocalizedString>
        <LocID>EXM_SLP_CHRAB_TEST</LocID>
        <!-- ############# OBSOLETE - ADDED IN FOR CRASH PROTECTION -->
        <Text>(ESKİ SÜRÜM) Test kaldırıldı</Text>
      </GameDBLocalizedString>
      <GameDBLocalizedString>
        <LocID>EXM_SLP_CHRAB_TEST_DESC</LocID>
        <!-- ############# OBSOLETE - ADDED IN FOR CRASH PROTECTION -->
        <Text>Bu test Onkoloji modundan kaldırıldı, ancak kayıtlı oyunlarda çökme yaşanmaması için test kodu silinmedi.</Text>
      </GameDBLocalizedString>
      <!-- ### ### -->
      <!-- ######################################## Content for V0.13.2.0 Added Below ######################################## -->
      <!-- ### ### -->
      <GameDBLocalizedString>
        <LocID>EXM_SLP_COLONOSCOPY_BIOPSY_SAMPLE</LocID>
        <Text>Kolonoskopi biyopsi örneklemesi</Text>
      </GameDBLocalizedString>
      <GameDBLocalizedString>
        <LocID>EXM_SLP_COLONOSCOPY_BIOPSY_SAMPLE_DESC</LocID>
        <Text>Kolonoskopi; kanser, kolon polipi ve diğer kolonda bulunan anormallikleri tespit etmek için uygulanan bir tıbbi prosedürdür. Kolonoskop adında (bir çeşit endoskop) bir alet kullanılır; uzun, ince ve esnek bir tüp şeklindedir, üzerinde kamera ve ışık kaynağı bulunur. Kolonoskopi sırasında doktor kolonoskop içerisinden bir alet geçirerek daha sonra incelenmek üzere biyopsi örneği alır. \n\nGerekli laboratuvar: Histoloji</Text>
      </GameDBLocalizedString>
      <GameDBLocalizedString>
        <LocID>EXM_SLP_COLONOSCOPY_BIOPSY_TEST</LocID>
        <Text>Kolonoskopi biyopsi testi</Text>
      </GameDBLocalizedString>
      <GameDBLocalizedString>
        <LocID>EXM_SLP_COLONOSCOPY_BIOPSY_TEST_DESC</LocID>
        <Text>Kolonoskopi; kanser, kolon polipi ve diğer kolonda bulunan anormallikleri tespit etmek için uygulanan bir tıbbi prosedürdür. Kolonoskop adında (bir çeşit endoskop) bir alet kullanılır; uzun, ince ve esnek bir tüp şeklindedir, üzerinde kamera ve ışık kaynağı bulunur. Kolonoskopi sırasında doktor kolonoskop içerisinden bir alet geçirerek daha sonra incelenmek üzere biyopsi örneği alır.</Text>
      </GameDBLocalizedString>
      <!-- ### ### -->
      <!-- ######################################## Content for V0.13.3.0 Added Below ######################################## -->
      <!-- ### ### -->
      <GameDBLocalizedString>
        <LocID>EXM_SLP_LIVER_BIOPSY_SAMPLE</LocID>
        <Text>Karaciğer biyopsi örneklemesi</Text>
      </GameDBLocalizedString>
      <GameDBLocalizedString>
        <LocID>EXM_SLP_LIVER_BIOPSY_SAMPLE_DESC</LocID>
        <Text>Karaciğer biyopsisi, karaciğere ince bir iğne ile girerek doku örneği alma işlemidir. Alınan örnek daha sonra laboratuvarda incelenir ve doktorun tanıya ulaşmasına yardımcı bilgiler sağlar. \n\nGerekli laboratuvar: Histoloji</Text>
      </GameDBLocalizedString>
      <GameDBLocalizedString>
        <LocID>EXM_SLP_LIVER_BIOPSY_TEST</LocID>
        <Text>Karaciğer biyopsi testi</Text>
      </GameDBLocalizedString>
      <GameDBLocalizedString>
        <LocID>EXM_SLP_LIVER_BIOPSY_TEST_DESC</LocID>
        <Text>Karaciğer biyopsisi, karaciğere ince bir iğne ile girerek doku örneği alma işlemidir. Alınan örnek daha sonra laboratuvarda incelenir ve doktorun tanıya ulaşmasına yardımcı bilgiler sağlar.</Text>
      </GameDBLocalizedString>
      <!-- ### ### -->
      <!-- ######################################## Content for V0.13.4.0 Added Below ######################################## -->
      <!-- ### ### -->
    </LocalizedStrings>
  </GameDBStringTable>
</Database>