<?xml version="1.0" encoding="UTF-8"?>
<Database>
  <GameDBStringTable ID="ADDON_MOD_ONCOLOGYSL">
    <LanguageCode>zh-Hans</LanguageCode>
    <LanguageNameLocalized>简体中文</LanguageNameLocalized>
    <Contributors>
      <Name>Sleepy068</Name>
    </Contributors>
    <LocalizedStrings>
      <GameDBLocalizedString>
        <LocID>ADDON_MOD_ONCOLOGYSL</LocID>
        <Text>肿瘤科</Text>
      </GameDBLocalizedString>
    </LocalizedStrings>
  </GameDBStringTable>
</Database>